Latitude (decimal degrees):	12.307
Longitude (decimal degrees):	76.650
Elevation (m):	756
Radiation database:	PVGIS-ERA5


Slope: 0 deg. 
Azimuth: 0 deg. 
Nominal power of the PV system (c-Si) (kWp):	1.0
System losses (%):	14.0
time,P,Gb(i),Gd(i),Gr(i),H_sun,T2m,WS10m,Int
20230101:0030,0.0,0.0,0.0,0.0,0.0,17.33,0.48,0.0
20230101:0130,5.82,18.75,12.25,0.0,2.66,17.19,0.28,0.0
20230101:0230,156.77,160.2,67.3,0.0,15.8,17.05,0.34,0.0
20230101:0330,351.12,360.11,94.35,0.0,28.29,19.39,0.41,0.0
20230101:0430,501.99,539.86,110.75,0.0,39.62,22.3,0.9,0.0
20230101:0530,600.41,670.76,120.35,0.0,48.78,24.26,1.24,0.0
20230101:0630,649.39,735.41,126.05,0.0,54.08,25.75,1.79,0.0
20230101:0730,645.18,726.76,127.75,0.0,53.76,26.62,2.14,0.0
20230101:0830,582.02,632.96,132.2,0.0,47.96,27.26,2.28,0.0
20230101:0930,468.23,489.61,122.3,0.0,38.5,27.58,2.21,0.0
20230101:1030,312.0,321.06,95.0,0.0,27.01,27.59,2.14,0.0
20230101:1130,125.09,133.75,62.8,0.0,14.43,27.29,2.07,0.0
20230101:1230,2.7,0.0,12.15,0.0,1.24,26.26,1.59,0.0
20230101:1330,0.0,0.0,0.0,0.0,0.0,24.38,1.86,0.0
20230101:1430,0.0,0.0,0.0,0.0,0.0,22.52,1.93,0.0
20230101:1530,0.0,0.0,0.0,0.0,0.0,21.01,1.93,0.0
20230101:1630,0.0,0.0,0.0,0.0,0.0,19.95,2.14,0.0
20230101:1730,0.0,0.0,0.0,0.0,0.0,19.23,2.28,0.0
20230101:1830,0.0,0.0,0.0,0.0,0.0,18.95,2.55,0.0
20230101:1930,0.0,0.0,0.0,0.0,0.0,18.67,2.55,0.0
20230101:2030,0.0,0.0,0.0,0.0,0.0,18.44,2.69,0.0
20230101:2130,0.0,0.0,0.0,0.0,0.0,18.17,2.62,0.0
20230101:2230,0.0,0.0,0.0,0.0,0.0,17.69,2.48,0.0
20230101:2330,0.0,0.0,0.0,0.0,0.0,17.13,2.21,0.0
20230102:0030,0.0,0.0,0.0,0.0,0.0,16.5,2.14,0.0
20230102:0130,5.71,18.4,12.2,0.0,2.58,15.86,2.14,0.0
20230102:0230,159.51,161.45,67.35,0.0,15.74,15.83,1.86,0.0
20230102:0330,355.09,356.21,97.25,0.0,28.25,19.49,1.93,0.0
20230102:0430,519.47,548.46,109.65,0.0,39.6,21.82,2.69,0.0
20230102:0530,624.45,682.86,119.1,0.0,48.8,23.82,3.1,0.0
20230102:0630,677.17,756.46,121.7,0.0,54.14,25.45,3.59,0.0
20230102:0730,673.91,754.81,120.3,0.0,53.87,26.35,3.86,0.0
20230102:0830,613.44,679.21,114.95,0.0,48.09,27.05,3.86,0.0
20230102:0930,498.73,538.51,105.05,0.0,38.63,27.32,3.72,0.0
20230102:1030,332.16,349.46,88.8,0.0,27.14,27.2,3.52,0.0
20230102:1130,132.39,144.6,61.4,0.0,14.56,26.7,3.31,0.0
20230102:1230,2.87,0.0,12.45,0.0,1.36,25.38,2.55,0.0
20230102:1330,0.0,0.0,0.0,0.0,0.0,23.44,2.76,0.0
20230102:1430,0.0,0.0,0.0,0.0,0.0,22.11,2.83,0.0
20230102:1530,0.0,0.0,0.0,0.0,0.0,21.14,2.76,0.0
20230102:1630,0.0,0.0,0.0,0.0,0.0,20.34,2.69,0.0
20230102:1730,0.0,0.0,0.0,0.0,0.0,19.59,2.62,0.0
20230102:1830,0.0,0.0,0.0,0.0,0.0,18.87,2.41,0.0
20230102:1930,0.0,0.0,0.0,0.0,0.0,18.18,2.07,0.0
20230102:2030,0.0,0.0,0.0,0.0,0.0,17.2,1.93,0.0
20230102:2130,0.0,0.0,0.0,0.0,0.0,16.28,1.93,0.0
20230102:2230,0.0,0.0,0.0,0.0,0.0,15.64,2.0,0.0
20230102:2330,0.0,0.0,0.0,0.0,0.0,15.17,2.07,0.0
20230103:0030,0.0,0.0,0.0,0.0,0.0,14.88,2.14,0.0
20230103:0130,5.43,17.45,12.03,0.0,2.51,14.7,2.14,0.0
20230103:0230,156.54,155.45,68.55,0.0,15.68,15.1,1.86,0.0
20230103:0330,352.78,351.26,97.55,0.0,28.2,19.0,2.14,0.0
20230103:0430,512.47,529.56,118.45,0.0,39.58,21.4,2.62,0.0
20230103:0530,618.84,672.61,120.85,0.0,48.82,23.37,2.97,0.0
20230103:0630,670.05,739.81,126.05,0.0,54.21,24.84,3.52,0.0
20230103:0730,659.16,725.06,130.55,0.0,53.98,25.63,3.38,0.0
20230103:0830,600.17,643.76,133.45,0.0,48.22,26.27,3.31,0.0
20230103:0930,476.71,490.36,124.1,0.0,38.77,26.64,3.24,0.0
20230103:1030,315.63,311.31,104.45,0.0,27.28,26.6,3.17,0.0
20230103:1130,126.49,129.3,66.3,0.0,14.69,26.26,3.1,0.0
20230103:1230,3.21,0.0,13.1,0.0,1.48,25.25,2.48,0.0
20230103:1330,0.0,0.0,0.0,0.0,0.0,23.58,2.41,0.0
20230103:1430,0.0,0.0,0.0,0.0,0.0,22.38,2.48,0.0
20230103:1530,0.0,0.0,0.0,0.0,0.0,21.37,2.55,0.0
20230103:1630,0.0,0.0,0.0,0.0,0.0,20.59,2.62,0.0
20230103:1730,0.0,0.0,0.0,0.0,0.0,19.91,2.62,0.0
20230103:1830,0.0,0.0,0.0,0.0,0.0,19.5,2.55,0.0
20230103:1930,0.0,0.0,0.0,0.0,0.0,19.12,2.48,0.0
20230103:2030,0.0,0.0,0.0,0.0,0.0,18.55,2.55,0.0
20230103:2130,0.0,0.0,0.0,0.0,0.0,18.05,2.34,0.0
20230103:2230,0.0,0.0,0.0,0.0,0.0,17.56,2.21,0.0
20230103:2330,0.0,0.0,0.0,0.0,0.0,17.23,2.0,0.0
20230104:0030,0.0,0.0,0.0,0.0,0.0,17.01,1.93,0.0
20230104:0130,5.55,13.3,13.51,0.0,2.44,16.74,1.93,0.0
20230104:0230,142.81,135.05,71.7,0.0,15.62,16.91,1.72,0.0
20230104:0330,348.0,342.81,99.85,0.0,28.17,18.95,2.14,0.0
20230104:0430,500.69,509.56,123.25,0.0,39.57,21.25,2.48,0.0
20230104:0530,618.25,668.26,122.95,0.0,48.85,23.17,3.03,0.0
20230104:0630,656.3,699.51,147.9,0.0,54.29,24.77,3.45,0.0
20230104:0730,664.78,733.31,130.35,0.0,54.11,25.63,3.38,0.0
20230104:0830,602.63,658.46,122.6,0.0,48.36,26.47,3.31,0.0
20230104:0930,492.63,527.91,108.0,0.0,38.91,26.8,3.24,0.0
20230104:1030,332.02,346.06,91.2,0.0,27.41,26.78,3.24,0.0
20230104:1130,134.29,143.6,63.5,0.0,14.82,26.32,3.17,0.0
20230104:1230,3.26,0.0,13.2,0.0,1.6,25.26,2.69,0.0
20230104:1330,0.0,0.0,0.0,0.0,0.0,23.41,2.69,0.0
20230104:1430,0.0,0.0,0.0,0.0,0.0,22.18,2.69,0.0
20230104:1530,0.0,0.0,0.0,0.0,0.0,21.33,2.69,0.0
20230104:1630,0.0,0.0,0.0,0.0,0.0,20.58,2.76,0.0
20230104:1730,0.0,0.0,0.0,0.0,0.0,20.07,3.03,0.0
20230104:1830,0.0,0.0,0.0,0.0,0.0,19.57,3.17,0.0
20230104:1930,0.0,0.0,0.0,0.0,0.0,18.9,2.83,0.0
20230104:2030,0.0,0.0,0.0,0.0,0.0,18.46,2.76,0.0
20230104:2130,0.0,0.0,0.0,0.0,0.0,18.06,2.69,0.0
20230104:2230,0.0,0.0,0.0,0.0,0.0,17.7,2.69,0.0
20230104:2330,0.0,0.0,0.0,0.0,0.0,17.74,2.76,0.0
20230105:0030,0.0,0.0,0.0,0.0,0.0,17.92,2.9,0.0
20230105:0130,3.78,8.05,11.85,0.0,2.37,17.89,2.83,0.0
20230105:0230,101.71,79.95,70.75,0.0,15.57,17.89,2.55,0.0
20230105:0330,232.86,161.6,135.45,0.0,28.13,18.87,3.66,0.0
20230105:0430,424.91,360.01,167.5,0.0,39.56,19.94,3.52,0.0
20230105:0530,595.39,604.21,146.75,0.0,48.88,21.53,3.38,0.0
20230105:0630,649.19,652.36,178.5,0.0,54.38,23.23,3.52,0.0
20230105:0730,646.52,680.96,149.55,0.0,54.23,24.64,3.72,0.0
20230105:0830,602.39,629.41,145.2,0.0,48.51,25.61,3.72,0.0
20230105:0930,460.54,458.86,131.45,0.0,39.06,26.32,3.59,0.0
20230105:1030,300.21,293.01,101.4,0.0,27.55,26.52,3.59,0.0
20230105:1130,121.96,122.6,65.5,0.0,14.95,26.26,3.59,0.0
20230105:1230,3.79,0.0,14.2,0.0,1.73,25.27,3.1,0.0
20230105:1330,0.0,0.0,0.0,0.0,0.0,23.57,3.24,0.0
20230105:1430,0.0,0.0,0.0,0.0,0.0,22.55,3.38,0.0
20230105:1530,0.0,0.0,0.0,0.0,0.0,21.78,3.31,0.0
20230105:1630,0.0,0.0,0.0,0.0,0.0,21.04,3.17,0.0
20230105:1730,0.0,0.0,0.0,0.0,0.0,20.44,3.03,0.0
20230105:1830,0.0,0.0,0.0,0.0,0.0,19.86,2.97,0.0
20230105:1930,0.0,0.0,0.0,0.0,0.0,19.53,2.76,0.0
20230105:2030,0.0,0.0,0.0,0.0,0.0,19.09,2.62,0.0
20230105:2130,0.0,0.0,0.0,0.0,0.0,18.5,2.34,0.0
20230105:2230,0.0,0.0,0.0,0.0,0.0,18.08,2.07,0.0
20230105:2330,0.0,0.0,0.0,0.0,0.0,17.53,2.0,0.0
20230106:0030,0.0,0.0,0.0,0.0,0.0,16.95,2.07,0.0
20230106:0130,4.72,15.7,11.68,0.0,2.3,16.63,2.07,0.0
20230106:0230,133.22,115.4,77.2,0.0,15.52,16.72,2.0,0.0
20230106:0330,331.82,315.76,104.25,0.0,28.1,18.58,2.69,0.0
20230106:0430,510.75,521.56,117.15,0.0,39.56,20.6,3.38,0.0
20230106:0530,623.04,665.66,126.0,0.0,48.92,22.4,3.38,0.0
20230106:0630,672.23,738.46,126.25,0.0,54.47,24.1,3.59,0.0
20230106:0730,666.85,736.51,125.0,0.0,54.37,25.47,3.79,0.0
20230106:0830,603.29,654.51,121.8,0.0,48.66,26.42,4.0,0.0
20230106:0930,481.45,501.26,116.25,0.0,39.2,26.97,4.07,0.0
20230106:1030,206.12,134.65,140.4,0.0,27.69,27.21,4.14,0.0
20230106:1130,72.76,14.35,96.4,0.0,15.08,26.68,3.93,0.0
20230106:1230,2.87,0.0,12.45,0.0,1.85,25.85,3.66,0.0
20230106:1330,0.0,0.0,0.0,0.0,0.0,24.57,3.72,0.0
20230106:1430,0.0,0.0,0.0,0.0,0.0,23.86,3.86,0.0
20230106:1530,0.0,0.0,0.0,0.0,0.0,22.96,3.59,0.0
20230106:1630,0.0,0.0,0.0,0.0,0.0,22.28,3.38,0.0
20230106:1730,0.0,0.0,0.0,0.0,0.0,21.26,3.17,0.0
20230106:1830,0.0,0.0,0.0,0.0,0.0,20.36,3.03,0.0
20230106:1930,0.0,0.0,0.0,0.0,0.0,19.48,2.69,0.0
20230106:2030,0.0,0.0,0.0,0.0,0.0,18.8,2.48,0.0
20230106:2130,0.0,0.0,0.0,0.0,0.0,18.14,2.34,0.0
20230106:2230,0.0,0.0,0.0,0.0,0.0,17.55,2.21,0.0
20230106:2330,0.0,0.0,0.0,0.0,0.0,17.06,2.21,0.0
20230107:0030,0.0,0.0,0.0,0.0,0.0,16.66,2.14,0.0
20230107:0130,3.94,0.0,14.05,0.0,2.24,16.31,2.21,0.0
20230107:0230,148.43,147.75,67.35,0.0,15.47,16.51,2.07,0.0
20230107:0330,347.03,345.01,94.3,0.0,28.08,18.61,2.69,0.0
20230107:0430,512.07,531.31,110.5,0.0,39.57,20.74,3.17,0.0
20230107:0530,618.61,665.36,119.6,0.0,48.97,22.59,3.52,0.0
20230107:0630,649.3,678.76,154.25,0.0,54.57,24.17,3.66,0.0
20230107:0730,627.68,642.46,162.3,0.0,54.51,25.06,3.93,0.0
20230107:0830,492.44,417.41,211.95,0.0,48.82,26.3,3.93,0.0
20230107:0930,253.39,73.25,257.85,0.0,39.36,26.83,3.79,0.0
20230107:1030,91.06,5.85,125.5,0.0,27.84,26.39,3.72,0.0
20230107:1130,23.07,2.35,41.7,0.0,15.21,25.43,3.79,0.0
20230107:1230,1.62,0.0,9.85,0.0,1.98,24.51,3.66,0.0
20230107:1330,0.0,0.0,0.0,0.0,0.0,23.72,3.45,0.0
20230107:1430,0.0,0.0,0.0,0.0,0.0,22.83,3.1,0.0
20230107:1530,0.0,0.0,0.0,0.0,0.0,22.2,2.97,0.0
20230107:1630,0.0,0.0,0.0,0.0,0.0,21.37,2.76,0.0
20230107:1730,0.0,0.0,0.0,0.0,0.0,20.55,2.62,0.0
20230107:1830,0.0,0.0,0.0,0.0,0.0,19.94,2.48,0.0
20230107:1930,0.0,0.0,0.0,0.0,0.0,19.67,2.07,0.0
20230107:2030,0.0,0.0,0.0,0.0,0.0,19.13,2.28,0.0
20230107:2130,0.0,0.0,0.0,0.0,0.0,18.67,2.28,0.0
20230107:2230,0.0,0.0,0.0,0.0,0.0,18.1,2.21,0.0
20230107:2330,0.0,0.0,0.0,0.0,0.0,17.76,2.0,0.0
20230108:0030,0.0,0.0,0.0,0.0,0.0,17.3,1.86,0.0
20230108:0130,4.21,0.0,14.55,0.0,2.18,16.76,1.72,0.0
20230108:0230,137.62,132.95,67.9,0.0,15.43,16.73,1.38,0.0
20230108:0330,334.85,324.01,104.65,0.0,28.06,19.7,1.79,0.0
20230108:0430,486.28,466.31,146.25,0.0,39.58,21.88,3.17,0.0
20230108:0530,555.63,547.26,158.0,0.0,49.02,23.56,3.38,0.0
20230108:0630,580.94,581.16,162.2,0.0,54.68,24.84,3.38,0.0
20230108:0730,537.3,456.71,234.6,0.0,54.66,25.34,2.97,0.0
20230108:0830,404.97,303.95,216.15,0.0,48.98,26.08,2.55,0.0
20230108:0930,341.23,282.55,158.2,0.0,39.51,26.4,2.14,0.0
20230108:1030,259.78,209.9,134.6,0.0,27.98,26.55,2.0,0.0
20230108:1130,86.54,57.95,76.5,0.0,15.35,26.55,1.93,0.0
20230108:1230,3.33,0.0,13.35,0.0,2.1,25.72,1.72,0.0
20230108:1330,0.0,0.0,0.0,0.0,0.0,24.41,1.86,0.0
20230108:1430,0.0,0.0,0.0,0.0,0.0,23.17,2.0,0.0
20230108:1530,0.0,0.0,0.0,0.0,0.0,22.06,2.21,0.0
20230108:1630,0.0,0.0,0.0,0.0,0.0,21.03,2.34,0.0
20230108:1730,0.0,0.0,0.0,0.0,0.0,20.07,2.34,0.0
20230108:1830,0.0,0.0,0.0,0.0,0.0,19.16,2.34,0.0
20230108:1930,0.0,0.0,0.0,0.0,0.0,18.38,2.14,0.0
20230108:2030,0.0,0.0,0.0,0.0,0.0,17.85,2.48,0.0
20230108:2130,0.0,0.0,0.0,0.0,0.0,17.66,2.69,0.0
20230108:2230,0.0,0.0,0.0,0.0,0.0,17.29,2.83,0.0
20230108:2330,0.0,0.0,0.0,0.0,0.0,16.83,2.69,0.0
20230109:0030,0.0,0.0,0.0,0.0,0.0,16.44,2.48,0.0
20230109:0130,5.37,0.0,16.5,0.0,2.12,16.12,2.41,0.0
20230109:0230,128.77,95.4,88.95,0.0,15.39,16.3,2.28,0.0
20230109:0330,304.93,235.95,147.85,0.0,28.04,17.97,3.45,0.0
20230109:0430,451.69,408.51,155.2,0.0,39.59,20.02,2.9,0.0
20230109:0530,623.77,671.86,126.2,0.0,49.08,21.86,2.55,0.0
20230109:0630,677.73,754.56,126.85,0.0,54.79,23.85,2.69,0.0
20230109:0730,677.87,760.61,123.65,0.0,54.82,25.1,2.97,0.0
20230109:0830,621.22,691.66,117.6,0.0,49.15,26.11,2.9,0.0
20230109:0930,510.98,554.51,108.4,0.0,39.68,26.7,2.76,0.0
20230109:1030,348.32,367.26,92.0,0.0,28.13,26.88,2.62,0.0
20230109:1130,148.59,162.0,63.9,0.0,15.49,26.6,2.55,0.0
20230109:1230,4.25,0.0,15.05,0.0,2.22,25.5,2.0,0.0
20230109:1330,0.0,0.0,0.0,0.0,0.0,23.43,2.48,0.0
20230109:1430,0.0,0.0,0.0,0.0,0.0,21.8,2.55,0.0
20230109:1530,0.0,0.0,0.0,0.0,0.0,20.5,2.62,0.0
20230109:1630,0.0,0.0,0.0,0.0,0.0,19.39,2.55,0.0
20230109:1730,0.0,0.0,0.0,0.0,0.0,18.4,2.48,0.0
20230109:1830,0.0,0.0,0.0,0.0,0.0,17.43,2.41,0.0
20230109:1930,0.0,0.0,0.0,0.0,0.0,16.44,2.34,0.0
20230109:2030,0.0,0.0,0.0,0.0,0.0,15.54,2.34,0.0
20230109:2130,0.0,0.0,0.0,0.0,0.0,14.71,2.34,0.0
20230109:2230,0.0,0.0,0.0,0.0,0.0,13.95,2.28,0.0
20230109:2330,0.0,0.0,0.0,0.0,0.0,13.28,2.28,0.0
20230110:0030,0.0,0.0,0.0,0.0,0.0,12.72,2.28,0.0
20230110:0130,4.84,0.0,15.4,0.0,2.07,12.25,2.28,0.0
20230110:0230,163.01,166.1,65.6,0.0,15.35,12.38,1.86,0.0
20230110:0330,373.3,379.11,92.6,0.0,28.03,16.82,1.79,0.0
20230110:0430,539.58,572.11,108.2,0.0,39.61,19.74,2.34,0.0
20230110:0530,649.02,713.86,117.45,0.0,49.15,22.04,2.83,0.0
20230110:0630,700.04,788.46,121.3,0.0,54.91,23.91,3.03,0.0
20230110:0730,695.64,790.51,120.05,0.0,54.98,25.17,2.97,0.0
20230110:0830,637.27,716.61,114.8,0.0,49.32,26.25,3.03,0.0
20230110:0930,524.71,574.71,105.25,0.0,39.84,26.87,3.1,0.0
20230110:1030,358.86,381.81,90.0,0.0,28.28,27.0,3.1,0.0
20230110:1130,154.01,168.45,64.3,0.0,15.62,26.58,3.1,0.0
20230110:1230,4.24,18.3,10.57,0.0,2.35,25.33,2.41,0.0
20230110:1330,0.0,0.0,0.0,0.0,0.0,23.1,2.69,0.0
20230110:1430,0.0,0.0,0.0,0.0,0.0,21.54,2.69,0.0
20230110:1530,0.0,0.0,0.0,0.0,0.0,20.33,2.62,0.0
20230110:1630,0.0,0.0,0.0,0.0,0.0,19.34,2.55,0.0
20230110:1730,0.0,0.0,0.0,0.0,0.0,18.5,2.55,0.0
20230110:1830,0.0,0.0,0.0,0.0,0.0,17.7,2.48,0.0
20230110:1930,0.0,0.0,0.0,0.0,0.0,17.01,2.28,0.0
20230110:2030,0.0,0.0,0.0,0.0,0.0,16.14,2.21,0.0
20230110:2130,0.0,0.0,0.0,0.0,0.0,15.23,2.07,0.0
20230110:2230,0.0,0.0,0.0,0.0,0.0,14.28,1.93,0.0
20230110:2330,0.0,0.0,0.0,0.0,0.0,13.45,1.86,0.0
20230111:0030,0.0,0.0,0.0,0.0,0.0,12.9,1.72,0.0
20230111:0130,4.77,0.0,15.3,0.0,2.02,12.47,1.72,0.0
20230111:0230,160.64,163.45,65.8,0.0,15.32,12.78,1.52,0.0
20230111:0330,368.1,376.36,92.8,0.0,28.02,17.36,1.1,0.0
20230111:0430,529.46,569.81,108.7,0.0,39.64,20.38,1.24,0.0
20230111:0530,635.72,713.56,117.4,0.0,49.22,22.74,1.59,0.0
20230111:0630,689.36,789.26,121.4,0.0,55.04,24.71,2.14,0.0
20230111:0730,690.88,792.26,119.85,0.0,55.15,25.95,2.62,0.0
20230111:0830,634.83,719.71,114.5,0.0,49.49,27.0,2.76,0.0
20230111:0930,524.32,578.96,105.15,0.0,40.01,27.56,2.76,0.0
20230111:1030,360.82,386.66,89.95,0.0,28.44,27.7,2.83,0.0
20230111:1130,156.74,172.65,64.5,0.0,15.76,27.34,2.76,0.0
20230111:1230,4.64,19.45,10.83,0.0,2.48,26.0,2.14,0.0
20230111:1330,0.0,0.0,0.0,0.0,0.0,23.79,2.55,0.0
20230111:1430,0.0,0.0,0.0,0.0,0.0,22.02,2.62,0.0
20230111:1530,0.0,0.0,0.0,0.0,0.0,20.66,2.55,0.0
20230111:1630,0.0,0.0,0.0,0.0,0.0,19.45,2.48,0.0
20230111:1730,0.0,0.0,0.0,0.0,0.0,18.28,2.34,0.0
20230111:1830,0.0,0.0,0.0,0.0,0.0,17.05,2.28,0.0
20230111:1930,0.0,0.0,0.0,0.0,0.0,15.75,2.0,0.0
20230111:2030,0.0,0.0,0.0,0.0,0.0,14.75,1.93,0.0
20230111:2130,0.0,0.0,0.0,0.0,0.0,13.92,1.93,0.0
20230111:2230,0.0,0.0,0.0,0.0,0.0,13.29,2.0,0.0
20230111:2330,0.0,0.0,0.0,0.0,0.0,12.8,2.07,0.0
20230112:0030,0.0,0.0,0.0,0.0,0.0,12.36,2.0,0.0
20230112:0130,4.55,0.0,14.9,0.0,1.97,12.03,1.93,0.0
20230112:0230,160.32,164.2,64.75,0.0,15.29,12.68,1.59,0.0
20230112:0330,367.63,377.36,91.25,0.0,28.02,17.52,1.17,0.0
20230112:0430,528.31,570.16,107.0,0.0,39.67,21.04,1.45,0.0
20230112:0530,634.44,712.06,116.45,0.0,49.3,23.68,1.93,0.0
20230112:0630,690.09,789.76,119.85,0.0,55.18,25.7,2.62,0.0
20230112:0730,685.67,792.76,118.9,0.0,55.32,26.81,2.41,0.0
20230112:0830,629.54,719.76,114.4,0.0,49.68,27.81,2.41,0.0
20230112:0930,520.58,579.66,105.15,0.0,40.18,28.37,2.34,0.0
20230112:1030,359.37,387.96,89.95,0.0,28.59,28.51,2.34,0.0
20230112:1130,157.38,174.1,64.7,0.0,15.9,28.18,2.28,0.0
20230112:1230,5.01,20.15,11.14,0.0,2.6,26.78,1.86,0.0
20230112:1330,0.0,0.0,0.0,0.0,0.0,24.41,2.34,0.0
20230112:1430,0.0,0.0,0.0,0.0,0.0,22.33,2.55,0.0
20230112:1530,0.0,0.0,0.0,0.0,0.0,20.82,2.62,0.0
20230112:1630,0.0,0.0,0.0,0.0,0.0,19.6,2.55,0.0
20230112:1730,0.0,0.0,0.0,0.0,0.0,18.36,2.41,0.0
20230112:1830,0.0,0.0,0.0,0.0,0.0,17.0,2.21,0.0
20230112:1930,0.0,0.0,0.0,0.0,0.0,16.68,1.38,0.0
20230112:2030,0.0,0.0,0.0,0.0,0.0,18.09,0.76,0.0
20230112:2130,0.0,0.0,0.0,0.0,0.0,17.36,0.28,0.0
20230112:2230,0.0,0.0,0.0,0.0,0.0,16.8,0.83,0.0
20230112:2330,0.0,0.0,0.0,0.0,0.0,14.85,1.17,0.0
20230113:0030,0.0,0.0,0.0,0.0,0.0,14.73,1.17,0.0
20230113:0130,6.51,0.0,18.35,0.0,1.93,15.57,0.9,0.0
20230113:0230,149.58,130.25,84.35,0.0,15.27,15.33,0.48,0.0
20230113:0330,353.37,332.11,120.95,0.0,28.02,16.97,0.28,0.0
20230113:0430,511.44,525.46,135.85,0.0,39.71,21.18,0.83,0.0
20230113:0530,617.29,674.41,140.4,0.0,49.39,23.6,1.17,0.0
20230113:0630,660.04,731.51,155.7,0.0,55.32,25.56,1.24,0.0
20230113:0730,661.91,753.96,139.9,0.0,55.5,26.91,1.38,0.0
20230113:0830,609.21,677.86,137.95,0.0,49.86,27.85,1.59,0.0
20230113:0930,500.68,532.66,129.0,0.0,40.35,28.35,1.79,0.0
20230113:1030,342.02,334.81,120.8,0.0,28.75,28.46,1.93,0.0
20230113:1130,147.23,130.25,89.8,0.0,16.04,28.15,2.0,0.0
20230113:1230,8.08,10.7,18.75,0.0,2.73,26.89,1.72,0.0
20230113:1330,0.0,0.0,0.0,0.0,0.0,24.68,2.21,0.0
20230113:1430,0.0,0.0,0.0,0.0,0.0,22.8,2.48,0.0
20230113:1530,0.0,0.0,0.0,0.0,0.0,21.44,2.55,0.0
20230113:1630,0.0,0.0,0.0,0.0,0.0,20.42,2.55,0.0
20230113:1730,0.0,0.0,0.0,0.0,0.0,19.38,2.41,0.0
20230113:1830,0.0,0.0,0.0,0.0,0.0,18.25,2.14,0.0
20230113:1930,0.0,0.0,0.0,0.0,0.0,16.93,1.93,0.0
20230113:2030,0.0,0.0,0.0,0.0,0.0,15.72,1.93,0.0
20230113:2130,0.0,0.0,0.0,0.0,0.0,14.73,1.93,0.0
20230113:2230,0.0,0.0,0.0,0.0,0.0,14.0,1.93,0.0
20230113:2330,0.0,0.0,0.0,0.0,0.0,13.39,2.0,0.0
20230114:0030,0.0,0.0,0.0,0.0,0.0,12.98,1.93,0.0
20230114:0130,5.0,0.0,15.7,0.0,1.88,12.83,1.79,0.0
20230114:0230,155.75,154.2,69.0,0.0,15.25,13.55,1.38,0.0
20230114:0330,362.34,363.36,100.1,0.0,28.02,17.74,0.9,0.0
20230114:0430,527.31,572.06,107.35,0.0,39.75,21.29,1.17,0.0
20230114:0530,631.96,716.91,116.55,0.0,49.48,23.8,1.38,0.0
20230114:0630,682.42,779.91,129.75,0.0,55.46,25.84,1.93,0.0
20230114:0730,673.74,761.66,138.1,0.0,55.69,27.07,2.14,0.0
20230114:0830,629.53,718.41,118.55,0.0,50.05,28.04,2.28,0.0
20230114:0930,522.91,583.36,105.9,0.0,40.52,28.6,2.28,0.0
20230114:1030,362.76,391.36,91.2,0.0,28.9,28.78,2.34,0.0
20230114:1130,161.56,178.95,65.0,0.0,16.18,28.49,2.41,0.0
20230114:1230,5.85,21.8,11.72,0.0,2.85,27.16,1.86,0.0
20230114:1330,0.0,0.0,0.0,0.0,0.0,24.89,2.28,0.0
20230114:1430,0.0,0.0,0.0,0.0,0.0,22.74,2.34,0.0
20230114:1530,0.0,0.0,0.0,0.0,0.0,20.98,2.41,0.0
20230114:1630,0.0,0.0,0.0,0.0,0.0,19.54,2.48,0.0
20230114:1730,0.0,0.0,0.0,0.0,0.0,18.35,2.48,0.0
20230114:1830,0.0,0.0,0.0,0.0,0.0,17.14,2.34,0.0
20230114:1930,0.0,0.0,0.0,0.0,0.0,15.94,2.14,0.0
20230114:2030,0.0,0.0,0.0,0.0,0.0,15.53,1.66,0.0
20230114:2130,0.0,0.0,0.0,0.0,0.0,16.72,1.17,0.0
20230114:2230,0.0,0.0,0.0,0.0,0.0,17.11,0.9,0.0
20230114:2330,0.0,0.0,0.0,0.0,0.0,16.15,1.1,0.0
20230115:0030,0.0,0.0,0.0,0.0,0.0,14.99,1.17,0.0
20230115:0130,4.22,0.0,14.5,0.0,1.85,15.29,1.03,0.0
20230115:0230,158.06,165.85,64.0,0.0,15.23,15.43,0.76,0.0
20230115:0330,366.97,380.71,90.3,0.0,28.03,17.28,0.41,0.0
20230115:0430,525.52,574.71,106.3,0.0,39.8,21.38,0.83,0.0
20230115:0530,630.1,718.61,115.8,0.0,49.57,23.88,1.17,0.0
20230115:0630,684.29,797.76,119.55,0.0,55.62,25.9,1.66,0.0
20230115:0730,685.7,795.86,122.15,0.0,55.88,27.19,2.14,0.0
20230115:0830,629.55,719.16,120.1,0.0,50.25,28.14,2.14,0.0
20230115:0930,517.34,562.21,120.3,0.0,40.7,28.68,2.21,0.0
20230115:1030,362.54,387.26,95.05,0.0,29.06,28.81,2.28,0.0
20230115:1130,162.35,172.95,70.85,0.0,16.32,28.52,2.34,0.0
20230115:1230,7.06,16.85,15.02,0.0,2.98,27.19,1.86,0.0
20230115:1330,0.0,0.0,0.0,0.0,0.0,24.86,2.41,0.0
20230115:1430,0.0,0.0,0.0,0.0,0.0,22.79,2.62,0.0
20230115:1530,0.0,0.0,0.0,0.0,0.0,21.39,2.69,0.0
20230115:1630,0.0,0.0,0.0,0.0,0.0,20.27,2.76,0.0
20230115:1730,0.0,0.0,0.0,0.0,0.0,19.38,2.69,0.0
20230115:1830,0.0,0.0,0.0,0.0,0.0,18.57,2.62,0.0
20230115:1930,0.0,0.0,0.0,0.0,0.0,17.27,1.86,0.0
20230115:2030,0.0,0.0,0.0,0.0,0.0,16.22,1.38,0.0
20230115:2130,0.0,0.0,0.0,0.0,0.0,16.63,1.03,0.0
20230115:2230,0.0,0.0,0.0,0.0,0.0,16.25,0.83,0.0
20230115:2330,0.0,0.0,0.0,0.0,0.0,15.78,0.76,0.0
20230116:0030,0.0,0.0,0.0,0.0,0.0,15.21,0.76,0.0
20230116:0130,4.19,0.0,14.4,0.0,1.81,14.6,0.69,0.0
20230116:0230,158.13,165.9,63.2,0.0,15.22,14.32,0.62,0.0
20230116:0330,366.54,382.26,88.1,0.0,28.05,17.25,0.41,0.0
20230116:0430,521.34,569.41,107.3,0.0,39.85,20.91,0.55,0.0
20230116:0530,620.02,709.66,119.25,0.0,49.68,23.49,0.55,0.0
20230116:0630,666.34,785.06,123.2,0.0,55.78,25.63,0.69,0.0
20230116:0730,667.75,771.41,134.2,0.0,56.08,27.21,1.31,0.0
20230116:0830,622.12,714.11,120.5,0.0,50.45,28.31,1.72,0.0
20230116:0930,516.95,573.36,111.4,0.0,40.88,28.91,1.93,0.0
20230116:1030,361.54,388.81,93.05,0.0,29.22,29.08,2.14,0.0
20230116:1130,162.81,178.4,66.55,0.0,16.46,28.82,2.28,0.0
20230116:1230,6.62,22.8,12.31,0.0,3.1,27.63,1.86,0.0
20230116:1330,0.0,0.0,0.0,0.0,0.0,25.45,2.41,0.0
20230116:1430,0.0,0.0,0.0,0.0,0.0,23.54,2.55,0.0
20230116:1530,0.0,0.0,0.0,0.0,0.0,22.2,2.62,0.0
20230116:1630,0.0,0.0,0.0,0.0,0.0,21.05,2.62,0.0
20230116:1730,0.0,0.0,0.0,0.0,0.0,19.96,2.62,0.0
20230116:1830,0.0,0.0,0.0,0.0,0.0,18.96,2.62,0.0
20230116:1930,0.0,0.0,0.0,0.0,0.0,18.3,2.48,0.0
20230116:2030,0.0,0.0,0.0,0.0,0.0,17.53,2.41,0.0
20230116:2130,0.0,0.0,0.0,0.0,0.0,16.78,2.28,0.0
20230116:2230,0.0,0.0,0.0,0.0,0.0,15.96,2.07,0.0
20230116:2330,0.0,0.0,0.0,0.0,0.0,15.01,1.93,0.0
20230117:0030,0.0,0.0,0.0,0.0,0.0,14.16,1.72,0.0
20230117:0130,4.06,0.0,14.15,0.0,1.78,14.02,1.52,0.0
20230117:0230,153.34,159.3,63.05,0.0,15.21,14.61,1.1,0.0
20230117:0330,358.89,371.66,88.95,0.0,28.07,18.19,0.76,0.0
20230117:0430,516.33,558.56,107.4,0.0,39.9,21.25,0.97,0.0
20230117:0530,617.25,700.16,117.35,0.0,49.78,23.66,0.97,0.0
20230117:0630,668.03,777.21,122.05,0.0,55.95,25.76,1.24,0.0
20230117:0730,673.44,783.51,121.3,0.0,56.29,27.19,1.79,0.0
20230117:0830,625.95,717.91,115.65,0.0,50.65,28.33,2.21,0.0
20230117:0930,523.11,583.41,105.85,0.0,41.07,28.93,2.41,0.0
20230117:1030,364.8,394.26,91.0,0.0,29.38,29.1,2.34,0.0
20230117:1130,164.99,181.15,66.3,0.0,16.61,28.8,2.41,0.0
20230117:1230,7.09,23.55,12.63,0.0,3.23,27.59,2.14,0.0
20230117:1330,0.0,0.0,0.0,0.0,0.0,25.07,2.76,0.0
20230117:1430,0.0,0.0,0.0,0.0,0.0,23.2,2.97,0.0
20230117:1530,0.0,0.0,0.0,0.0,0.0,22.0,3.1,0.0
20230117:1630,0.0,0.0,0.0,0.0,0.0,20.96,2.97,0.0
20230117:1730,0.0,0.0,0.0,0.0,0.0,19.93,2.69,0.0
20230117:1830,0.0,0.0,0.0,0.0,0.0,18.95,2.48,0.0
20230117:1930,0.0,0.0,0.0,0.0,0.0,18.1,2.21,0.0
20230117:2030,0.0,0.0,0.0,0.0,0.0,16.92,2.0,0.0
20230117:2130,0.0,0.0,0.0,0.0,0.0,15.6,1.93,0.0
20230117:2230,0.0,0.0,0.0,0.0,0.0,14.5,1.93,0.0
20230117:2330,0.0,0.0,0.0,0.0,0.0,13.69,2.0,0.0
20230118:0030,0.0,0.0,0.0,0.0,0.0,13.05,2.0,0.0
20230118:0130,4.21,0.0,14.35,0.0,1.76,12.59,2.0,0.0
20230118:0230,157.72,160.45,65.15,0.0,15.21,12.78,1.79,0.0
20230118:0330,368.52,374.16,93.2,0.0,28.09,17.65,1.79,0.0
20230118:0430,536.58,570.71,108.95,0.0,39.97,20.62,2.28,0.0
20230118:0530,636.24,695.11,126.7,0.0,49.9,23.11,2.48,0.0
20230118:0630,690.46,771.61,135.4,0.0,56.12,25.2,2.69,0.0
20230118:0730,690.65,772.91,137.95,0.0,56.5,26.6,2.97,0.0
20230118:0830,639.07,714.06,126.5,0.0,50.86,27.69,3.03,0.0
20230118:0930,532.37,584.76,110.5,0.0,41.25,28.28,3.03,0.0
20230118:1030,372.13,395.81,94.45,0.0,29.55,28.37,3.17,0.0
20230118:1130,169.47,182.95,68.5,0.0,16.75,28.0,3.24,0.0
20230118:1230,7.9,23.75,13.6,0.0,3.35,26.79,2.69,0.0
20230118:1330,0.0,0.0,0.0,0.0,0.0,24.43,2.83,0.0
20230118:1430,0.0,0.0,0.0,0.0,0.0,22.72,2.9,0.0
20230118:1530,0.0,0.0,0.0,0.0,0.0,21.49,2.9,0.0
20230118:1630,0.0,0.0,0.0,0.0,0.0,20.47,2.9,0.0
20230118:1730,0.0,0.0,0.0,0.0,0.0,19.65,2.83,0.0
20230118:1830,0.0,0.0,0.0,0.0,0.0,18.87,2.76,0.0
20230118:1930,0.0,0.0,0.0,0.0,0.0,18.19,2.55,0.0
20230118:2030,0.0,0.0,0.0,0.0,0.0,17.48,2.48,0.0
20230118:2130,0.0,0.0,0.0,0.0,0.0,16.76,2.48,0.0
20230118:2230,0.0,0.0,0.0,0.0,0.0,16.11,2.41,0.0
20230118:2330,0.0,0.0,0.0,0.0,0.0,15.54,2.41,0.0
20230119:0030,0.0,0.0,0.0,0.0,0.0,15.03,2.34,0.0
20230119:0130,4.24,0.0,14.5,0.0,1.74,14.72,2.21,0.0
20230119:0230,150.18,147.2,69.3,0.0,15.21,14.84,2.0,0.0
20230119:0330,354.67,342.91,104.4,0.0,28.12,17.25,2.21,0.0
20230119:0430,532.66,556.26,115.0,0.0,40.03,19.71,2.28,0.0
20230119:0530,647.6,718.36,120.0,0.0,50.02,22.1,2.07,0.0
20230119:0630,699.38,798.76,124.0,0.0,56.3,24.38,2.21,0.0
20230119:0730,701.67,808.26,122.0,0.0,56.72,25.98,2.48,0.0
20230119:0830,649.31,740.16,116.5,0.0,51.07,27.19,2.69,0.0
20230119:0930,542.05,601.06,107.25,0.0,41.44,27.81,2.83,0.0
20230119:1030,380.34,408.06,92.35,0.0,29.71,27.9,2.97,0.0
20230119:1130,174.77,190.3,67.75,0.0,16.89,27.51,3.03,0.0
20230119:1230,8.36,25.9,13.35,0.0,3.47,26.4,2.41,0.0
20230119:1330,0.0,0.0,0.0,0.0,0.0,24.17,2.62,0.0
20230119:1430,0.0,0.0,0.0,0.0,0.0,22.42,2.69,0.0
20230119:1530,0.0,0.0,0.0,0.0,0.0,21.11,2.76,0.0
20230119:1630,0.0,0.0,0.0,0.0,0.0,20.05,2.76,0.0
20230119:1730,0.0,0.0,0.0,0.0,0.0,19.13,2.69,0.0
20230119:1830,0.0,0.0,0.0,0.0,0.0,18.27,2.69,0.0
20230119:1930,0.0,0.0,0.0,0.0,0.0,17.48,2.55,0.0
20230119:2030,0.0,0.0,0.0,0.0,0.0,16.86,2.62,0.0
20230119:2130,0.0,0.0,0.0,0.0,0.0,16.27,2.62,0.0
20230119:2230,0.0,0.0,0.0,0.0,0.0,15.71,2.55,0.0
20230119:2330,0.0,0.0,0.0,0.0,0.0,15.18,2.41,0.0
20230120:0030,0.0,0.0,0.0,0.0,0.0,14.69,2.34,0.0
20230120:0130,4.28,0.0,14.55,0.0,1.72,14.28,2.21,0.0
20230120:0230,151.78,150.4,68.1,0.0,15.21,14.4,1.93,0.0
20230120:0330,364.09,361.46,97.3,0.0,28.15,17.14,2.28,0.0
20230120:0430,535.66,559.01,113.05,0.0,40.11,19.8,2.76,0.0
20230120:0530,650.25,709.81,121.1,0.0,50.14,21.94,2.97,0.0
20230120:0630,705.61,793.36,123.5,0.0,56.49,23.76,3.03,0.0
20230120:0730,706.77,803.36,120.6,0.0,56.94,24.84,3.03,0.0
20230120:0830,649.14,730.91,116.4,0.0,51.29,25.96,2.97,0.0
20230120:0930,538.5,586.41,111.9,0.0,41.63,26.6,2.9,0.0
20230120:1030,378.07,402.41,92.1,0.0,29.87,26.76,2.9,0.0
20230120:1130,172.8,185.1,68.35,0.0,17.03,26.43,2.97,0.0
20230120:1230,8.85,24.4,14.34,0.0,3.6,25.62,2.69,0.0
20230120:1330,0.0,0.0,0.0,0.0,0.0,23.68,2.55,0.0
20230120:1430,0.0,0.0,0.0,0.0,0.0,22.2,2.55,0.0
20230120:1530,0.0,0.0,0.0,0.0,0.0,21.22,2.48,0.0
20230120:1630,0.0,0.0,0.0,0.0,0.0,20.45,2.41,0.0
20230120:1730,0.0,0.0,0.0,0.0,0.0,19.79,2.41,0.0
20230120:1830,0.0,0.0,0.0,0.0,0.0,19.23,2.48,0.0
20230120:1930,0.0,0.0,0.0,0.0,0.0,18.49,2.21,0.0
20230120:2030,0.0,0.0,0.0,0.0,0.0,17.93,2.28,0.0
20230120:2130,0.0,0.0,0.0,0.0,0.0,17.44,2.41,0.0
20230120:2230,0.0,0.0,0.0,0.0,0.0,17.07,2.41,0.0
20230120:2330,0.0,0.0,0.0,0.0,0.0,16.95,2.28,0.0
20230121:0030,0.0,0.0,0.0,0.0,0.0,16.89,2.14,0.0
20230121:0130,4.33,0.0,14.75,0.0,1.7,16.79,2.14,0.0
20230121:0230,130.86,115.2,75.55,0.0,15.22,17.03,1.93,0.0
20230121:0330,322.54,294.05,113.8,0.0,28.19,19.07,3.31,0.0
20230121:0430,468.26,395.61,190.15,0.0,40.18,21.07,3.59,0.0
20230121:0530,547.36,489.61,205.3,0.0,50.28,22.9,3.1,0.0
20230121:0630,643.6,633.01,201.55,0.0,56.69,24.35,2.9,0.0
20230121:0730,667.62,697.01,175.75,0.0,57.17,25.82,3.1,0.0
20230121:0830,632.55,687.31,139.35,0.0,51.51,26.82,3.1,0.0
20230121:0930,523.12,551.46,128.45,0.0,41.82,27.42,2.97,0.0
20230121:1030,361.17,370.56,103.5,0.0,30.04,27.55,2.83,0.0
20230121:1130,160.13,155.8,79.25,0.0,17.17,27.29,2.76,0.0
20230121:1230,7.84,15.8,15.64,0.0,3.72,26.51,2.48,0.0
20230121:1330,0.0,0.0,0.0,0.0,0.0,24.96,2.28,0.0
20230121:1430,0.0,0.0,0.0,0.0,0.0,23.53,2.48,0.0
20230121:1530,0.0,0.0,0.0,0.0,0.0,22.48,2.69,0.0
20230121:1630,0.0,0.0,0.0,0.0,0.0,21.53,2.76,0.0
20230121:1730,0.0,0.0,0.0,0.0,0.0,20.72,2.62,0.0
20230121:1830,0.0,0.0,0.0,0.0,0.0,19.95,2.48,0.0
20230121:1930,0.0,0.0,0.0,0.0,0.0,19.11,2.0,0.0
20230121:2030,0.0,0.0,0.0,0.0,0.0,18.25,2.07,0.0
20230121:2130,0.0,0.0,0.0,0.0,0.0,17.53,2.21,0.0
20230121:2230,0.0,0.0,0.0,0.0,0.0,17.0,2.34,0.0
20230121:2330,0.0,0.0,0.0,0.0,0.0,16.6,2.41,0.0
20230122:0030,0.0,0.0,0.0,0.0,0.0,16.23,2.41,0.0
20230122:0130,4.2,0.0,14.5,0.0,1.69,16.07,2.34,0.0
20230122:0230,134.09,127.3,68.3,0.0,15.23,16.26,2.21,0.0
20230122:0330,328.16,287.25,126.9,0.0,28.23,18.25,2.83,0.0
20230122:0430,515.85,527.96,120.1,0.0,40.27,20.59,2.83,0.0
20230122:0530,626.84,676.71,126.45,0.0,50.41,22.79,2.83,0.0
20230122:0630,615.97,572.66,223.45,0.0,56.88,24.64,3.03,0.0
20230122:0730,646.14,651.16,187.3,0.0,57.41,25.48,3.31,0.0
20230122:0830,630.78,689.31,129.55,0.0,51.73,26.48,3.45,0.0
20230122:0930,526.85,567.76,111.85,0.0,42.02,27.16,3.59,0.0
20230122:1030,365.14,377.06,99.25,0.0,30.2,27.32,3.59,0.0
20230122:1130,168.4,176.7,69.8,0.0,17.32,27.02,3.52,0.0
20230122:1230,9.34,24.15,14.81,0.0,3.84,26.21,3.03,0.0
20230122:1330,0.0,0.0,0.0,0.0,0.0,24.38,2.69,0.0
20230122:1430,0.0,0.0,0.0,0.0,0.0,23.03,2.76,0.0
20230122:1530,0.0,0.0,0.0,0.0,0.0,22.07,2.69,0.0
20230122:1630,0.0,0.0,0.0,0.0,0.0,21.29,2.62,0.0
20230122:1730,0.0,0.0,0.0,0.0,0.0,20.77,2.62,0.0
20230122:1830,0.0,0.0,0.0,0.0,0.0,20.31,2.76,0.0
20230122:1930,0.0,0.0,0.0,0.0,0.0,19.81,2.76,0.0
20230122:2030,0.0,0.0,0.0,0.0,0.0,19.21,2.69,0.0
20230122:2130,0.0,0.0,0.0,0.0,0.0,18.53,2.48,0.0
20230122:2230,0.0,0.0,0.0,0.0,0.0,17.96,2.34,0.0
20230122:2330,0.0,0.0,0.0,0.0,0.0,17.46,2.28,0.0
20230123:0030,0.0,0.0,0.0,0.0,0.0,17.06,2.21,0.0
20230123:0130,3.77,0.0,13.75,0.0,1.68,16.66,2.07,0.0
20230123:0230,139.65,138.1,66.25,0.0,15.25,16.76,1.72,0.0
20230123:0330,340.66,337.51,96.0,0.0,28.28,19.13,2.14,0.0
20230123:0430,504.75,524.26,113.5,0.0,40.35,21.5,2.55,0.0
20230123:0530,615.57,670.66,122.5,0.0,50.56,23.72,2.62,0.0
20230123:0630,665.85,738.56,133.75,0.0,57.09,25.59,2.69,0.0
20230123:0730,649.33,703.71,147.2,0.0,57.65,26.91,3.03,0.0
20230123:0830,517.54,501.41,170.4,0.0,51.96,28.24,3.1,0.0
20230123:0930,330.6,185.3,246.2,0.0,42.21,28.83,3.1,0.0
20230123:1030,164.51,59.9,164.3,0.0,30.37,28.68,3.24,0.0
20230123:1130,105.83,60.4,96.55,0.0,17.46,27.88,3.66,0.0
20230123:1230,8.99,20.15,15.59,0.0,3.96,26.92,3.72,0.0
20230123:1330,0.0,0.0,0.0,0.0,0.0,25.23,3.66,0.0
20230123:1430,0.0,0.0,0.0,0.0,0.0,23.95,3.59,0.0
20230123:1530,0.0,0.0,0.0,0.0,0.0,23.01,3.38,0.0
20230123:1630,0.0,0.0,0.0,0.0,0.0,22.28,3.17,0.0
20230123:1730,0.0,0.0,0.0,0.0,0.0,21.71,2.97,0.0
20230123:1830,0.0,0.0,0.0,0.0,0.0,21.08,2.83,0.0
20230123:1930,0.0,0.0,0.0,0.0,0.0,20.51,2.55,0.0
20230123:2030,0.0,0.0,0.0,0.0,0.0,20.14,2.34,0.0
20230123:2130,0.0,0.0,0.0,0.0,0.0,19.64,2.28,0.0
20230123:2230,0.0,0.0,0.0,0.0,0.0,19.26,2.14,0.0
20230123:2330,0.0,0.0,0.0,0.0,0.0,18.99,2.07,0.0
20230124:0030,0.0,0.0,0.0,0.0,0.0,18.8,2.0,0.0
20230124:0130,2.8,0.0,12.05,0.0,1.68,18.92,2.07,0.0
20230124:0230,89.77,61.25,73.75,0.0,15.27,19.21,2.07,0.0
20230124:0330,278.77,223.75,132.35,0.0,28.33,20.52,3.17,0.0
20230124:0430,396.37,328.75,170.15,0.0,40.45,22.39,3.03,0.0
20230124:0530,486.62,384.6,236.9,0.0,50.7,24.25,2.76,0.0
20230124:0630,443.23,321.85,248.95,0.0,57.3,25.87,2.34,0.0
20230124:0730,433.98,290.9,272.45,0.0,57.89,26.59,2.0,0.0
20230124:0830,279.9,102.6,264.55,0.0,52.19,27.19,1.72,0.0
20230124:0930,296.27,142.7,244.45,0.0,42.41,27.15,2.0,0.0
20230124:1030,202.16,111.6,158.05,0.0,30.54,26.98,2.48,0.0
20230124:1130,57.79,29.15,63.3,0.0,17.6,25.78,2.62,0.0
20230124:1230,5.21,7.1,13.99,0.0,4.08,24.56,2.48,0.0
20230124:1330,0.0,0.0,0.0,0.0,0.0,23.94,1.93,0.0
20230124:1430,0.0,0.0,0.0,0.0,0.0,23.29,1.79,0.0
20230124:1530,0.0,0.0,0.0,0.0,0.0,22.67,1.79,0.0
20230124:1630,0.0,0.0,0.0,0.0,0.0,22.1,1.86,0.0
20230124:1730,0.0,0.0,0.0,0.0,0.0,21.75,1.86,0.0
20230124:1830,0.0,0.0,0.0,0.0,0.0,21.28,1.79,0.0
20230124:1930,0.0,0.0,0.0,0.0,0.0,20.69,1.38,0.0
20230124:2030,0.0,0.0,0.0,0.0,0.0,20.14,1.59,0.0
20230124:2130,0.0,0.0,0.0,0.0,0.0,19.59,1.86,0.0
20230124:2230,0.0,0.0,0.0,0.0,0.0,19.16,2.07,0.0
20230124:2330,0.0,0.0,0.0,0.0,0.0,18.71,2.28,0.0
20230125:0030,0.0,0.0,0.0,0.0,0.0,18.41,2.28,0.0
20230125:0130,4.09,0.0,14.4,0.0,1.68,18.35,2.28,0.0
20230125:0230,97.35,67.35,77.2,0.0,15.29,18.5,2.21,0.0
20230125:0330,241.72,146.2,163.35,0.0,28.39,19.8,2.97,0.0
20230125:0430,364.19,217.1,241.1,0.0,40.54,21.29,2.97,0.0
20230125:0530,480.91,349.6,262.2,0.0,50.86,23.03,2.62,0.0
20230125:0630,616.25,583.16,220.9,0.0,57.52,24.81,2.34,0.0
20230125:0730,585.65,562.46,203.1,0.0,58.14,26.56,2.48,0.0
20230125:0830,589.3,583.21,192.5,0.0,52.42,27.41,2.41,0.0
20230125:0930,521.62,565.26,118.3,0.0,42.61,28.13,2.41,0.0
20230125:1030,368.59,387.76,97.6,0.0,30.7,28.39,2.69,0.0
20230125:1130,173.64,182.4,71.5,0.0,17.74,28.17,3.03,0.0
20230125:1230,11.0,26.85,15.8,0.0,4.2,27.25,2.83,0.0
20230125:1330,0.0,0.0,0.0,0.0,0.0,25.2,2.62,0.0
20230125:1430,0.0,0.0,0.0,0.0,0.0,23.64,2.76,0.0
20230125:1530,0.0,0.0,0.0,0.0,0.0,22.58,2.9,0.0
20230125:1630,0.0,0.0,0.0,0.0,0.0,21.66,2.83,0.0
20230125:1730,0.0,0.0,0.0,0.0,0.0,20.84,2.69,0.0
20230125:1830,0.0,0.0,0.0,0.0,0.0,20.07,2.48,0.0
20230125:1930,0.0,0.0,0.0,0.0,0.0,19.39,2.21,0.0
20230125:2030,0.0,0.0,0.0,0.0,0.0,18.63,2.21,0.0
20230125:2130,0.0,0.0,0.0,0.0,0.0,17.94,2.34,0.0
20230125:2230,0.0,0.0,0.0,0.0,0.0,17.39,2.41,0.0
20230125:2330,0.0,0.0,0.0,0.0,0.0,16.92,2.41,0.0
20230126:0030,0.0,0.0,0.0,0.0,0.0,16.44,2.34,0.0
20230126:0130,4.09,0.0,14.3,0.0,1.68,15.95,2.21,0.0
20230126:0230,145.32,139.2,71.1,0.0,15.32,15.98,1.86,0.0
20230126:0330,346.38,327.56,111.45,0.0,28.45,18.44,2.14,0.0
20230126:0430,507.72,495.06,147.05,0.0,40.64,21.11,2.41,0.0
20230126:0530,613.79,622.16,171.25,0.0,51.02,23.3,2.34,0.0
20230126:0630,676.2,744.01,149.05,0.0,57.74,25.25,2.21,0.0
20230126:0730,676.53,751.01,149.8,0.0,58.4,26.68,2.21,0.0
20230126:0830,623.65,676.56,152.8,0.0,52.66,27.81,2.14,0.0
20230126:0930,514.76,528.91,149.5,0.0,42.81,28.52,2.14,0.0
20230126:1030,353.56,319.6,147.6,0.0,30.87,28.72,2.41,0.0
20230126:1130,166.6,138.2,102.65,0.0,17.88,28.43,2.69,0.0
20230126:1230,13.35,18.9,22.4,0.0,4.32,27.42,2.34,0.0
20230126:1330,0.0,0.0,0.0,0.0,0.0,25.25,2.55,0.0
20230126:1430,0.0,0.0,0.0,0.0,0.0,23.58,2.76,0.0
20230126:1530,0.0,0.0,0.0,0.0,0.0,22.33,2.9,0.0
20230126:1630,0.0,0.0,0.0,0.0,0.0,21.37,2.83,0.0
20230126:1730,0.0,0.0,0.0,0.0,0.0,20.44,2.69,0.0
20230126:1830,0.0,0.0,0.0,0.0,0.0,19.62,2.62,0.0
20230126:1930,0.0,0.0,0.0,0.0,0.0,19.0,2.41,0.0
20230126:2030,0.0,0.0,0.0,0.0,0.0,18.34,2.34,0.0
20230126:2130,0.0,0.0,0.0,0.0,0.0,17.68,2.34,0.0
20230126:2230,0.0,0.0,0.0,0.0,0.0,17.08,2.41,0.0
20230126:2330,0.0,0.0,0.0,0.0,0.0,16.56,2.48,0.0
20230127:0030,0.0,0.0,0.0,0.0,0.0,16.11,2.48,0.0
20230127:0130,4.33,0.0,14.7,0.0,1.69,15.78,2.41,0.0
20230127:0230,144.31,133.8,74.35,0.0,15.35,15.95,2.0,0.0
20230127:0330,347.19,318.71,120.5,0.0,28.51,18.39,2.34,0.0
20230127:0430,530.01,554.41,116.8,0.0,40.75,20.85,2.28,0.0
20230127:0530,641.79,710.61,123.35,0.0,51.18,23.03,2.07,0.0
20230127:0630,694.81,788.11,130.3,0.0,57.97,25.09,2.28,0.0
20230127:0730,699.27,800.46,127.9,0.0,58.66,26.53,2.55,0.0
20230127:0830,647.7,736.36,121.7,0.0,52.9,27.7,2.55,0.0
20230127:0930,543.1,602.36,111.5,0.0,43.01,28.39,2.48,0.0
20230127:1030,385.98,413.46,96.05,0.0,31.03,28.63,2.48,0.0
20230127:1130,184.86,197.95,71.3,0.0,18.02,28.39,2.62,0.0
20230127:1230,12.38,30.6,15.96,0.0,4.43,27.43,2.41,0.0
20230127:1330,0.0,0.0,0.0,0.0,0.0,25.17,2.62,0.0
20230127:1430,0.0,0.0,0.0,0.0,0.0,23.44,2.76,0.0
20230127:1530,0.0,0.0,0.0,0.0,0.0,22.22,2.76,0.0
20230127:1630,0.0,0.0,0.0,0.0,0.0,21.24,2.69,0.0
20230127:1730,0.0,0.0,0.0,0.0,0.0,20.37,2.62,0.0
20230127:1830,0.0,0.0,0.0,0.0,0.0,19.55,2.41,0.0
20230127:1930,0.0,0.0,0.0,0.0,0.0,18.77,2.21,0.0
20230127:2030,0.0,0.0,0.0,0.0,0.0,17.85,2.14,0.0
20230127:2130,0.0,0.0,0.0,0.0,0.0,16.96,2.14,0.0
20230127:2230,0.0,0.0,0.0,0.0,0.0,16.16,2.14,0.0
20230127:2330,0.0,0.0,0.0,0.0,0.0,15.49,2.14,0.0
20230128:0030,0.0,0.0,0.0,0.0,0.0,14.9,2.14,0.0
20230128:0130,4.17,0.0,14.35,0.0,1.7,14.35,2.07,0.0
20230128:0230,153.69,154.1,66.65,0.0,15.39,14.34,1.79,0.0
20230128:0330,364.45,367.66,95.9,0.0,28.58,18.55,1.72,0.0
20230128:0430,533.54,566.86,112.75,0.0,40.86,21.46,2.07,0.0
20230128:0530,645.23,717.51,122.35,0.0,51.35,23.81,2.28,0.0
20230128:0630,700.28,801.61,125.9,0.0,58.21,25.69,2.41,0.0
20230128:0730,703.54,812.36,124.95,0.0,58.93,27.02,2.55,0.0
20230128:0830,651.53,745.21,120.7,0.0,53.14,27.98,2.48,0.0
20230128:0930,547.51,608.96,111.4,0.0,43.21,28.48,2.48,0.0
20230128:1030,390.0,418.16,96.25,0.0,31.2,28.63,2.55,0.0
20230128:1130,187.66,201.0,71.6,0.0,18.15,28.35,2.62,0.0
20230128:1230,12.97,31.5,16.23,0.0,4.55,27.42,2.14,0.0
20230128:1330,0.0,0.0,0.0,0.0,0.0,25.37,2.41,0.0
20230128:1430,0.0,0.0,0.0,0.0,0.0,23.51,2.55,0.0
20230128:1530,0.0,0.0,0.0,0.0,0.0,22.21,2.76,0.0
20230128:1630,0.0,0.0,0.0,0.0,0.0,21.21,2.83,0.0
20230128:1730,0.0,0.0,0.0,0.0,0.0,20.42,2.83,0.0
20230128:1830,0.0,0.0,0.0,0.0,0.0,19.67,2.69,0.0
20230128:1930,0.0,0.0,0.0,0.0,0.0,18.76,2.48,0.0
20230128:2030,0.0,0.0,0.0,0.0,0.0,18.04,2.34,0.0
20230128:2130,0.0,0.0,0.0,0.0,0.0,17.26,2.21,0.0
20230128:2230,0.0,0.0,0.0,0.0,0.0,16.49,2.14,0.0
20230128:2330,0.0,0.0,0.0,0.0,0.0,15.74,2.07,0.0
20230129:0030,0.0,0.0,0.0,0.0,0.0,14.99,2.0,0.0
20230129:0130,4.25,0.0,14.5,0.0,1.72,14.26,2.0,0.0
20230129:0230,155.56,156.4,66.65,0.0,15.43,14.18,1.72,0.0
20230129:0330,366.91,372.51,95.4,0.0,28.65,18.64,1.45,0.0
20230129:0430,534.1,572.36,112.0,0.0,40.98,21.76,1.72,0.0
20230129:0530,646.38,720.51,122.25,0.0,51.52,24.27,2.34,0.0
20230129:0630,703.75,800.61,126.8,0.0,58.45,26.19,2.97,0.0
20230129:0730,710.76,808.91,126.45,0.0,59.2,27.39,3.66,0.0
20230129:0830,657.05,740.66,121.85,0.0,53.39,28.34,3.66,0.0
20230129:0930,548.94,603.51,112.4,0.0,43.41,28.85,3.52,0.0
20230129:1030,389.07,413.26,97.25,0.0,31.37,29.0,3.52,0.0
20230129:1130,185.77,194.4,74.45,0.0,18.29,28.63,3.52,0.0
20230129:1230,13.69,28.7,18.28,0.0,4.66,27.65,3.1,0.0
20230129:1330,0.0,0.0,0.0,0.0,0.0,25.6,2.76,0.0
20230129:1430,0.0,0.0,0.0,0.0,0.0,24.0,2.69,0.0
20230129:1530,0.0,0.0,0.0,0.0,0.0,22.87,2.76,0.0
20230129:1630,0.0,0.0,0.0,0.0,0.0,21.96,2.83,0.0
20230129:1730,0.0,0.0,0.0,0.0,0.0,21.3,2.97,0.0
20230129:1830,0.0,0.0,0.0,0.0,0.0,20.68,2.97,0.0
20230129:1930,0.0,0.0,0.0,0.0,0.0,20.32,2.62,0.0
20230129:2030,0.0,0.0,0.0,0.0,0.0,19.69,2.48,0.0
20230129:2130,0.0,0.0,0.0,0.0,0.0,19.12,2.34,0.0
20230129:2230,0.0,0.0,0.0,0.0,0.0,18.55,2.28,0.0
20230129:2330,0.0,0.0,0.0,0.0,0.0,18.09,2.28,0.0
20230130:0030,0.0,0.0,0.0,0.0,0.0,17.64,2.21,0.0
20230130:0130,4.6,0.0,15.25,0.0,1.74,17.27,2.0,0.0
20230130:0230,142.41,136.9,70.35,0.0,15.47,17.19,1.59,0.0
20230130:0330,346.1,340.61,101.55,0.0,28.73,19.76,1.79,0.0
20230130:0430,510.05,533.31,119.15,0.0,41.09,22.23,1.79,0.0
20230130:0530,617.12,680.76,128.15,0.0,51.7,24.42,1.72,0.0
20230130:0630,629.34,657.81,175.25,0.0,58.69,26.29,1.93,0.0
20230130:0730,346.69,149.05,302.25,0.0,59.47,27.8,2.69,0.0
20230130:0830,279.53,100.55,265.15,0.0,53.63,27.85,2.76,0.0
20230130:0930,210.1,69.4,209.4,0.0,43.61,27.79,2.76,0.0
20230130:1030,210.07,121.35,158.35,0.0,31.53,27.5,2.55,0.0
20230130:1130,118.14,101.8,73.3,0.0,18.43,27.39,2.48,0.0
20230130:1230,9.89,19.05,16.33,0.0,4.77,26.91,2.21,0.0
20230130:1330,0.0,0.0,0.0,0.0,0.0,25.5,2.07,0.0
20230130:1430,0.0,0.0,0.0,0.0,0.0,24.6,2.14,0.0
20230130:1530,0.0,0.0,0.0,0.0,0.0,23.87,2.21,0.0
20230130:1630,0.0,0.0,0.0,0.0,0.0,22.96,2.34,0.0
20230130:1730,0.0,0.0,0.0,0.0,0.0,22.32,2.34,0.0
20230130:1830,0.0,0.0,0.0,0.0,0.0,21.9,2.34,0.0
20230130:1930,0.0,0.0,0.0,0.0,0.0,21.15,2.0,0.0
20230130:2030,0.0,0.0,0.0,0.0,0.0,20.57,1.93,0.0
20230130:2130,0.0,0.0,0.0,0.0,0.0,20.19,1.72,0.0
20230130:2230,0.0,0.0,0.0,0.0,0.0,19.86,1.72,0.0
20230130:2330,0.0,0.0,0.0,0.0,0.0,19.73,1.66,0.0
20230131:0030,0.0,0.0,0.0,0.0,0.0,19.53,1.66,0.0
20230131:0130,3.8,0.0,13.95,0.0,1.76,19.82,1.66,0.0
20230131:0230,60.35,12.25,80.15,0.0,15.52,20.29,1.93,0.0
20230131:0330,208.87,99.4,171.9,0.0,28.81,21.12,2.62,0.0
20230131:0430,289.78,213.95,151.35,0.0,41.22,22.04,3.03,0.0
20230131:0530,536.85,499.81,180.15,0.0,51.89,23.16,3.17,0.0
20230131:0630,542.93,480.4,211.75,0.0,58.95,25.08,3.66,0.0
20230131:0730,478.79,409.5,200.25,0.0,59.75,26.26,3.79,0.0
20230131:0830,466.69,440.85,155.75,0.0,53.88,27.21,3.59,0.0
20230131:0930,458.89,427.6,163.6,0.0,43.82,27.87,3.59,0.0
20230131:1030,272.5,218.25,139.65,0.0,31.7,28.47,3.72,0.0
20230131:1130,140.31,112.45,91.1,0.0,18.56,28.13,3.72,0.0
20230131:1230,14.79,13.9,26.03,0.0,4.88,27.71,3.1,0.0
20230131:1330,0.0,0.0,0.0,0.0,0.0,26.25,2.34,0.0
20230131:1430,0.0,0.0,0.0,0.0,0.0,24.92,2.41,0.0
20230131:1530,0.0,0.0,0.0,0.0,0.0,23.94,2.48,0.0
20230131:1630,0.0,0.0,0.0,0.0,0.0,22.98,2.69,0.0
20230131:1730,0.0,0.0,0.0,0.0,0.0,22.19,2.76,0.0
20230131:1830,0.0,0.0,0.0,0.0,0.0,21.57,2.9,0.0
20230131:1930,0.0,0.0,0.0,0.0,0.0,20.56,2.48,0.0
20230131:2030,0.0,0.0,0.0,0.0,0.0,19.77,2.34,0.0
20230131:2130,0.0,0.0,0.0,0.0,0.0,19.0,2.14,0.0
20230131:2230,0.0,0.0,0.0,0.0,0.0,18.25,1.93,0.0
20230131:2330,0.0,0.0,0.0,0.0,0.0,17.37,1.72,0.0
20230201:0030,0.0,0.0,0.0,0.0,0.0,16.2,1.59,0.0
20230201:0130,6.11,0.0,17.7,0.0,1.79,15.6,1.52,0.0
20230201:0230,136.36,129.35,68.4,0.0,15.57,15.83,1.38,0.0
20230201:0330,359.18,359.36,101.45,0.0,28.89,19.85,1.31,0.0
20230201:0430,526.29,555.36,117.4,0.0,41.35,22.98,2.34,0.0
20230201:0530,642.22,694.76,136.15,0.0,52.08,25.22,3.31,0.0
20230201:0630,705.0,792.96,128.75,0.0,59.2,26.97,3.93,0.0
20230201:0730,705.52,798.46,130.25,0.0,60.04,28.19,3.93,0.0
20230201:0830,648.84,721.86,131.2,0.0,54.13,29.1,3.79,0.0
20230201:0930,539.24,573.16,131.4,0.0,44.02,29.58,3.66,0.0
20230201:1030,352.46,345.3,118.35,0.0,31.86,29.73,3.45,0.0
20230201:1130,163.68,138.2,97.95,0.0,18.69,29.41,3.31,0.0
20230201:1230,16.98,7.65,32.11,0.0,4.99,28.72,2.83,0.0
20230201:1330,0.0,0.0,0.0,0.0,0.0,27.0,2.41,0.0
20230201:1430,0.0,0.0,0.0,0.0,0.0,25.89,2.41,0.0
20230201:1530,0.0,0.0,0.0,0.0,0.0,24.85,2.62,0.0
20230201:1630,0.0,0.0,0.0,0.0,0.0,24.03,3.03,0.0
20230201:1730,0.0,0.0,0.0,0.0,0.0,23.15,3.1,0.0
20230201:1830,0.0,0.0,0.0,0.0,0.0,22.63,2.83,0.0
20230201:1930,0.0,0.0,0.0,0.0,0.0,21.56,2.62,0.0
20230201:2030,0.0,0.0,0.0,0.0,0.0,20.87,2.55,0.0
20230201:2130,0.0,0.0,0.0,0.0,0.0,20.25,2.41,0.0
20230201:2230,0.0,0.0,0.0,0.0,0.0,19.83,2.28,0.0
20230201:2330,0.0,0.0,0.0,0.0,0.0,19.44,2.0,0.0
20230202:0030,0.0,0.0,0.0,0.0,0.0,19.22,1.86,0.0
20230202:0130,4.6,0.0,15.35,0.0,1.82,19.02,1.79,0.0
20230202:0230,123.21,96.1,83.45,0.0,15.63,18.98,1.72,0.0
20230202:0330,332.85,316.35,111.4,0.0,28.98,21.48,2.0,0.0
20230202:0430,501.72,494.91,141.95,0.0,41.48,23.74,3.31,0.0
20230202:0530,620.08,653.46,140.9,0.0,52.27,25.52,4.14,0.0
20230202:0630,631.64,646.11,166.75,0.0,59.46,26.99,4.62,0.0
20230202:0730,599.55,612.01,158.25,0.0,60.32,27.51,4.62,0.0
20230202:0830,458.43,392.35,192.9,0.0,54.39,27.97,4.69,0.0
20230202:0930,404.52,331.4,186.35,0.0,44.22,27.81,4.48,0.0
20230202:1030,237.76,172.6,139.85,0.0,32.02,27.84,4.34,0.0
20230202:1130,145.36,129.85,80.15,0.0,18.82,27.3,4.07,0.0
20230202:1230,9.72,13.5,18.15,0.0,5.1,26.78,3.66,0.0
20230202:1330,0.0,0.0,0.0,0.0,0.0,25.6,2.9,0.0
20230202:1430,0.0,0.0,0.0,0.0,0.0,25.05,2.76,0.0
20230202:1530,0.0,0.0,0.0,0.0,0.0,24.46,2.62,0.0
20230202:1630,0.0,0.0,0.0,0.0,0.0,23.96,2.48,0.0
20230202:1730,0.0,0.0,0.0,0.0,0.0,23.29,2.41,0.0
20230202:1830,0.0,0.0,0.0,0.0,0.0,22.7,2.48,0.0
20230202:1930,0.0,0.0,0.0,0.0,0.0,21.36,2.34,0.0
20230202:2030,0.0,0.0,0.0,0.0,0.0,20.73,2.41,0.0
20230202:2130,0.0,0.0,0.0,0.0,0.0,20.36,2.28,0.0
20230202:2230,0.0,0.0,0.0,0.0,0.0,19.77,2.21,0.0
20230202:2330,0.0,0.0,0.0,0.0,0.0,19.18,2.14,0.0
20230203:0030,0.0,0.0,0.0,0.0,0.0,18.67,2.14,0.0
20230203:0130,4.83,0.0,15.7,0.0,1.85,18.16,2.0,0.0
20230203:0230,137.93,130.2,70.9,0.0,15.69,18.16,1.72,0.0
20230203:0330,317.02,294.6,110.55,0.0,29.07,20.62,2.21,0.0
20230203:0430,426.09,387.9,147.5,0.0,41.62,22.53,3.17,0.0
20230203:0530,289.79,82.1,289.05,0.0,52.47,23.92,3.59,0.0
20230203:0630,172.52,28.15,200.3,0.0,59.73,24.22,3.66,0.0
20230203:0730,262.53,124.65,210.55,0.0,60.62,23.92,3.45,0.0
20230203:0830,217.36,55.4,227.8,0.0,54.64,24.77,3.59,0.0
20230203:0930,174.88,39.65,192.45,0.0,44.43,25.12,3.66,0.0
20230203:1030,115.81,26.45,134.5,0.0,32.18,25.37,3.52,0.0
20230203:1130,25.17,2.2,44.6,0.0,18.95,25.45,3.24,0.0
20230203:1230,2.07,2.85,9.48,0.0,5.21,24.95,2.48,0.0
20230203:1330,0.0,0.0,0.0,0.0,0.0,24.3,2.0,0.0
20230203:1430,0.0,0.0,0.0,0.0,0.0,23.74,1.79,0.0
20230203:1530,0.0,0.0,0.0,0.0,0.0,23.48,1.79,0.0
20230203:1630,0.0,0.0,0.0,0.0,0.0,23.08,1.79,0.0
20230203:1730,0.0,0.0,0.0,0.0,0.0,22.84,1.72,0.0
20230203:1830,0.0,0.0,0.0,0.0,0.0,22.48,1.93,0.0
20230203:1930,0.0,0.0,0.0,0.0,0.0,21.89,1.86,0.0
20230203:2030,0.0,0.0,0.0,0.0,0.0,21.47,2.14,0.0
20230203:2130,0.0,0.0,0.0,0.0,0.0,20.94,2.28,0.0
20230203:2230,0.0,0.0,0.0,0.0,0.0,20.66,2.28,0.0
20230203:2330,0.0,0.0,0.0,0.0,0.0,20.08,2.21,0.0
20230204:0030,0.0,0.0,0.0,0.0,0.0,19.57,2.14,0.0
20230204:0130,4.4,0.0,15.0,0.0,1.89,19.28,2.07,0.0
20230204:0230,124.13,107.85,74.35,0.0,15.75,19.33,1.86,0.0
20230204:0330,336.58,319.6,109.75,0.0,29.17,20.83,2.55,0.0
20230204:0430,510.96,519.66,128.4,0.0,41.76,23.0,2.97,0.0
20230204:0530,625.26,670.81,137.2,0.0,52.67,25.37,3.24,0.0
20230204:0630,678.99,733.26,156.25,0.0,60.0,27.34,3.66,0.0
20230204:0730,677.4,743.66,148.15,0.0,60.91,28.65,3.79,0.0
20230204:0830,623.04,673.56,145.6,0.0,54.9,29.47,3.66,0.0
20230204:0930,527.41,563.51,127.0,0.0,44.63,30.0,3.45,0.0
20230204:1030,328.59,311.5,121.75,0.0,32.34,30.18,3.31,0.0
20230204:1130,184.2,188.0,77.75,0.0,19.08,29.81,3.24,0.0
20230204:1230,15.74,30.6,19.39,0.0,5.31,29.17,2.97,0.0
20230204:1330,0.0,0.0,0.0,0.0,0.0,27.46,2.41,0.0
20230204:1430,0.0,0.0,0.0,0.0,0.0,25.77,2.55,0.0
20230204:1530,0.0,0.0,0.0,0.0,0.0,24.5,2.69,0.0
20230204:1630,0.0,0.0,0.0,0.0,0.0,23.43,2.69,0.0
20230204:1730,0.0,0.0,0.0,0.0,0.0,22.52,2.55,0.0
20230204:1830,0.0,0.0,0.0,0.0,0.0,21.7,2.34,0.0
20230204:1930,0.0,0.0,0.0,0.0,0.0,21.24,2.34,0.0
20230204:2030,0.0,0.0,0.0,0.0,0.0,20.57,2.21,0.0
20230204:2130,0.0,0.0,0.0,0.0,0.0,19.88,2.07,0.0
20230204:2230,0.0,0.0,0.0,0.0,0.0,19.13,1.93,0.0
20230204:2330,0.0,0.0,0.0,0.0,0.0,18.25,1.72,0.0
20230205:0030,0.0,0.0,0.0,0.0,0.0,17.37,1.59,0.0
20230205:0130,4.64,0.0,15.3,0.0,1.94,16.95,1.45,0.0
20230205:0230,152.32,150.95,69.2,0.0,15.82,17.1,1.24,0.0
20230205:0330,358.47,363.96,99.15,0.0,29.27,21.13,1.1,0.0
20230205:0430,525.4,562.66,116.85,0.0,41.9,23.88,1.72,0.0
20230205:0530,632.91,703.61,128.5,0.0,52.88,26.24,2.34,0.0
20230205:0630,692.55,769.86,152.45,0.0,60.28,28.1,2.9,0.0
20230205:0730,697.62,775.36,156.45,0.0,61.22,29.47,3.31,0.0
20230205:0830,646.44,703.31,155.6,0.0,55.15,30.36,3.52,0.0
20230205:0930,543.22,574.11,140.9,0.0,44.83,30.78,3.59,0.0
20230205:1030,389.52,396.56,118.15,0.0,32.5,30.88,3.52,0.0
20230205:1130,191.66,191.05,84.8,0.0,19.21,30.57,3.45,0.0
20230205:1230,17.66,33.35,20.77,0.0,5.41,29.63,2.83,0.0
20230205:1330,0.0,0.0,0.0,0.0,0.0,27.44,2.62,0.0
20230205:1430,0.0,0.0,0.0,0.0,0.0,25.63,2.9,0.0
20230205:1530,0.0,0.0,0.0,0.0,0.0,24.31,3.03,0.0
20230205:1630,0.0,0.0,0.0,0.0,0.0,23.23,2.97,0.0
20230205:1730,0.0,0.0,0.0,0.0,0.0,22.28,2.76,0.0
20230205:1830,0.0,0.0,0.0,0.0,0.0,21.38,2.55,0.0
20230205:1930,0.0,0.0,0.0,0.0,0.0,20.41,2.34,0.0
20230205:2030,0.0,0.0,0.0,0.0,0.0,19.59,2.34,0.0
20230205:2130,0.0,0.0,0.0,0.0,0.0,18.85,2.34,0.0
20230205:2230,0.0,0.0,0.0,0.0,0.0,18.18,2.28,0.0
20230205:2330,0.0,0.0,0.0,0.0,0.0,17.56,2.21,0.0
20230206:0030,0.0,0.0,0.0,0.0,0.0,16.93,2.07,0.0
20230206:0130,6.4,0.0,18.2,0.0,1.98,16.1,1.79,0.0
20230206:0230,151.64,128.1,86.95,0.0,15.89,16.02,1.38,0.0
20230206:0330,350.92,316.05,135.05,0.0,29.37,20.24,1.1,0.0
20230206:0430,510.23,487.96,171.2,0.0,42.05,23.29,1.59,0.0
20230206:0530,629.69,664.11,166.3,0.0,53.09,25.84,2.07,0.0
20230206:0630,690.12,734.36,188.9,0.0,60.56,27.97,2.62,0.0
20230206:0730,688.58,720.86,202.7,0.0,61.52,29.12,2.9,0.0
20230206:0830,651.02,718.61,152.75,0.0,55.41,29.99,2.83,0.0
20230206:0930,542.73,568.71,151.25,0.0,45.03,30.48,2.69,0.0
20230206:1030,390.88,399.76,120.25,0.0,32.66,30.61,2.34,0.0
20230206:1130,199.32,212.1,75.9,0.0,19.33,30.34,2.0,0.0
20230206:1230,17.95,37.1,19.18,0.0,5.51,29.56,1.72,0.0
20230206:1330,0.0,0.0,0.0,0.0,0.0,27.63,1.79,0.0
20230206:1430,0.0,0.0,0.0,0.0,0.0,25.51,2.07,0.0
20230206:1530,0.0,0.0,0.0,0.0,0.0,23.91,2.28,0.0
20230206:1630,0.0,0.0,0.0,0.0,0.0,22.68,2.34,0.0
20230206:1730,0.0,0.0,0.0,0.0,0.0,21.55,2.28,0.0
20230206:1830,0.0,0.0,0.0,0.0,0.0,20.14,1.93,0.0
20230206:1930,0.0,0.0,0.0,0.0,0.0,18.99,1.45,0.0
20230206:2030,0.0,0.0,0.0,0.0,0.0,17.85,1.45,0.0
20230206:2130,0.0,0.0,0.0,0.0,0.0,17.51,1.31,0.0
20230206:2230,0.0,0.0,0.0,0.0,0.0,18.56,0.83,0.0
20230206:2330,0.0,0.0,0.0,0.0,0.0,18.56,0.28,0.0
20230207:0030,0.0,0.0,0.0,0.0,0.0,18.12,0.62,0.0
20230207:0130,6.48,0.0,18.45,0.0,2.04,17.63,0.48,0.0
20230207:0230,155.47,154.0,70.95,0.0,15.97,17.35,0.28,0.0
20230207:0330,361.09,363.5,104.9,0.0,29.48,20.02,0.21,0.0
20230207:0430,519.81,551.56,127.0,0.0,42.2,23.42,0.9,0.0
20230207:0530,630.77,715.06,134.35,0.0,53.3,25.81,0.9,0.0
20230207:0630,674.15,799.66,136.6,0.0,60.85,27.76,0.55,0.0
20230207:0730,674.65,813.61,134.7,0.0,61.83,29.02,0.41,0.0
20230207:0830,635.31,750.41,127.95,0.0,55.67,29.93,0.83,0.0
20230207:0930,539.47,614.61,118.55,0.0,45.23,30.46,0.9,0.0
20230207:1030,390.72,424.06,103.1,0.0,32.82,30.63,0.9,0.0
20230207:1130,197.11,209.5,76.65,0.0,19.46,30.46,0.97,0.0
20230207:1230,18.3,36.95,19.59,0.0,5.61,29.85,1.17,0.0
20230207:1330,0.0,0.0,0.0,0.0,0.0,28.08,1.45,0.0
20230207:1430,0.0,0.0,0.0,0.0,0.0,25.82,1.86,0.0
20230207:1530,0.0,0.0,0.0,0.0,0.0,24.24,2.28,0.0
20230207:1630,0.0,0.0,0.0,0.0,0.0,23.19,2.41,0.0
20230207:1730,0.0,0.0,0.0,0.0,0.0,22.14,2.21,0.0
20230207:1830,0.0,0.0,0.0,0.0,0.0,20.61,1.79,0.0
20230207:1930,0.0,0.0,0.0,0.0,0.0,21.3,1.03,0.0
20230207:2030,0.0,0.0,0.0,0.0,0.0,20.69,0.97,0.0
20230207:2130,0.0,0.0,0.0,0.0,0.0,19.97,0.83,0.0
20230207:2230,0.0,0.0,0.0,0.0,0.0,19.73,0.48,0.0
20230207:2330,0.0,0.0,0.0,0.0,0.0,18.13,1.1,0.0
20230208:0030,0.0,0.0,0.0,0.0,0.0,16.47,1.59,0.0
20230208:0130,5.07,0.0,16.0,0.0,2.09,16.04,1.66,0.0
20230208:0230,157.31,155.0,70.25,0.0,16.05,16.42,1.38,0.0
20230208:0330,364.12,368.25,100.45,0.0,29.59,20.96,1.31,0.0
20230208:0430,529.09,564.81,119.35,0.0,42.36,24.14,1.86,0.0
20230208:0530,638.74,713.56,130.6,0.0,53.52,26.62,2.21,0.0
20230208:0630,695.66,797.66,135.9,0.0,61.14,28.54,2.55,0.0
20230208:0730,703.87,808.36,135.4,0.0,62.14,29.78,3.17,0.0
20230208:0830,653.08,744.11,129.75,0.0,55.93,30.58,3.03,0.0
20230208:0930,549.11,609.21,119.45,0.0,45.43,31.12,2.9,0.0
20230208:1030,392.95,417.96,104.35,0.0,32.97,31.28,2.76,0.0
20230208:1130,197.0,206.5,77.6,0.0,19.58,31.08,2.76,0.0
20230208:1230,18.6,36.0,20.33,0.0,5.71,30.36,2.41,0.0
20230208:1330,0.0,0.0,0.0,0.0,0.0,28.59,2.07,0.0
20230208:1430,0.0,0.0,0.0,0.0,0.0,26.83,2.07,0.0
20230208:1530,0.0,0.0,0.0,0.0,0.0,25.36,2.07,0.0
20230208:1630,0.0,0.0,0.0,0.0,0.0,24.04,2.21,0.0
20230208:1730,0.0,0.0,0.0,0.0,0.0,22.97,2.48,0.0
20230208:1830,0.0,0.0,0.0,0.0,0.0,22.21,2.76,0.0
20230208:1930,0.0,0.0,0.0,0.0,0.0,21.51,2.62,0.0
20230208:2030,0.0,0.0,0.0,0.0,0.0,20.88,2.55,0.0
20230208:2130,0.0,0.0,0.0,0.0,0.0,20.27,2.34,0.0
20230208:2230,0.0,0.0,0.0,0.0,0.0,19.64,2.14,0.0
20230208:2330,0.0,0.0,0.0,0.0,0.0,18.94,1.93,0.0
20230209:0030,0.0,0.0,0.0,0.0,0.0,17.97,1.72,0.0
20230209:0130,5.57,0.0,16.9,0.0,2.15,17.2,1.52,0.0
20230209:0230,157.08,154.1,71.8,0.0,16.13,17.59,1.1,0.0
20230209:0330,362.05,366.2,102.75,0.0,29.71,21.48,0.9,0.0
20230209:0430,529.12,570.16,119.6,0.0,42.52,24.41,1.38,0.0
20230209:0530,642.06,720.71,130.9,0.0,53.75,26.56,2.0,0.0
20230209:0630,701.75,802.26,137.65,0.0,61.44,28.18,2.62,0.0
20230209:0730,703.63,791.76,152.15,0.0,62.46,29.41,3.03,0.0
20230209:0830,659.35,748.26,130.4,0.0,56.19,30.3,3.31,0.0
20230209:0930,546.18,590.76,129.65,0.0,45.63,30.81,3.31,0.0
20230209:1030,396.84,416.81,107.95,0.0,33.12,30.95,3.24,0.0
20230209:1130,198.76,206.95,78.5,0.0,19.7,30.8,3.03,0.0
20230209:1230,23.41,36.7,26.65,0.0,5.8,30.17,2.62,0.0
20230209:1330,0.0,0.0,0.0,0.0,0.0,28.37,2.0,0.0
20230209:1430,0.0,0.0,0.0,0.0,0.0,26.54,2.07,0.0
20230209:1530,0.0,0.0,0.0,0.0,0.0,25.05,2.41,0.0
20230209:1630,0.0,0.0,0.0,0.0,0.0,23.88,2.62,0.0
20230209:1730,0.0,0.0,0.0,0.0,0.0,23.0,2.69,0.0
20230209:1830,0.0,0.0,0.0,0.0,0.0,22.25,2.62,0.0
20230209:1930,0.0,0.0,0.0,0.0,0.0,21.5,2.28,0.0
20230209:2030,0.0,0.0,0.0,0.0,0.0,20.63,2.07,0.0
20230209:2130,0.0,0.0,0.0,0.0,0.0,19.63,2.0,0.0
20230209:2230,0.0,0.0,0.0,0.0,0.0,18.57,1.93,0.0
20230209:2330,0.0,0.0,0.0,0.0,0.0,17.54,1.72,0.0
20230210:0030,0.0,0.0,0.0,0.0,0.0,16.95,1.52,0.0
20230210:0130,5.45,0.0,16.7,0.0,2.21,17.23,1.17,0.0
20230210:0230,159.02,157.4,71.9,0.0,16.22,18.24,0.76,0.0
20230210:0330,356.05,340.25,120.3,0.0,29.83,20.88,0.69,0.0
20230210:0430,531.49,568.81,123.95,0.0,42.68,23.91,1.24,0.0
20230210:0530,646.9,721.86,134.15,0.0,53.97,26.36,2.14,0.0
20230210:0630,713.46,817.16,134.5,0.0,61.74,28.2,3.03,0.0
20230210:0730,722.79,828.21,133.85,0.0,62.78,29.37,3.79,0.0
20230210:0830,672.19,762.06,129.0,0.0,56.45,30.17,3.86,0.0
20230210:0930,563.35,618.71,122.4,0.0,45.83,30.61,3.66,0.0
20230210:1030,400.27,423.06,104.25,0.0,33.27,30.71,3.59,0.0
20230210:1130,204.67,211.65,80.45,0.0,19.81,30.42,3.52,0.0
20230210:1230,25.53,38.3,28.5,0.0,5.89,29.64,3.03,0.0
20230210:1330,0.0,0.0,0.0,0.0,0.0,27.7,2.55,0.0
20230210:1430,0.0,0.0,0.0,0.0,0.0,26.0,2.48,0.0
20230210:1530,0.0,0.0,0.0,0.0,0.0,24.62,2.34,0.0
20230210:1630,0.0,0.0,0.0,0.0,0.0,23.33,2.21,0.0
20230210:1730,0.0,0.0,0.0,0.0,0.0,22.16,2.28,0.0
20230210:1830,0.0,0.0,0.0,0.0,0.0,21.2,2.48,0.0
20230210:1930,0.0,0.0,0.0,0.0,0.0,20.13,2.28,0.0
20230210:2030,0.0,0.0,0.0,0.0,0.0,19.25,2.28,0.0
20230210:2130,0.0,0.0,0.0,0.0,0.0,18.39,2.14,0.0
20230210:2230,0.0,0.0,0.0,0.0,0.0,17.49,2.07,0.0
20230210:2330,0.0,0.0,0.0,0.0,0.0,16.6,1.93,0.0
20230211:0030,0.0,0.0,0.0,0.0,0.0,15.95,1.79,0.0
20230211:0130,5.71,0.0,17.05,0.0,2.28,15.82,1.59,0.0
20230211:0230,159.69,156.9,70.9,0.0,16.31,16.5,1.17,0.0
20230211:0330,349.8,348.9,101.35,0.0,29.95,20.37,0.83,0.0
20230211:0430,542.79,586.91,120.4,0.0,42.85,23.56,1.24,0.0
20230211:0530,654.75,734.81,135.85,0.0,54.2,26.12,1.86,0.0
20230211:0630,718.69,827.66,138.45,0.0,62.04,28.01,2.55,0.0
20230211:0730,728.04,843.16,135.35,0.0,63.1,29.22,3.1,0.0
20230211:0830,677.82,777.96,128.75,0.0,56.72,30.1,3.17,0.0
20230211:0930,573.57,641.31,117.85,0.0,46.03,30.63,3.17,0.0
20230211:1030,413.43,440.66,105.85,0.0,33.42,30.85,3.24,0.0
20230211:1130,206.34,206.85,87.25,0.0,19.93,30.62,3.24,0.0
20230211:1230,27.28,27.1,36.5,0.0,5.98,29.8,2.62,0.0
20230211:1330,0.0,0.0,0.0,0.0,0.0,27.83,2.34,0.0
20230211:1430,0.0,0.0,0.0,0.0,0.0,26.09,2.28,0.0
20230211:1530,0.0,0.0,0.0,0.0,0.0,24.71,2.07,0.0
20230211:1630,0.0,0.0,0.0,0.0,0.0,23.35,2.07,0.0
20230211:1730,0.0,0.0,0.0,0.0,0.0,22.19,2.14,0.0
20230211:1830,0.0,0.0,0.0,0.0,0.0,21.38,2.28,0.0
20230211:1930,0.0,0.0,0.0,0.0,0.0,20.74,2.21,0.0
20230211:2030,0.0,0.0,0.0,0.0,0.0,20.1,2.28,0.0
20230211:2130,0.0,0.0,0.0,0.0,0.0,19.4,2.21,0.0
20230211:2230,0.0,0.0,0.0,0.0,0.0,18.54,2.07,0.0
20230211:2330,0.0,0.0,0.0,0.0,0.0,17.64,1.79,0.0
20230212:0030,0.0,0.0,0.0,0.0,0.0,17.09,1.45,0.0
20230212:0130,6.1,13.45,14.59,0.0,2.35,18.4,0.9,0.0
20230212:0230,163.9,159.95,75.8,0.0,16.4,18.52,0.28,0.0
20230212:0330,369.2,361.0,118.6,0.0,30.08,20.69,0.28,0.0
20230212:0430,540.75,591.76,120.1,0.0,43.02,23.97,0.76,0.0
20230212:0530,658.23,748.96,129.7,0.0,54.44,26.5,1.79,0.0
20230212:0630,722.23,836.41,134.35,0.0,62.35,28.49,2.76,0.0
20230212:0730,730.69,841.21,138.3,0.0,63.42,29.7,3.52,0.0
20230212:0830,682.29,778.91,129.05,0.0,56.98,30.58,3.86,0.0
20230212:0930,576.67,639.66,119.15,0.0,46.22,30.99,4.0,0.0
20230212:1030,416.48,444.71,103.4,0.0,33.57,31.16,4.14,0.0
20230212:1130,211.22,222.4,78.35,0.0,20.04,30.86,4.0,0.0
20230212:1230,26.96,41.2,28.65,0.0,6.07,29.99,3.17,0.0
20230212:1330,0.0,0.0,0.0,0.0,0.0,27.77,2.76,0.0
20230212:1430,0.0,0.0,0.0,0.0,0.0,25.96,2.9,0.0
20230212:1530,0.0,0.0,0.0,0.0,0.0,24.65,2.97,0.0
20230212:1630,0.0,0.0,0.0,0.0,0.0,23.57,2.97,0.0
20230212:1730,0.0,0.0,0.0,0.0,0.0,22.62,2.9,0.0
20230212:1830,0.0,0.0,0.0,0.0,0.0,21.68,2.76,0.0
20230212:1930,0.0,0.0,0.0,0.0,0.0,21.02,2.41,0.0
20230212:2030,0.0,0.0,0.0,0.0,0.0,20.11,2.41,0.0
20230212:2130,0.0,0.0,0.0,0.0,0.0,19.26,2.41,0.0
20230212:2230,0.0,0.0,0.0,0.0,0.0,18.51,2.41,0.0
20230212:2330,0.0,0.0,0.0,0.0,0.0,17.88,2.48,0.0
20230213:0030,0.0,0.0,0.0,0.0,0.0,17.31,2.48,0.0
20230213:0130,5.37,18.25,11.97,0.0,2.42,16.78,2.41,0.0
20230213:0230,172.96,173.6,70.9,0.0,16.5,16.56,2.0,0.0
20230213:0330,388.73,398.4,99.8,0.0,30.21,20.98,1.72,0.0
20230213:0430,559.79,604.11,117.0,0.0,43.2,24.62,2.69,0.0
20230213:0530,676.53,754.26,129.45,0.0,54.68,27.17,3.79,0.0
20230213:0630,739.36,840.76,134.35,0.0,62.66,28.94,4.62,0.0
20230213:0730,740.79,847.96,134.55,0.0,63.75,29.92,4.62,0.0
20230213:0830,685.67,777.91,129.9,0.0,57.24,30.78,4.48,0.0
20230213:0930,576.68,637.91,120.25,0.0,46.41,31.29,4.28,0.0
20230213:1030,415.91,443.55,104.3,0.0,33.71,31.48,4.21,0.0
20230213:1130,211.05,221.65,78.95,0.0,20.15,31.21,4.07,0.0
20230213:1230,27.37,41.25,29.05,0.0,6.15,30.31,3.31,0.0
20230213:1330,0.0,0.0,0.0,0.0,0.0,28.1,2.76,0.0
20230213:1430,0.0,0.0,0.0,0.0,0.0,26.19,2.76,0.0
20230213:1530,0.0,0.0,0.0,0.0,0.0,24.81,2.76,0.0
20230213:1630,0.0,0.0,0.0,0.0,0.0,23.61,2.62,0.0
20230213:1730,0.0,0.0,0.0,0.0,0.0,22.52,2.48,0.0
20230213:1830,0.0,0.0,0.0,0.0,0.0,21.48,2.28,0.0
20230213:1930,0.0,0.0,0.0,0.0,0.0,20.43,2.0,0.0
20230213:2030,0.0,0.0,0.0,0.0,0.0,19.21,2.07,0.0
20230213:2130,0.0,0.0,0.0,0.0,0.0,18.14,2.14,0.0
20230213:2230,0.0,0.0,0.0,0.0,0.0,17.21,2.07,0.0
20230213:2330,0.0,0.0,0.0,0.0,0.0,16.4,2.0,0.0
20230214:0030,0.0,0.0,0.0,0.0,0.0,15.75,1.86,0.0
20230214:0130,5.72,17.95,12.44,0.0,2.5,15.44,1.72,0.0
20230214:0230,171.68,170.55,71.8,0.0,16.6,16.05,1.31,0.0
20230214:0330,384.74,394.35,100.8,0.0,30.34,20.59,1.03,0.0
20230214:0430,552.0,599.11,118.9,0.0,43.37,24.01,1.59,0.0
20230214:0530,666.75,754.01,129.8,0.0,54.92,26.45,2.28,0.0
20230214:0630,729.07,844.81,134.7,0.0,62.98,28.18,2.76,0.0
20230214:0730,734.57,855.06,134.85,0.0,64.08,29.29,3.03,0.0
20230214:0830,683.61,787.81,129.9,0.0,57.5,30.22,3.03,0.0
20230214:0930,579.05,648.41,120.2,0.0,46.6,30.77,3.03,0.0
20230214:1030,420.71,452.35,104.6,0.0,33.85,30.94,3.03,0.0
20230214:1130,215.8,227.55,79.5,0.0,20.26,30.72,3.03,0.0
20230214:1230,28.6,42.95,29.6,0.0,6.23,29.92,2.62,0.0
20230214:1330,0.0,0.0,0.0,0.0,0.0,27.9,2.28,0.0
20230214:1430,0.0,0.0,0.0,0.0,0.0,25.92,2.21,0.0
20230214:1530,0.0,0.0,0.0,0.0,0.0,24.18,2.14,0.0
20230214:1630,0.0,0.0,0.0,0.0,0.0,22.5,2.14,0.0
20230214:1730,0.0,0.0,0.0,0.0,0.0,20.82,1.93,0.0
20230214:1830,0.0,0.0,0.0,0.0,0.0,19.26,1.79,0.0
20230214:1930,0.0,0.0,0.0,0.0,0.0,18.86,1.45,0.0
20230214:2030,0.0,0.0,0.0,0.0,0.0,17.51,1.66,0.0
20230214:2130,0.0,0.0,0.0,0.0,0.0,16.38,1.86,0.0
20230214:2230,0.0,0.0,0.0,0.0,0.0,15.77,1.86,0.0
20230214:2330,0.0,0.0,0.0,0.0,0.0,15.5,1.72,0.0
20230215:0030,0.0,0.0,0.0,0.0,0.0,15.53,1.52,0.0
20230215:0130,5.99,18.55,12.64,0.0,2.58,16.05,1.17,0.0
20230215:0230,173.08,173.1,72.1,0.0,16.71,16.86,0.9,0.0
20230215:0330,387.74,396.3,101.45,0.0,30.47,19.82,0.9,0.0
20230215:0430,554.03,600.36,119.45,0.0,43.55,23.37,1.45,0.0
20230215:0530,666.21,752.61,130.9,0.0,55.16,25.95,2.07,0.0
20230215:0630,731.6,844.36,135.35,0.0,63.3,27.92,2.9,0.0
20230215:0730,734.59,852.71,135.4,0.0,64.41,29.34,3.17,0.0
20230215:0830,683.95,783.56,130.5,0.0,57.76,30.41,3.45,0.0
20230215:0930,577.91,644.01,120.55,0.0,46.79,31.03,3.45,0.0
20230215:1030,419.11,448.85,104.8,0.0,33.99,31.28,3.52,0.0
20230215:1130,214.78,225.75,79.6,0.0,20.36,31.07,3.52,0.0
20230215:1230,28.76,42.9,29.7,0.0,6.32,30.25,3.03,0.0
20230215:1330,0.0,0.0,0.0,0.0,0.0,28.1,2.62,0.0
20230215:1430,0.0,0.0,0.0,0.0,0.0,26.15,2.76,0.0
20230215:1530,0.0,0.0,0.0,0.0,0.0,24.59,2.76,0.0
20230215:1630,0.0,0.0,0.0,0.0,0.0,23.32,2.69,0.0
20230215:1730,0.0,0.0,0.0,0.0,0.0,22.22,2.62,0.0
20230215:1830,0.0,0.0,0.0,0.0,0.0,21.2,2.55,0.0
20230215:1930,0.0,0.0,0.0,0.0,0.0,20.37,2.55,0.0
20230215:2030,0.0,0.0,0.0,0.0,0.0,19.52,2.48,0.0
20230215:2130,0.0,0.0,0.0,0.0,0.0,18.77,2.48,0.0
20230215:2230,0.0,0.0,0.0,0.0,0.0,18.04,2.34,0.0
20230215:2330,0.0,0.0,0.0,0.0,0.0,17.23,2.21,0.0
20230216:0030,0.0,0.0,0.0,0.0,0.0,16.25,2.07,0.0
20230216:0130,6.4,19.45,12.88,0.0,2.67,15.27,2.0,0.0
20230216:0230,179.02,177.65,72.35,0.0,16.82,15.16,1.72,0.0
20230216:0330,395.62,404.4,101.35,0.0,30.61,20.38,1.59,0.0
20230216:0430,567.59,611.16,119.3,0.0,43.74,23.85,2.48,0.0
20230216:0530,685.68,768.16,129.25,0.0,55.41,26.4,3.38,0.0
20230216:0630,746.81,853.11,134.9,0.0,63.63,28.31,4.14,0.0
20230216:0730,749.1,861.96,135.45,0.0,64.75,29.53,4.21,0.0
20230216:0830,695.98,792.11,130.8,0.0,58.02,30.4,4.28,0.0
20230216:0930,587.28,650.86,120.85,0.0,46.98,30.89,4.21,0.0
20230216:1030,425.15,453.5,104.95,0.0,34.13,31.01,4.21,0.0
20230216:1130,217.82,228.15,79.85,0.0,20.47,30.66,4.14,0.0
20230216:1230,29.46,43.45,30.05,0.0,6.39,29.72,3.52,0.0
20230216:1330,0.0,0.0,0.0,0.0,0.0,27.49,2.83,0.0
20230216:1430,0.0,0.0,0.0,0.0,0.0,25.57,2.9,0.0
20230216:1530,0.0,0.0,0.0,0.0,0.0,24.23,2.83,0.0
20230216:1630,0.0,0.0,0.0,0.0,0.0,23.06,2.76,0.0
20230216:1730,0.0,0.0,0.0,0.0,0.0,22.01,2.62,0.0
20230216:1830,0.0,0.0,0.0,0.0,0.0,21.02,2.48,0.0
20230216:1930,0.0,0.0,0.0,0.0,0.0,20.25,2.34,0.0
20230216:2030,0.0,0.0,0.0,0.0,0.0,19.49,2.28,0.0
20230216:2130,0.0,0.0,0.0,0.0,0.0,18.68,2.14,0.0
20230216:2230,0.0,0.0,0.0,0.0,0.0,17.72,2.0,0.0
20230216:2330,0.0,0.0,0.0,0.0,0.0,16.71,1.93,0.0
20230217:0030,0.0,0.0,0.0,0.0,0.0,15.81,1.86,0.0
20230217:0130,6.68,19.2,13.23,0.0,2.76,15.1,1.79,0.0
20230217:0230,176.71,174.25,72.85,0.0,16.93,15.55,1.52,0.0
20230217:0330,390.82,398.4,102.1,0.0,30.75,20.48,1.38,0.0
20230217:0430,559.54,604.76,119.8,0.0,43.92,23.76,1.86,0.0
20230217:0530,675.78,760.66,130.5,0.0,55.66,26.39,2.69,0.0
20230217:0630,737.99,847.36,135.75,0.0,63.96,28.4,3.52,0.0
20230217:0730,742.77,857.91,135.7,0.0,65.09,29.64,3.79,0.0
20230217:0830,690.31,789.86,131.0,0.0,58.28,30.51,3.72,0.0
20230217:0930,584.07,650.46,120.95,0.0,47.16,30.98,3.66,0.0
20230217:1030,424.15,454.25,105.2,0.0,34.26,31.12,3.59,0.0
20230217:1130,218.34,229.05,80.2,0.0,20.57,30.83,3.52,0.0
20230217:1230,30.0,44.15,30.3,0.0,6.47,29.97,2.9,0.0
20230217:1330,0.0,0.0,0.0,0.0,0.0,27.89,2.48,0.0
20230217:1430,0.0,0.0,0.0,0.0,0.0,25.93,2.55,0.0
20230217:1530,0.0,0.0,0.0,0.0,0.0,24.39,2.55,0.0
20230217:1630,0.0,0.0,0.0,0.0,0.0,23.08,2.48,0.0
20230217:1730,0.0,0.0,0.0,0.0,0.0,21.91,2.34,0.0
20230217:1830,0.0,0.0,0.0,0.0,0.0,20.77,2.14,0.0
20230217:1930,0.0,0.0,0.0,0.0,0.0,19.56,2.0,0.0
20230217:2030,0.0,0.0,0.0,0.0,0.0,18.35,1.93,0.0
20230217:2130,0.0,0.0,0.0,0.0,0.0,17.28,1.86,0.0
20230217:2230,0.0,0.0,0.0,0.0,0.0,16.56,1.79,0.0
20230217:2330,0.0,0.0,0.0,0.0,0.0,16.1,1.72,0.0
20230218:0030,0.0,0.0,0.0,0.0,0.0,15.8,1.66,0.0
20230218:0130,6.89,19.65,13.35,0.0,2.85,15.87,1.45,0.0
20230218:0230,175.61,174.2,72.75,0.0,17.04,16.66,1.1,0.0
20230218:0330,386.98,396.0,102.1,0.0,30.9,20.61,0.9,0.0
20230218:0430,553.77,599.46,120.15,0.0,44.11,24.06,1.66,0.0
20230218:0530,667.19,752.56,131.25,0.0,55.92,26.55,2.34,0.0
20230218:0630,726.57,840.91,135.85,0.0,64.29,28.4,2.76,0.0
20230218:0730,728.29,850.16,136.25,0.0,65.43,29.63,2.76,0.0
20230218:0830,678.08,781.16,131.35,0.0,58.54,30.51,2.9,0.0
20230218:0930,574.02,642.21,121.6,0.0,47.35,30.99,2.83,0.0
20230218:1030,417.68,448.05,105.5,0.0,34.4,31.1,2.83,0.0
20230218:1130,215.57,225.8,80.3,0.0,20.67,30.87,2.76,0.0
20230218:1230,29.9,43.55,30.35,0.0,6.54,30.06,2.41,0.0
20230218:1330,0.0,0.0,0.0,0.0,0.0,28.22,2.0,0.0
20230218:1430,0.0,0.0,0.0,0.0,0.0,26.24,2.21,0.0
20230218:1530,0.0,0.0,0.0,0.0,0.0,24.62,2.34,0.0
20230218:1630,0.0,0.0,0.0,0.0,0.0,23.3,2.48,0.0
20230218:1730,0.0,0.0,0.0,0.0,0.0,22.25,2.34,0.0
20230218:1830,0.0,0.0,0.0,0.0,0.0,20.85,1.66,0.0
20230218:1930,0.0,0.0,0.0,0.0,0.0,21.47,0.34,0.0
20230218:2030,0.0,0.0,0.0,0.0,0.0,20.84,0.48,0.0
20230218:2130,0.0,0.0,0.0,0.0,0.0,19.87,0.83,0.0
20230218:2230,0.0,0.0,0.0,0.0,0.0,19.24,0.83,0.0
20230218:2330,0.0,0.0,0.0,0.0,0.0,18.5,0.9,0.0
20230219:0030,0.0,0.0,0.0,0.0,0.0,16.53,1.31,0.0
20230219:0130,7.34,19.7,13.87,0.0,2.95,15.52,1.31,0.0
20230219:0230,174.99,173.95,72.55,0.0,17.16,16.97,0.76,0.0
20230219:0330,385.79,393.9,103.5,0.0,31.05,20.22,0.55,0.0
20230219:0430,549.04,594.71,122.6,0.0,44.3,23.6,1.1,0.0
20230219:0530,656.11,746.91,133.9,0.0,56.17,25.96,1.31,0.0
20230219:0630,709.55,834.71,138.75,0.0,64.62,27.86,1.38,0.0
20230219:0730,719.82,843.51,138.55,0.0,65.77,29.27,2.14,0.0
20230219:0830,671.14,773.66,134.3,0.0,58.79,30.16,2.34,0.0
20230219:0930,568.48,635.76,123.8,0.0,47.53,30.63,2.28,0.0
20230219:1030,413.77,443.6,106.45,0.0,34.52,30.77,2.21,0.0
20230219:1130,212.0,219.35,81.65,0.0,20.76,30.55,2.28,0.0
20230219:1230,29.87,42.75,30.55,0.0,6.61,29.91,2.14,0.0
20230219:1330,0.0,0.0,0.0,0.0,0.0,28.41,1.72,0.0
20230219:1430,0.0,0.0,0.0,0.0,0.0,26.61,1.79,0.0
20230219:1530,0.0,0.0,0.0,0.0,0.0,25.03,2.07,0.0
20230219:1630,0.0,0.0,0.0,0.0,0.0,23.79,2.34,0.0
20230219:1730,0.0,0.0,0.0,0.0,0.0,22.83,2.55,0.0
20230219:1830,0.0,0.0,0.0,0.0,0.0,22.0,2.21,0.0
20230219:1930,0.0,0.0,0.0,0.0,0.0,20.48,1.45,0.0
20230219:2030,0.0,0.0,0.0,0.0,0.0,19.62,1.17,0.0
20230219:2130,0.0,0.0,0.0,0.0,0.0,18.86,1.24,0.0
20230219:2230,0.0,0.0,0.0,0.0,0.0,17.77,1.45,0.0
20230219:2330,0.0,0.0,0.0,0.0,0.0,16.91,1.66,0.0
20230220:0030,0.0,0.0,0.0,0.0,0.0,16.4,1.66,0.0
20230220:0130,7.71,19.3,14.44,0.0,3.05,16.1,1.59,0.0
20230220:0230,175.42,170.85,75.05,0.0,17.28,16.96,1.17,0.0
20230220:0330,373.01,374.0,104.65,0.0,31.2,20.94,1.17,0.0
20230220:0430,545.63,585.11,123.75,0.0,44.5,23.72,1.45,0.0
20230220:0530,651.74,743.26,135.65,0.0,56.43,25.86,1.03,0.0
20230220:0630,695.4,823.41,142.1,0.0,64.96,27.75,0.76,0.0
20230220:0730,700.69,819.36,147.05,0.0,66.11,29.08,1.38,0.0
20230220:0830,655.05,760.06,138.9,0.0,59.05,30.05,1.38,0.0
20230220:0930,550.6,617.46,125.9,0.0,47.7,30.64,1.38,0.0
20230220:1030,408.26,439.25,108.0,0.0,34.65,30.87,1.38,0.0
20230220:1130,211.84,219.9,81.8,0.0,20.85,30.75,1.66,0.0
20230220:1230,30.03,42.35,30.9,0.0,6.68,30.15,1.72,0.0
20230220:1330,0.0,0.0,0.0,0.0,0.0,28.74,1.59,0.0
20230220:1430,0.0,0.0,0.0,0.0,0.0,26.94,1.93,0.0
20230220:1530,0.0,0.0,0.0,0.0,0.0,25.48,2.0,0.0
20230220:1630,0.0,0.0,0.0,0.0,0.0,24.21,1.93,0.0
20230220:1730,0.0,0.0,0.0,0.0,0.0,22.73,1.66,0.0
20230220:1830,0.0,0.0,0.0,0.0,0.0,21.79,1.45,0.0
20230220:1930,0.0,0.0,0.0,0.0,0.0,20.89,1.17,0.0
20230220:2030,0.0,0.0,0.0,0.0,0.0,20.08,1.24,0.0
20230220:2130,0.0,0.0,0.0,0.0,0.0,18.89,1.38,0.0
20230220:2230,0.0,0.0,0.0,0.0,0.0,17.66,1.72,0.0
20230220:2330,0.0,0.0,0.0,0.0,0.0,16.91,1.86,0.0
20230221:0030,0.0,0.0,0.0,0.0,0.0,16.38,1.86,0.0
20230221:0130,8.14,20.05,14.71,0.0,3.15,15.97,1.86,0.0
20230221:0230,178.2,173.1,75.4,0.0,17.41,16.61,1.45,0.0
20230221:0330,389.51,394.7,105.05,0.0,31.35,21.33,1.45,0.0
20230221:0430,556.49,597.66,123.9,0.0,44.69,24.34,1.93,0.0
20230221:0530,665.8,752.16,134.9,0.0,56.69,26.6,2.0,0.0
20230221:0630,724.59,840.41,139.7,0.0,65.31,28.5,2.41,0.0
20230221:0730,731.1,854.96,137.9,0.0,66.46,29.79,2.69,0.0
20230221:0830,682.08,789.01,132.65,0.0,59.3,30.74,2.76,0.0
20230221:0930,579.8,651.61,122.2,0.0,47.88,31.26,2.76,0.0
20230221:1030,423.45,456.0,106.05,0.0,34.77,31.45,2.83,0.0
20230221:1130,220.77,232.05,80.85,0.0,20.94,31.25,2.83,0.0
20230221:1230,31.64,45.6,31.2,0.0,6.75,30.54,2.48,0.0
20230221:1330,0.0,0.0,0.0,0.0,0.0,28.8,2.07,0.0
20230221:1430,0.0,0.0,0.0,0.0,0.0,26.93,2.14,0.0
20230221:1530,0.0,0.0,0.0,0.0,0.0,25.28,2.21,0.0
20230221:1630,0.0,0.0,0.0,0.0,0.0,23.82,2.34,0.0
20230221:1730,0.0,0.0,0.0,0.0,0.0,22.66,2.48,0.0
20230221:1830,0.0,0.0,0.0,0.0,0.0,21.69,2.48,0.0
20230221:1930,0.0,0.0,0.0,0.0,0.0,20.71,2.14,0.0
20230221:2030,0.0,0.0,0.0,0.0,0.0,19.26,1.93,0.0
20230221:2130,0.0,0.0,0.0,0.0,0.0,17.98,2.0,0.0
20230221:2230,0.0,0.0,0.0,0.0,0.0,17.02,2.07,0.0
20230221:2330,0.0,0.0,0.0,0.0,0.0,16.33,2.14,0.0
20230222:0030,0.0,0.0,0.0,0.0,0.0,15.79,2.14,0.0
20230222:0130,8.67,22.5,14.51,0.0,3.26,15.23,2.0,0.0
20230222:0230,186.91,185.05,74.2,0.0,17.53,16.09,1.45,0.0
20230222:0330,400.32,411.95,103.1,0.0,31.51,21.1,1.1,0.0
20230222:0430,564.58,618.91,120.55,0.0,44.89,24.67,1.45,0.0
20230222:0530,673.48,774.11,131.05,0.0,56.96,27.2,1.79,0.0
20230222:0630,731.0,860.06,136.9,0.0,65.65,29.01,2.21,0.0
20230222:0730,743.92,869.01,136.85,0.0,66.81,30.12,3.24,0.0
20230222:0830,692.9,799.56,131.95,0.0,59.55,30.89,3.31,0.0
20230222:0930,586.73,657.56,122.05,0.0,48.05,31.3,3.24,0.0
20230222:1030,427.6,459.05,106.2,0.0,34.89,31.46,3.38,0.0
20230222:1130,222.32,232.85,81.05,0.0,21.03,31.2,3.52,0.0
20230222:1230,32.16,46.25,31.35,0.0,6.81,30.43,3.03,0.0
20230222:1330,0.0,0.0,0.0,0.0,0.0,28.49,2.55,0.0
20230222:1430,0.0,0.0,0.0,0.0,0.0,26.67,2.62,0.0
20230222:1530,0.0,0.0,0.0,0.0,0.0,25.21,2.69,0.0
20230222:1630,0.0,0.0,0.0,0.0,0.0,24.06,2.83,0.0
20230222:1730,0.0,0.0,0.0,0.0,0.0,22.98,2.9,0.0
20230222:1830,0.0,0.0,0.0,0.0,0.0,22.09,2.97,0.0
20230222:1930,0.0,0.0,0.0,0.0,0.0,21.54,2.76,0.0
20230222:2030,0.0,0.0,0.0,0.0,0.0,20.82,2.76,0.0
20230222:2130,0.0,0.0,0.0,0.0,0.0,20.07,2.55,0.0
20230222:2230,0.0,0.0,0.0,0.0,0.0,19.32,2.34,0.0
20230222:2330,0.0,0.0,0.0,0.0,0.0,18.54,2.21,0.0
20230223:0030,0.0,0.0,0.0,0.0,0.0,17.61,2.07,0.0
20230223:0130,9.26,23.6,14.96,0.0,3.37,16.49,1.93,0.0
20230223:0230,193.11,191.2,75.7,0.0,17.66,16.09,1.45,0.0
20230223:0330,411.71,423.05,104.55,0.0,31.67,20.79,1.38,0.0
20230223:0430,582.64,632.66,122.15,0.0,45.09,23.81,2.07,0.0
20230223:0530,697.8,791.21,131.65,0.0,57.22,26.21,2.69,0.0
20230223:0630,757.91,878.56,137.05,0.0,66.0,28.08,3.24,0.0
20230223:0730,763.62,886.01,137.5,0.0,67.15,29.32,3.79,0.0
20230223:0830,710.95,814.31,132.75,0.0,59.8,30.25,4.0,0.0
20230223:0930,602.4,670.91,122.75,0.0,48.21,30.76,4.0,0.0
20230223:1030,439.81,470.9,106.75,0.0,35.01,30.91,4.0,0.0
20230223:1130,230.02,241.05,81.7,0.0,21.11,30.62,3.93,0.0
20230223:1230,33.89,48.6,32.05,0.0,6.87,29.74,3.31,0.0
20230223:1330,0.0,0.0,0.0,0.0,0.0,27.58,2.76,0.0
20230223:1430,0.0,0.0,0.0,0.0,0.0,25.64,2.83,0.0
20230223:1530,0.0,0.0,0.0,0.0,0.0,24.2,2.83,0.0
20230223:1630,0.0,0.0,0.0,0.0,0.0,22.99,2.83,0.0
20230223:1730,0.0,0.0,0.0,0.0,0.0,21.87,2.69,0.0
20230223:1830,0.0,0.0,0.0,0.0,0.0,20.87,2.48,0.0
20230223:1930,0.0,0.0,0.0,0.0,0.0,20.06,2.28,0.0
20230223:2030,0.0,0.0,0.0,0.0,0.0,19.04,2.21,0.0
20230223:2130,0.0,0.0,0.0,0.0,0.0,17.98,2.14,0.0
20230223:2230,0.0,0.0,0.0,0.0,0.0,16.91,2.07,0.0
20230223:2330,0.0,0.0,0.0,0.0,0.0,15.91,1.93,0.0
20230224:0030,0.0,0.0,0.0,0.0,0.0,15.2,1.79,0.0
20230224:0130,9.87,24.5,15.21,0.0,3.48,14.71,1.72,0.0
20230224:0230,195.35,193.5,75.3,0.0,17.8,15.41,1.31,0.0
20230224:0330,411.55,422.75,104.1,0.0,31.83,20.38,1.24,0.0
20230224:0430,579.78,630.96,122.25,0.0,45.3,23.52,1.72,0.0
20230224:0530,692.87,790.41,132.45,0.0,57.49,26.03,2.14,0.0
20230224:0630,750.61,878.36,137.0,0.0,66.35,27.99,2.55,0.0
20230224:0730,755.89,885.96,137.5,0.0,67.5,29.38,3.03,0.0
20230224:0830,703.14,814.21,132.85,0.0,60.05,30.55,3.17,0.0
20230224:0930,596.29,670.71,122.9,0.0,48.38,31.21,3.17,0.0
20230224:1030,436.19,470.95,106.75,0.0,35.12,31.49,3.17,0.0
20230224:1130,228.74,240.9,81.8,0.0,21.19,31.25,3.1,0.0
20230224:1230,33.94,48.7,32.1,0.0,6.93,30.46,2.69,0.0
20230224:1330,0.0,0.0,0.0,0.0,0.0,28.42,2.41,0.0
20230224:1430,0.0,0.0,0.0,0.0,0.0,26.32,2.55,0.0
20230224:1530,0.0,0.0,0.0,0.0,0.0,24.71,2.69,0.0
20230224:1630,0.0,0.0,0.0,0.0,0.0,23.39,2.76,0.0
20230224:1730,0.0,0.0,0.0,0.0,0.0,22.27,2.62,0.0
20230224:1830,0.0,0.0,0.0,0.0,0.0,21.22,2.34,0.0
20230224:1930,0.0,0.0,0.0,0.0,0.0,20.36,2.14,0.0
20230224:2030,0.0,0.0,0.0,0.0,0.0,19.2,2.0,0.0
20230224:2130,0.0,0.0,0.0,0.0,0.0,18.01,1.93,0.0
20230224:2230,0.0,0.0,0.0,0.0,0.0,17.1,2.07,0.0
20230224:2330,0.0,0.0,0.0,0.0,0.0,16.37,2.0,0.0
20230225:0030,0.0,0.0,0.0,0.0,0.0,15.71,2.0,0.0
20230225:0130,10.26,24.65,15.55,0.0,3.6,15.08,1.93,0.0
20230225:0230,195.94,192.75,76.45,0.0,17.93,15.77,1.52,0.0
20230225:0330,414.6,425.5,105.3,0.0,31.99,20.86,1.45,0.0
20230225:0430,585.99,637.75,122.85,0.0,45.5,24.28,2.14,0.0
20230225:0530,703.89,798.26,132.05,0.0,57.76,27.15,3.17,0.0
20230225:0630,764.75,883.81,137.65,0.0,66.7,29.15,4.0,0.0
20230225:0730,768.49,890.71,138.1,0.0,67.85,30.49,4.48,0.0
20230225:0830,712.56,817.81,133.3,0.0,60.29,31.4,4.41,0.0
20230225:0930,602.29,673.01,123.15,0.0,48.54,31.87,4.28,0.0
20230225:1030,438.83,471.55,107.05,0.0,35.23,32.01,4.21,0.0
20230225:1130,229.34,240.95,81.85,0.0,21.27,31.67,4.14,0.0
20230225:1230,34.04,48.7,32.15,0.0,6.99,30.78,3.45,0.0
20230225:1330,0.0,0.0,0.0,0.0,0.0,28.61,2.76,0.0
20230225:1430,0.0,0.0,0.0,0.0,0.0,26.57,2.83,0.0
20230225:1530,0.0,0.0,0.0,0.0,0.0,25.12,2.9,0.0
20230225:1630,0.0,0.0,0.0,0.0,0.0,23.92,3.03,0.0
20230225:1730,0.0,0.0,0.0,0.0,0.0,22.9,2.97,0.0
20230225:1830,0.0,0.0,0.0,0.0,0.0,22.04,2.83,0.0
20230225:1930,0.0,0.0,0.0,0.0,0.0,21.38,2.62,0.0
20230225:2030,0.0,0.0,0.0,0.0,0.0,20.52,2.41,0.0
20230225:2130,0.0,0.0,0.0,0.0,0.0,19.57,2.14,0.0
20230225:2230,0.0,0.0,0.0,0.0,0.0,18.35,2.0,0.0
20230225:2330,0.0,0.0,0.0,0.0,0.0,17.04,1.86,0.0
20230226:0030,0.0,0.0,0.0,0.0,0.0,16.09,1.86,0.0
20230226:0130,10.76,26.15,15.56,0.0,3.72,15.44,1.79,0.0
20230226:0230,198.54,196.95,75.6,0.0,18.07,15.98,1.52,0.0
20230226:0330,414.6,428.35,103.8,0.0,32.15,21.45,1.45,0.0
20230226:0430,588.01,638.85,120.9,0.0,45.71,25.03,2.83,0.0
20230226:0530,707.99,796.21,132.1,0.0,58.03,27.33,3.93,0.0
20230226:0630,769.86,885.61,137.9,0.0,67.06,29.08,4.41,0.0
20230226:0730,773.32,894.56,138.5,0.0,68.21,30.11,4.55,0.0
20230226:0830,718.91,822.91,133.8,0.0,60.53,30.95,4.55,0.0
20230226:0930,608.39,677.46,123.6,0.0,48.7,31.34,4.48,0.0
20230226:1030,443.53,474.75,107.4,0.0,35.34,31.35,4.41,0.0
20230226:1130,232.08,242.75,82.2,0.0,21.35,30.94,4.34,0.0
20230226:1230,34.73,49.2,32.45,0.0,7.04,29.99,3.86,0.0
20230226:1330,0.0,0.0,0.0,0.0,0.0,27.85,3.1,0.0
20230226:1430,0.0,0.0,0.0,0.0,0.0,25.97,3.1,0.0
20230226:1530,0.0,0.0,0.0,0.0,0.0,24.64,3.17,0.0
20230226:1630,0.0,0.0,0.0,0.0,0.0,23.62,3.38,0.0
20230226:1730,0.0,0.0,0.0,0.0,0.0,22.79,3.38,0.0
20230226:1830,0.0,0.0,0.0,0.0,0.0,21.99,3.31,0.0
20230226:1930,0.0,0.0,0.0,0.0,0.0,21.26,3.03,0.0
20230226:2030,0.0,0.0,0.0,0.0,0.0,20.38,2.62,0.0
20230226:2130,0.0,0.0,0.0,0.0,0.0,19.5,2.34,0.0
20230226:2230,0.0,0.0,0.0,0.0,0.0,18.58,2.14,0.0
20230226:2330,0.0,0.0,0.0,0.0,0.0,17.44,2.0,0.0
20230227:0030,0.0,0.0,0.0,0.0,0.0,16.2,1.93,0.0
20230227:0130,11.47,27.0,16.02,0.0,3.84,15.06,1.93,0.0
20230227:0230,203.01,200.05,76.85,0.0,18.21,15.23,1.52,0.0
20230227:0330,422.89,433.75,105.15,0.0,32.32,20.39,1.66,0.0
20230227:0430,596.4,646.0,122.25,0.0,45.91,23.47,2.48,0.0
20230227:0530,714.07,804.36,132.65,0.0,58.31,25.9,3.31,0.0
20230227:0630,773.56,889.86,138.35,0.0,67.42,27.71,3.86,0.0
20230227:0730,779.5,896.91,138.8,0.0,68.56,28.84,4.48,0.0
20230227:0830,723.38,824.06,133.95,0.0,60.77,29.7,4.41,0.0
20230227:0930,612.03,678.8,123.75,0.0,48.85,30.17,4.28,0.0
20230227:1030,446.76,476.55,107.55,0.0,35.44,30.25,4.14,0.0
20230227:1130,234.7,244.65,82.4,0.0,21.42,29.89,3.93,0.0
20230227:1230,35.62,50.05,32.8,0.0,7.09,29.04,3.45,0.0
20230227:1330,0.0,0.0,0.0,0.0,0.0,27.0,2.69,0.0
20230227:1430,0.0,0.0,0.0,0.0,0.0,25.17,2.69,0.0
20230227:1530,0.0,0.0,0.0,0.0,0.0,23.77,2.69,0.0
20230227:1630,0.0,0.0,0.0,0.0,0.0,22.59,2.69,0.0
20230227:1730,0.0,0.0,0.0,0.0,0.0,21.59,2.69,0.0
20230227:1830,0.0,0.0,0.0,0.0,0.0,20.77,2.76,0.0
20230227:1930,0.0,0.0,0.0,0.0,0.0,20.0,2.62,0.0
20230227:2030,0.0,0.0,0.0,0.0,0.0,19.26,2.62,0.0
20230227:2130,0.0,0.0,0.0,0.0,0.0,18.52,2.55,0.0
20230227:2230,0.0,0.0,0.0,0.0,0.0,17.75,2.41,0.0
20230227:2330,0.0,0.0,0.0,0.0,0.0,16.88,2.41,0.0
20230228:0030,0.0,0.0,0.0,0.0,0.0,16.06,2.34,0.0
20230228:0130,11.9,27.8,16.11,0.0,3.96,15.31,2.28,0.0
20230228:0230,201.28,197.9,76.2,0.0,18.35,15.45,1.86,0.0
20230228:0330,415.24,422.4,104.3,0.0,32.49,20.32,2.0,0.0
20230228:0430,579.59,619.85,122.65,0.0,46.12,23.56,2.76,0.0
20230228:0530,690.11,766.71,133.85,0.0,58.58,25.99,3.45,0.0
20230228:0630,747.75,850.36,139.3,0.0,67.78,27.8,3.86,0.0
20230228:0730,742.11,849.51,139.7,0.0,68.91,29.08,3.79,0.0
20230228:0830,689.6,780.56,135.15,0.0,61.01,30.07,3.86,0.0
20230228:0930,575.57,627.5,127.9,0.0,49.0,30.63,3.93,0.0
20230228:1030,358.48,323.55,146.75,0.0,35.54,31.09,4.07,0.0
20230228:1130,107.23,40.95,115.45,0.0,21.49,30.8,4.0,0.0
20230228:1230,12.04,5.1,25.3,0.0,7.14,29.8,3.72,0.0
20230228:1330,0.0,0.0,0.0,0.0,0.0,28.46,3.72,0.0
20230228:1430,0.0,0.0,0.0,0.0,0.0,27.04,4.14,0.0
20230228:1530,0.0,0.0,0.0,0.0,0.0,25.59,4.0,0.0
20230228:1630,0.0,0.0,0.0,0.0,0.0,24.6,3.59,0.0
20230228:1730,0.0,0.0,0.0,0.0,0.0,23.89,3.1,0.0
20230228:1830,0.0,0.0,0.0,0.0,0.0,23.39,2.48,0.0
20230228:1930,0.0,0.0,0.0,0.0,0.0,22.86,2.55,0.0
20230228:2030,0.0,0.0,0.0,0.0,0.0,22.25,2.48,0.0
20230228:2130,0.0,0.0,0.0,0.0,0.0,21.85,2.41,0.0
20230228:2230,0.0,0.0,0.0,0.0,0.0,21.14,2.28,0.0
20230228:2330,0.0,0.0,0.0,0.0,0.0,20.52,2.14,0.0
20230301:0030,0.0,0.0,0.0,0.0,0.0,19.87,2.14,0.0
20230301:0130,11.43,22.55,17.58,0.0,4.09,19.44,2.14,0.0
20230301:0230,179.63,173.15,77.1,0.0,18.5,19.81,1.93,0.0
20230301:0330,382.32,378.05,107.4,0.0,32.66,22.19,2.83,0.0
20230301:0430,557.29,578.9,130.45,0.0,46.33,24.42,3.59,0.0
20230301:0530,666.44,721.2,142.0,0.0,58.86,26.54,4.07,0.0
20230301:0630,626.49,596.3,217.85,0.0,68.14,28.31,4.41,0.0
20230301:0730,574.64,537.9,209.1,0.0,69.26,29.29,4.21,0.0
20230301:0830,560.9,537.95,193.15,0.0,61.24,29.99,4.14,0.0
20230301:0930,408.65,269.75,262.9,0.0,49.15,30.41,4.07,0.0
20230301:1030,337.47,312.2,128.6,0.0,35.64,30.36,4.14,0.0
20230301:1130,187.47,161.55,101.2,0.0,21.55,30.09,4.14,0.0
20230301:1230,30.14,38.3,32.0,0.0,7.19,29.37,4.07,0.0
20230301:1330,0.0,0.0,0.0,0.0,0.0,28.1,2.83,0.0
20230301:1430,0.0,0.0,0.0,0.0,0.0,26.72,2.48,0.0
20230301:1530,0.0,0.0,0.0,0.0,0.0,25.37,2.48,0.0
20230301:1630,0.0,0.0,0.0,0.0,0.0,24.35,2.34,0.0
20230301:1730,0.0,0.0,0.0,0.0,0.0,23.44,2.34,0.0
20230301:1830,0.0,0.0,0.0,0.0,0.0,22.67,2.48,0.0
20230301:1930,0.0,0.0,0.0,0.0,0.0,22.2,2.55,0.0
20230301:2030,0.0,0.0,0.0,0.0,0.0,21.94,3.03,0.0
20230301:2130,0.0,0.0,0.0,0.0,0.0,21.44,2.97,0.0
20230301:2230,0.0,0.0,0.0,0.0,0.0,20.86,2.69,0.0
20230301:2330,0.0,0.0,0.0,0.0,0.0,20.18,2.55,0.0
20230302:0030,0.0,0.0,0.0,0.0,0.0,19.51,2.48,0.0
20230302:0130,11.84,24.5,17.16,0.0,4.22,18.96,2.41,0.0
20230302:0230,185.35,178.6,77.8,0.0,18.65,19.11,2.07,0.0
20230302:0330,417.23,416.9,110.35,0.0,32.83,21.21,2.97,0.0
20230302:0430,591.25,630.9,124.05,0.0,46.55,23.52,3.17,0.0
20230302:0530,707.37,789.71,132.9,0.0,59.13,25.85,3.66,0.0
20230302:0630,746.6,848.11,136.9,0.0,68.51,27.91,4.14,0.0
20230302:0730,767.08,882.66,138.35,0.0,69.61,29.41,4.41,0.0
20230302:0830,714.56,812.31,133.55,0.0,61.47,30.54,4.76,0.0
20230302:0930,605.77,670.0,123.5,0.0,49.29,31.04,4.83,0.0
20230302:1030,442.45,471.1,107.2,0.0,35.74,31.07,4.76,0.0
20230302:1130,232.46,241.95,82.1,0.0,21.62,30.66,4.62,0.0
20230302:1230,35.56,49.9,32.6,0.0,7.23,29.75,4.14,0.0
20230302:1330,0.0,0.0,0.0,0.0,0.0,27.75,3.24,0.0
20230302:1430,0.0,0.0,0.0,0.0,0.0,25.92,3.03,0.0
20230302:1530,0.0,0.0,0.0,0.0,0.0,24.62,3.03,0.0
20230302:1630,0.0,0.0,0.0,0.0,0.0,23.57,3.03,0.0
20230302:1730,0.0,0.0,0.0,0.0,0.0,22.69,2.97,0.0
20230302:1830,0.0,0.0,0.0,0.0,0.0,21.83,2.9,0.0
20230302:1930,0.0,0.0,0.0,0.0,0.0,21.03,2.48,0.0
20230302:2030,0.0,0.0,0.0,0.0,0.0,20.13,2.48,0.0
20230302:2130,0.0,0.0,0.0,0.0,0.0,19.22,2.41,0.0
20230302:2230,0.0,0.0,0.0,0.0,0.0,18.38,2.41,0.0
20230302:2330,0.0,0.0,0.0,0.0,0.0,17.55,2.34,0.0
20230303:0030,0.0,0.0,0.0,0.0,0.0,16.7,2.34,0.0
20230303:0130,14.02,31.2,17.05,0.0,4.35,15.85,2.28,0.0
20230303:0230,213.21,210.85,77.85,0.0,18.79,15.82,1.79,0.0
20230303:0330,432.65,445.3,105.55,0.0,33.01,20.78,1.86,0.0
20230303:0430,602.93,655.05,122.5,0.0,46.76,24.06,2.69,0.0
20230303:0530,716.5,808.71,133.45,0.0,59.41,26.71,3.52,0.0
20230303:0630,777.42,894.26,139.15,0.0,68.88,28.84,4.41,0.0
20230303:0730,782.27,899.81,139.45,0.0,69.97,30.1,5.17,0.0
20230303:0830,727.3,826.26,134.55,0.0,61.69,31.12,5.52,0.0
20230303:0930,615.39,680.6,124.25,0.0,49.43,31.6,5.59,0.0
20230303:1030,448.48,477.85,108.0,0.0,35.83,31.63,5.45,0.0
20230303:1130,235.57,245.55,82.7,0.0,21.68,31.19,5.31,0.0
20230303:1230,36.28,50.85,33.0,0.0,7.27,30.21,4.55,0.0
20230303:1330,0.0,0.0,0.0,0.0,0.0,28.14,3.66,0.0
20230303:1430,0.0,0.0,0.0,0.0,0.0,26.32,3.38,0.0
20230303:1530,0.0,0.0,0.0,0.0,0.0,25.01,3.31,0.0
20230303:1630,0.0,0.0,0.0,0.0,0.0,24.02,3.31,0.0
20230303:1730,0.0,0.0,0.0,0.0,0.0,23.12,3.1,0.0
20230303:1830,0.0,0.0,0.0,0.0,0.0,22.16,2.76,0.0
20230303:1930,0.0,0.0,0.0,0.0,0.0,21.38,2.62,0.0
20230303:2030,0.0,0.0,0.0,0.0,0.0,20.44,2.55,0.0
20230303:2130,0.0,0.0,0.0,0.0,0.0,19.54,2.48,0.0
20230303:2230,0.0,0.0,0.0,0.0,0.0,18.7,2.55,0.0
20230303:2330,0.0,0.0,0.0,0.0,0.0,18.01,2.55,0.0
20230304:0030,0.0,0.0,0.0,0.0,0.0,17.4,2.55,0.0
20230304:0130,14.4,31.2,17.4,0.0,4.49,16.86,2.41,0.0
20230304:0230,210.49,208.25,77.9,0.0,18.95,17.06,1.93,0.0
20230304:0330,429.21,439.8,105.6,0.0,33.18,21.04,2.14,0.0
20230304:0430,598.74,647.35,122.3,0.0,46.97,24.21,2.97,0.0
20230304:0530,710.32,799.55,133.3,0.0,59.69,26.85,3.59,0.0
20230304:0630,765.06,878.96,138.7,0.0,69.25,29.06,4.28,0.0
20230304:0730,766.04,882.11,138.85,0.0,70.32,30.37,4.76,0.0
20230304:0830,709.83,807.95,133.8,0.0,61.91,31.34,4.9,0.0
20230304:0930,599.21,663.85,123.5,0.0,49.56,31.79,4.83,0.0
20230304:1030,436.1,464.65,107.2,0.0,35.91,31.83,4.76,0.0
20230304:1130,228.3,237.45,82.0,0.0,21.74,31.45,4.55,0.0
20230304:1230,35.07,49.0,32.45,0.0,7.31,30.52,3.93,0.0
20230304:1330,0.0,0.0,0.0,0.0,0.0,28.53,3.03,0.0
20230304:1430,0.0,0.0,0.0,0.0,0.0,26.64,2.9,0.0
20230304:1530,0.0,0.0,0.0,0.0,0.0,25.31,2.83,0.0
20230304:1630,0.0,0.0,0.0,0.0,0.0,24.23,2.9,0.0
20230304:1730,0.0,0.0,0.0,0.0,0.0,23.33,2.9,0.0
20230304:1830,0.0,0.0,0.0,0.0,0.0,22.62,2.97,0.0
20230304:1930,0.0,0.0,0.0,0.0,0.0,21.92,2.69,0.0
20230304:2030,0.0,0.0,0.0,0.0,0.0,21.23,2.55,0.0
20230304:2130,0.0,0.0,0.0,0.0,0.0,20.49,2.48,0.0
20230304:2230,0.0,0.0,0.0,0.0,0.0,19.72,2.41,0.0
20230304:2330,0.0,0.0,0.0,0.0,0.0,19.02,2.28,0.0
20230305:0030,0.0,0.0,0.0,0.0,0.0,18.35,2.21,0.0
20230305:0130,14.58,30.45,17.77,0.0,4.63,17.72,2.21,0.0
20230305:0230,203.57,198.65,79.2,0.0,19.1,17.9,1.72,0.0
20230305:0330,414.36,417.05,112.3,0.0,33.36,22.11,2.0,0.0
20230305:0430,583.36,631.75,121.8,0.0,47.19,25.27,2.83,0.0
20230305:0530,694.09,781.0,133.15,0.0,59.97,27.72,3.52,0.0
20230305:0630,745.46,854.6,139.95,0.0,69.62,29.6,4.0,0.0
20230305:0730,736.27,839.95,149.35,0.0,70.67,30.77,3.86,0.0
20230305:0830,685.5,778.45,139.55,0.0,62.13,31.69,3.86,0.0
20230305:0930,583.11,645.6,126.2,0.0,49.7,32.2,4.0,0.0
20230305:1030,414.09,441.25,104.2,0.0,36.0,32.28,4.14,0.0
20230305:1130,225.39,233.95,82.4,0.0,21.79,31.88,4.21,0.0
20230305:1230,34.85,48.15,32.7,0.0,7.35,31.07,3.79,0.0
20230305:1330,0.0,0.0,0.0,0.0,0.0,29.18,2.97,0.0
20230305:1430,0.0,0.0,0.0,0.0,0.0,27.29,2.9,0.0
20230305:1530,0.0,0.0,0.0,0.0,0.0,25.92,2.97,0.0
20230305:1630,0.0,0.0,0.0,0.0,0.0,24.82,2.97,0.0
20230305:1730,0.0,0.0,0.0,0.0,0.0,23.93,3.03,0.0
20230305:1830,0.0,0.0,0.0,0.0,0.0,23.12,3.03,0.0
20230305:1930,0.0,0.0,0.0,0.0,0.0,22.34,2.83,0.0
20230305:2030,0.0,0.0,0.0,0.0,0.0,21.52,2.55,0.0
20230305:2130,0.0,0.0,0.0,0.0,0.0,20.66,2.34,0.0
20230305:2230,0.0,0.0,0.0,0.0,0.0,19.79,2.28,0.0
20230305:2330,0.0,0.0,0.0,0.0,0.0,18.99,2.34,0.0
20230306:0030,0.0,0.0,0.0,0.0,0.0,18.27,2.34,0.0
20230306:0130,15.67,32.45,18.15,0.0,4.77,17.63,2.28,0.0
20230306:0230,211.75,208.55,79.35,0.0,19.25,17.8,1.79,0.0
20230306:0330,428.06,439.15,107.9,0.0,33.54,21.95,1.93,0.0
20230306:0430,597.34,649.75,123.4,0.0,47.4,25.26,2.83,0.0
20230306:0530,710.46,804.55,133.7,0.0,60.25,27.69,3.52,0.0
20230306:0630,764.51,886.86,139.4,0.0,69.99,29.58,3.79,0.0
20230306:0730,767.26,892.96,139.4,0.0,71.02,30.85,4.21,0.0
20230306:0830,714.37,820.3,134.3,0.0,62.34,31.73,4.48,0.0
20230306:0930,605.63,675.75,123.95,0.0,49.82,32.14,4.55,0.0
20230306:1030,442.25,473.7,108.1,0.0,36.08,32.14,4.48,0.0
20230306:1130,232.54,241.75,83.75,0.0,21.85,31.74,4.28,0.0
20230306:1230,36.57,49.05,34.35,0.0,7.39,30.83,3.66,0.0
20230306:1330,0.0,0.0,0.0,0.0,0.0,28.76,2.83,0.0
20230306:1430,0.0,0.0,0.0,0.0,0.0,26.86,2.83,0.0
20230306:1530,0.0,0.0,0.0,0.0,0.0,25.4,2.9,0.0
20230306:1630,0.0,0.0,0.0,0.0,0.0,24.22,2.9,0.0
20230306:1730,0.0,0.0,0.0,0.0,0.0,23.3,2.9,0.0
20230306:1830,0.0,0.0,0.0,0.0,0.0,22.46,2.9,0.0
20230306:1930,0.0,0.0,0.0,0.0,0.0,21.99,2.48,0.0
20230306:2030,0.0,0.0,0.0,0.0,0.0,21.2,2.34,0.0
20230306:2130,0.0,0.0,0.0,0.0,0.0,20.3,2.28,0.0
20230306:2230,0.0,0.0,0.0,0.0,0.0,19.49,2.28,0.0
20230306:2330,0.0,0.0,0.0,0.0,0.0,18.66,2.28,0.0
20230307:0030,0.0,0.0,0.0,0.0,0.0,17.91,2.21,0.0
20230307:0130,17.21,27.75,22.03,0.0,4.91,17.18,2.14,0.0
20230307:0230,211.24,204.75,81.35,0.0,19.41,17.23,1.59,0.0
20230307:0330,420.97,422.45,116.45,0.0,33.72,21.89,1.66,0.0
20230307:0430,575.45,591.85,158.7,0.0,47.62,24.88,1.93,0.0
20230307:0530,613.55,497.05,318.0,0.0,60.53,27.36,2.34,0.0
20230307:0630,639.22,513.95,340.55,0.0,70.36,29.06,2.9,0.0
20230307:0730,509.7,196.85,481.75,0.0,71.37,30.09,3.1,0.0
20230307:0830,418.51,125.95,427.5,0.0,62.55,30.42,3.38,0.0
20230307:0930,361.58,84.35,392.85,0.0,49.94,30.42,3.79,0.0
20230307:1030,218.66,47.9,245.3,0.0,36.15,30.42,4.07,0.0
20230307:1130,109.49,14.7,142.45,0.0,21.9,29.83,3.93,0.0
20230307:1230,22.81,17.2,33.8,0.0,7.42,29.0,3.17,0.0
20230307:1330,0.0,0.0,0.0,0.0,0.0,27.62,2.69,0.0
20230307:1430,0.0,0.0,0.0,0.0,0.0,26.14,2.55,0.0
20230307:1530,0.0,0.0,0.0,0.0,0.0,24.76,2.62,0.0
20230307:1630,0.0,0.0,0.0,0.0,0.0,23.6,2.69,0.0
20230307:1730,0.0,0.0,0.0,0.0,0.0,22.78,2.83,0.0
20230307:1830,0.0,0.0,0.0,0.0,0.0,22.1,2.83,0.0
20230307:1930,0.0,0.0,0.0,0.0,0.0,21.79,2.9,0.0
20230307:2030,0.0,0.0,0.0,0.0,0.0,21.43,2.83,0.0
20230307:2130,0.0,0.0,0.0,0.0,0.0,20.76,2.76,0.0
20230307:2230,0.0,0.0,0.0,0.0,0.0,20.47,2.76,0.0
20230307:2330,0.0,0.0,0.0,0.0,0.0,20.07,2.76,0.0
20230308:0030,0.0,0.0,0.0,0.0,0.0,19.53,2.62,0.0
20230308:0130,16.89,32.9,19.18,0.0,5.05,18.75,2.41,0.0
20230308:0230,211.47,208.0,79.7,0.0,19.57,18.89,2.07,0.0
20230308:0330,430.27,436.8,107.65,0.0,33.9,21.51,2.76,0.0
20230308:0430,600.02,642.0,125.2,0.0,47.83,24.08,3.38,0.0
20230308:0530,714.3,797.9,134.55,0.0,60.81,26.57,4.0,0.0
20230308:0630,771.14,881.75,138.75,0.0,70.74,28.57,4.55,0.0
20230308:0730,771.01,887.3,139.1,0.0,71.71,29.9,4.69,0.0
20230308:0830,715.68,814.75,134.2,0.0,62.75,30.84,4.76,0.0
20230308:0930,605.64,670.8,124.0,0.0,50.06,31.34,4.76,0.0
20230308:1030,442.26,471.05,107.6,0.0,36.23,31.36,4.69,0.0
20230308:1130,232.89,241.85,82.55,0.0,21.94,31.02,4.55,0.0
20230308:1230,36.75,50.8,33.2,0.0,7.45,30.14,4.0,0.0
20230308:1330,0.0,0.0,0.0,0.0,0.0,28.22,3.1,0.0
20230308:1430,0.0,0.0,0.0,0.0,0.0,26.34,2.9,0.0
20230308:1530,0.0,0.0,0.0,0.0,0.0,24.99,2.83,0.0
20230308:1630,0.0,0.0,0.0,0.0,0.0,23.89,2.83,0.0
20230308:1730,0.0,0.0,0.0,0.0,0.0,23.0,2.9,0.0
20230308:1830,0.0,0.0,0.0,0.0,0.0,22.25,3.03,0.0
20230308:1930,0.0,0.0,0.0,0.0,0.0,21.98,3.17,0.0
20230308:2030,0.0,0.0,0.0,0.0,0.0,21.39,2.97,0.0
20230308:2130,0.0,0.0,0.0,0.0,0.0,20.72,2.55,0.0
20230308:2230,0.0,0.0,0.0,0.0,0.0,19.97,2.21,0.0
20230308:2330,0.0,0.0,0.0,0.0,0.0,19.29,2.14,0.0
20230309:0030,0.0,0.0,0.0,0.0,0.0,18.51,2.14,0.0
20230309:0130,18.89,28.0,23.78,0.0,5.2,17.75,2.14,0.0
20230309:0230,180.32,122.65,120.3,0.0,19.73,18.06,1.66,0.0
20230309:0330,378.65,278.25,203.2,0.0,34.08,21.29,2.07,0.0
20230309:0430,524.66,412.8,259.6,0.0,48.05,24.07,2.9,0.0
20230309:0530,649.57,561.5,284.5,0.0,61.09,26.3,3.79,0.0
20230309:0630,724.78,711.05,246.55,0.0,71.12,28.16,4.21,0.0
20230309:0730,718.57,682.05,276.6,0.0,72.06,29.56,4.07,0.0
20230309:0830,664.24,632.1,248.75,0.0,62.95,30.48,4.28,0.0
20230309:0930,550.15,476.9,245.5,0.0,50.18,30.91,4.34,0.0
20230309:1030,395.64,352.3,165.45,0.0,36.3,30.91,4.34,0.0
20230309:1130,191.14,143.7,122.6,0.0,21.99,30.59,4.34,0.0
20230309:1230,30.09,22.05,41.1,0.0,7.48,29.76,4.0,0.0
20230309:1330,0.0,0.0,0.0,0.0,0.0,28.34,3.24,0.0
20230309:1430,0.0,0.0,0.0,0.0,0.0,26.93,2.97,0.0
20230309:1530,0.0,0.0,0.0,0.0,0.0,25.88,2.9,0.0
20230309:1630,0.0,0.0,0.0,0.0,0.0,25.0,2.9,0.0
20230309:1730,0.0,0.0,0.0,0.0,0.0,24.12,2.9,0.0
20230309:1830,0.0,0.0,0.0,0.0,0.0,23.26,3.1,0.0
20230309:1930,0.0,0.0,0.0,0.0,0.0,22.48,3.03,0.0
20230309:2030,0.0,0.0,0.0,0.0,0.0,21.8,2.97,0.0
20230309:2130,0.0,0.0,0.0,0.0,0.0,21.14,2.76,0.0
20230309:2230,0.0,0.0,0.0,0.0,0.0,20.47,2.55,0.0
20230309:2330,0.0,0.0,0.0,0.0,0.0,19.68,2.34,0.0
20230310:0030,0.0,0.0,0.0,0.0,0.0,19.05,2.21,0.0
20230310:0130,18.98,30.7,22.45,0.0,5.35,18.34,2.14,0.0
20230310:0230,200.23,162.55,107.7,0.0,19.89,18.69,1.66,0.0
20230310:0330,392.17,323.55,174.95,0.0,34.26,21.74,2.28,0.0
20230310:0430,521.42,421.85,246.9,0.0,48.27,24.3,2.83,0.0
20230310:0530,606.79,451.35,340.75,0.0,61.36,26.45,3.38,0.0
20230310:0630,605.56,355.55,441.9,0.0,71.49,28.16,3.86,0.0
20230310:0730,657.04,467.5,406.8,0.0,72.4,29.13,3.79,0.0
20230310:0830,669.22,636.5,253.85,0.0,63.14,30.24,3.93,0.0
20230310:0930,589.06,617.85,159.35,0.0,50.29,30.98,3.86,0.0
20230310:1030,438.16,464.1,111.7,0.0,36.36,31.2,3.79,0.0
20230310:1130,232.06,240.75,83.0,0.0,22.03,30.93,3.72,0.0
20230310:1230,37.0,51.1,33.25,0.0,7.51,30.17,3.38,0.0
20230310:1330,0.0,0.0,0.0,0.0,0.0,28.3,2.62,0.0
20230310:1430,0.0,0.0,0.0,0.0,0.0,26.43,2.69,0.0
20230310:1530,0.0,0.0,0.0,0.0,0.0,25.13,2.76,0.0
20230310:1630,0.0,0.0,0.0,0.0,0.0,24.07,2.69,0.0
20230310:1730,0.0,0.0,0.0,0.0,0.0,23.19,2.76,0.0
20230310:1830,0.0,0.0,0.0,0.0,0.0,22.44,2.76,0.0
20230310:1930,0.0,0.0,0.0,0.0,0.0,21.88,2.62,0.0
20230310:2030,0.0,0.0,0.0,0.0,0.0,21.22,2.55,0.0
20230310:2130,0.0,0.0,0.0,0.0,0.0,20.52,2.34,0.0
20230310:2230,0.0,0.0,0.0,0.0,0.0,19.83,2.21,0.0
20230310:2330,0.0,0.0,0.0,0.0,0.0,19.09,2.0,0.0
20230311:0030,0.0,0.0,0.0,0.0,0.0,18.25,1.93,0.0
20230311:0130,19.6,35.95,20.34,0.0,5.5,17.34,1.86,0.0
20230311:0230,218.29,213.25,81.3,0.0,20.05,17.7,1.31,0.0
20230311:0330,429.73,441.2,109.3,0.0,34.44,22.21,1.66,0.0
20230311:0430,594.75,646.45,126.6,0.0,48.48,24.9,2.28,0.0
20230311:0530,705.85,801.25,135.95,0.0,61.64,27.29,2.9,0.0
20230311:0630,764.25,888.55,139.85,0.0,71.87,29.18,3.45,0.0
20230311:0730,765.19,893.8,139.7,0.0,72.75,30.48,3.72,0.0
20230311:0830,710.38,820.5,134.6,0.0,63.33,31.38,3.72,0.0
20230311:0930,601.38,674.6,124.45,0.0,50.39,31.88,3.66,0.0
20230311:1030,439.91,472.8,108.45,0.0,36.42,32.0,3.59,0.0
20230311:1130,232.05,242.6,82.55,0.0,22.07,31.73,3.52,0.0
20230311:1230,37.29,51.2,33.75,0.0,7.53,31.03,3.17,0.0
20230311:1330,0.0,0.0,0.0,0.0,0.0,29.15,2.55,0.0
20230311:1430,0.0,0.0,0.0,0.0,0.0,27.19,2.76,0.0
20230311:1530,0.0,0.0,0.0,0.0,0.0,25.8,2.9,0.0
20230311:1630,0.0,0.0,0.0,0.0,0.0,24.67,3.03,0.0
20230311:1730,0.0,0.0,0.0,0.0,0.0,23.76,3.03,0.0
20230311:1830,0.0,0.0,0.0,0.0,0.0,22.99,3.1,0.0
20230311:1930,0.0,0.0,0.0,0.0,0.0,22.49,2.97,0.0
20230311:2030,0.0,0.0,0.0,0.0,0.0,21.81,2.76,0.0
20230311:2130,0.0,0.0,0.0,0.0,0.0,21.03,2.41,0.0
20230311:2230,0.0,0.0,0.0,0.0,0.0,20.17,2.34,0.0
20230311:2330,0.0,0.0,0.0,0.0,0.0,19.37,2.34,0.0
20230312:0030,0.0,0.0,0.0,0.0,0.0,18.75,2.28,0.0
20230312:0130,20.41,35.45,21.46,0.0,5.65,18.1,2.21,0.0
20230312:0230,208.68,193.95,88.05,0.0,20.21,18.86,1.79,0.0
20230312:0330,432.12,434.35,113.2,0.0,34.62,21.58,2.48,0.0
20230312:0430,600.21,644.35,128.65,0.0,48.7,24.03,2.69,0.0
20230312:0530,708.09,797.8,138.1,0.0,61.92,26.59,2.97,0.0
20230312:0630,761.5,882.2,141.6,0.0,72.25,28.76,3.31,0.0
20230312:0730,761.98,887.9,140.7,0.0,73.09,30.49,3.72,0.0
20230312:0830,707.61,816.1,134.2,0.0,63.52,31.58,3.86,0.0
20230312:0930,599.09,667.2,127.0,0.0,50.49,32.14,4.0,0.0
20230312:1030,435.25,465.0,108.75,0.0,36.48,32.25,4.07,0.0
20230312:1130,230.19,238.65,83.5,0.0,22.1,31.89,4.07,0.0
20230312:1230,36.83,49.5,34.05,0.0,7.56,31.01,3.86,0.0
20230312:1330,0.0,0.0,0.0,0.0,0.0,29.24,3.03,0.0
20230312:1430,0.0,0.0,0.0,0.0,0.0,27.52,3.1,0.0
20230312:1530,0.0,0.0,0.0,0.0,0.0,26.35,3.17,0.0
20230312:1630,0.0,0.0,0.0,0.0,0.0,25.55,3.1,0.0
20230312:1730,0.0,0.0,0.0,0.0,0.0,24.67,3.1,0.0
20230312:1830,0.0,0.0,0.0,0.0,0.0,23.93,3.17,0.0
20230312:1930,0.0,0.0,0.0,0.0,0.0,23.41,3.03,0.0
20230312:2030,0.0,0.0,0.0,0.0,0.0,22.9,3.03,0.0
20230312:2130,0.0,0.0,0.0,0.0,0.0,22.27,2.83,0.0
20230312:2230,0.0,0.0,0.0,0.0,0.0,21.44,2.48,0.0
20230312:2330,0.0,0.0,0.0,0.0,0.0,20.66,2.21,0.0
20230313:0030,0.0,0.0,0.0,0.0,0.0,19.97,2.07,0.0
20230313:0130,26.76,37.4,28.9,0.0,5.8,19.29,2.0,0.0
20230313:0230,218.19,213.9,82.1,0.0,20.37,19.75,1.52,0.0
20230313:0330,429.23,439.4,109.65,0.0,34.8,22.99,2.14,0.0
20230313:0430,591.51,639.45,127.45,0.0,48.91,25.54,2.69,0.0
20230313:0530,692.72,773.15,144.25,0.0,62.2,27.92,3.17,0.0
20230313:0630,752.18,870.55,141.6,0.0,72.63,29.76,3.52,0.0
20230313:0730,748.72,871.7,142.15,0.0,73.42,31.13,3.59,0.0
20230313:0830,691.43,793.5,137.25,0.0,63.69,32.03,3.66,0.0
20230313:0930,582.67,647.65,127.7,0.0,50.59,32.51,3.59,0.0
20230313:1030,425.87,455.0,109.55,0.0,36.54,32.66,3.45,0.0
20230313:1130,218.1,223.75,83.45,0.0,22.14,32.31,3.31,0.0
20230313:1230,35.71,47.1,34.05,0.0,7.58,31.41,3.24,0.0
20230313:1330,0.0,0.0,0.0,0.0,0.0,29.72,2.62,0.0
20230313:1430,0.0,0.0,0.0,0.0,0.0,28.01,2.69,0.0
20230313:1530,0.0,0.0,0.0,0.0,0.0,26.79,2.83,0.0
20230313:1630,0.0,0.0,0.0,0.0,0.0,25.72,2.83,0.0
20230313:1730,0.0,0.0,0.0,0.0,0.0,24.9,2.83,0.0
20230313:1830,0.0,0.0,0.0,0.0,0.0,24.28,2.76,0.0
20230313:1930,0.0,0.0,0.0,0.0,0.0,23.91,2.48,0.0
20230313:2030,0.0,0.0,0.0,0.0,0.0,23.26,2.0,0.0
20230313:2130,0.0,0.0,0.0,0.0,0.0,22.02,1.24,0.0
20230313:2230,0.0,0.0,0.0,0.0,0.0,22.17,0.9,0.0
20230313:2330,0.0,0.0,0.0,0.0,0.0,20.02,1.52,0.0
20230314:0030,0.0,0.0,0.0,0.0,0.0,19.36,1.52,0.0
20230314:0130,26.64,36.4,28.9,0.0,5.96,19.17,1.38,0.0
20230314:0230,208.64,199.3,85.7,0.0,20.54,20.58,0.83,0.0
20230314:0330,409.78,417.2,114.35,0.0,34.98,24.3,1.24,0.0
20230314:0430,572.05,625.8,130.0,0.0,49.13,26.76,1.59,0.0
20230314:0530,676.23,775.6,139.8,0.0,62.47,28.88,1.93,0.0
20230314:0630,733.08,861.6,142.5,0.0,73.01,30.59,2.48,0.0
20230314:0730,662.52,750.55,149.05,0.0,73.76,31.85,2.55,0.0
20230314:0830,605.09,642.15,174.3,0.0,63.87,32.46,2.62,0.0
20230314:0930,504.29,520.3,152.45,0.0,50.68,32.86,2.62,0.0
20230314:1030,278.29,252.1,120.1,0.0,36.59,32.91,2.34,0.0
20230314:1130,152.87,152.15,68.9,0.0,22.17,32.19,2.07,0.0
20230314:1230,16.58,21.6,22.4,0.0,7.6,31.59,1.93,0.0
20230314:1330,0.0,0.0,0.0,0.0,0.0,30.43,1.93,0.0
20230314:1430,0.0,0.0,0.0,0.0,0.0,28.74,2.41,0.0
20230314:1530,0.0,0.0,0.0,0.0,0.0,27.39,2.62,0.0
20230314:1630,0.0,0.0,0.0,0.0,0.0,26.65,2.55,0.0
20230314:1730,0.0,0.0,0.0,0.0,0.0,25.82,2.21,0.0
20230314:1830,0.0,0.0,0.0,0.0,0.0,24.92,1.79,0.0
20230314:1930,0.0,0.0,0.0,0.0,0.0,23.91,1.86,0.0
20230314:2030,0.0,0.0,0.0,0.0,0.0,23.03,1.93,0.0
20230314:2130,0.0,0.0,0.0,0.0,0.0,22.11,1.86,0.0
20230314:2230,0.0,0.0,0.0,0.0,0.0,21.16,1.59,0.0
20230314:2330,0.0,0.0,0.0,0.0,0.0,20.51,1.38,0.0
20230315:0030,0.0,0.0,0.0,0.0,0.0,19.84,1.31,0.0
20230315:0130,28.61,38.55,30.1,0.0,6.11,19.32,1.17,0.0
20230315:0230,216.96,213.4,82.8,0.0,20.7,20.7,0.69,0.0
20230315:0330,420.93,438.35,109.85,0.0,35.17,24.14,0.9,0.0
20230315:0430,557.63,600.35,141.05,0.0,49.34,26.6,1.03,0.0
20230315:0530,668.51,783.05,140.05,0.0,62.75,28.68,0.9,0.0
20230315:0630,641.9,709.35,183.0,0.0,73.39,30.51,0.83,0.0
20230315:0730,643.17,705.0,185.95,0.0,74.09,32.01,1.38,0.0
20230315:0830,602.74,653.7,172.8,0.0,64.03,32.94,1.72,0.0
20230315:0930,451.44,490.7,113.5,0.0,50.77,33.55,1.86,0.0
20230315:1030,261.85,217.7,135.95,0.0,36.64,33.41,1.59,0.0
20230315:1130,125.26,79.45,103.9,0.0,22.2,32.96,1.45,0.0
20230315:1230,11.61,19.65,16.05,0.0,7.62,32.32,1.79,0.0
20230315:1330,0.0,0.0,0.0,0.0,0.0,30.57,1.66,0.0
20230315:1430,0.0,0.0,0.0,0.0,0.0,29.11,1.93,0.0
20230315:1530,0.0,0.0,0.0,0.0,0.0,27.93,2.41,0.0
20230315:1630,0.0,0.0,0.0,0.0,0.0,26.68,2.76,0.0
20230315:1730,0.0,0.0,0.0,0.0,0.0,25.4,2.41,0.0
20230315:1830,0.0,0.0,0.0,0.0,0.0,24.4,2.07,0.0
20230315:1930,0.0,0.0,0.0,0.0,0.0,23.91,2.21,0.0
20230315:2030,0.0,0.0,0.0,0.0,0.0,23.15,1.93,0.0
20230315:2130,0.0,0.0,0.0,0.0,0.0,22.62,1.72,0.0
20230315:2230,0.0,0.0,0.0,0.0,0.0,22.24,1.38,0.0
20230315:2330,0.0,0.0,0.0,0.0,0.0,21.85,1.24,0.0
20230316:0030,0.0,0.0,0.0,0.0,0.0,21.56,1.38,0.0
20230316:0130,22.2,28.75,26.65,0.0,6.27,21.23,1.38,0.0
20230316:0230,168.51,131.55,100.45,0.0,20.87,22.01,1.17,0.0
20230316:0330,377.56,360.45,129.7,0.0,35.35,23.74,0.69,0.0
20230316:0430,478.18,479.1,155.4,0.0,49.55,26.03,0.21,0.0
20230316:0530,633.39,670.65,195.35,0.0,63.02,27.86,0.83,0.0
20230316:0630,693.57,805.1,156.3,0.0,73.77,29.41,1.17,0.0
20230316:0730,505.45,502.35,181.75,0.0,74.42,30.8,0.69,0.0
20230316:0830,536.28,560.15,169.5,0.0,64.19,30.87,0.76,0.0
20230316:0930,476.06,486.25,158.3,0.0,50.85,31.45,0.69,0.0
20230316:1030,277.75,202.0,173.5,0.0,36.69,31.65,0.48,0.0
20230316:1130,160.92,142.15,88.9,0.0,22.23,31.39,0.9,0.0
20230316:1230,22.6,32.85,24.15,0.0,7.63,30.15,0.9,0.0
20230316:1330,0.0,0.0,0.0,0.0,0.0,28.61,1.31,0.0
20230316:1430,0.0,0.0,0.0,0.0,0.0,26.93,1.79,0.0
20230316:1530,0.0,0.0,0.0,0.0,0.0,26.25,1.79,0.0
20230316:1630,0.0,0.0,0.0,0.0,0.0,25.36,0.9,0.0
20230316:1730,0.0,0.0,0.0,0.0,0.0,24.29,0.34,0.0
20230316:1830,0.0,0.0,0.0,0.0,0.0,23.02,1.38,0.0
20230316:1930,0.0,0.0,0.0,0.0,0.0,22.74,1.31,0.0
20230316:2030,0.0,0.0,0.0,0.0,0.0,21.9,0.62,0.0
20230316:2130,0.0,0.0,0.0,0.0,0.0,21.41,1.72,0.0
20230316:2230,0.0,0.0,0.0,0.0,0.0,20.67,2.07,0.0
20230316:2330,0.0,0.0,0.0,0.0,0.0,20.24,2.07,0.0
20230317:0030,0.0,0.0,0.0,0.0,0.0,20.14,1.52,0.0
20230317:0130,27.32,31.05,31.8,0.0,6.42,19.69,1.03,0.0
20230317:0230,187.94,165.85,90.65,0.0,21.03,20.54,0.76,0.0
20230317:0330,352.06,316.8,137.0,0.0,35.53,22.63,0.69,0.0
20230317:0430,514.07,516.05,158.3,0.0,49.76,24.85,0.83,0.0
20230317:0530,629.73,704.8,152.65,0.0,63.29,26.8,0.62,0.0
20230317:0630,611.49,661.75,179.35,0.0,74.14,28.63,0.48,0.0
20230317:0730,616.18,688.8,167.75,0.0,74.74,29.64,0.34,0.0
20230317:0830,509.18,489.85,206.0,0.0,64.35,30.5,0.28,0.0
20230317:0930,390.65,334.45,191.45,0.0,50.93,30.62,0.14,0.0
20230317:1030,300.2,280.1,122.6,0.0,36.73,30.4,0.28,0.0
20230317:1130,166.35,160.25,78.5,0.0,22.25,30.42,0.14,0.0
20230317:1230,21.74,31.1,23.85,0.0,7.65,29.55,0.97,0.0
20230317:1330,0.0,0.0,0.0,0.0,0.0,28.49,2.21,0.0
20230317:1430,0.0,0.0,0.0,0.0,0.0,27.03,2.55,0.0
20230317:1530,0.0,0.0,0.0,0.0,0.0,26.1,2.14,0.0
20230317:1630,0.0,0.0,0.0,0.0,0.0,25.19,1.93,0.0
20230317:1730,0.0,0.0,0.0,0.0,0.0,24.4,1.93,0.0
20230317:1830,0.0,0.0,0.0,0.0,0.0,23.7,2.07,0.0
20230317:1930,0.0,0.0,0.0,0.0,0.0,23.03,2.14,0.0
20230317:2030,0.0,0.0,0.0,0.0,0.0,22.76,2.0,0.0
20230317:2130,0.0,0.0,0.0,0.0,0.0,22.45,2.07,0.0
20230317:2230,0.0,0.0,0.0,0.0,0.0,21.85,1.93,0.0
20230317:2330,0.0,0.0,0.0,0.0,0.0,21.42,1.86,0.0
20230318:0030,0.0,0.0,0.0,0.0,0.0,21.08,1.86,0.0
20230318:0130,27.75,33.75,30.85,0.0,6.58,21.06,1.86,0.0
20230318:0230,187.37,166.95,88.85,0.0,21.2,21.85,1.86,0.0
20230318:0330,391.51,383.45,117.15,0.0,35.71,23.87,2.28,0.0
20230318:0430,552.71,578.5,141.45,0.0,49.97,26.02,2.07,0.0
20230318:0530,628.39,676.85,164.4,0.0,63.55,27.91,1.72,0.0
20230318:0630,533.65,477.9,231.5,0.0,74.52,29.21,1.72,0.0
20230318:0730,653.02,721.0,164.3,0.0,75.06,29.34,1.72,0.0
20230318:0830,417.2,333.95,216.6,0.0,64.5,30.39,1.72,0.0
20230318:0930,430.79,381.0,188.2,0.0,51.01,30.06,1.59,0.0
20230318:1030,266.93,234.6,120.25,0.0,36.77,30.53,1.59,0.0
20230318:1130,185.28,160.05,100.7,0.0,22.27,30.23,1.86,0.0
20230318:1230,20.75,24.2,26.5,0.0,7.66,29.36,2.83,0.0
20230318:1330,0.0,0.0,0.0,0.0,0.0,27.32,3.03,0.0
20230318:1430,0.0,0.0,0.0,0.0,0.0,26.11,2.76,0.0
20230318:1530,0.0,0.0,0.0,0.0,0.0,25.22,2.69,0.0
20230318:1630,0.0,0.0,0.0,0.0,0.0,24.47,2.34,0.0
20230318:1730,0.0,0.0,0.0,0.0,0.0,23.82,2.07,0.0
20230318:1830,0.0,0.0,0.0,0.0,0.0,23.08,1.66,0.0
20230318:1930,0.0,0.0,0.0,0.0,0.0,23.06,1.72,0.0
20230318:2030,0.0,0.0,0.0,0.0,0.0,22.47,1.72,0.0
20230318:2130,0.0,0.0,0.0,0.0,0.0,21.91,1.72,0.0
20230318:2230,0.0,0.0,0.0,0.0,0.0,21.47,1.72,0.0
20230318:2330,0.0,0.0,0.0,0.0,0.0,21.02,1.66,0.0
20230319:0030,0.0,0.0,0.0,0.0,0.0,20.48,1.66,0.0
20230319:0130,26.62,27.5,32.35,0.0,6.74,20.14,1.72,0.0
20230319:0230,179.82,157.3,87.05,0.0,21.36,20.71,2.07,0.0
20230319:0330,350.22,317.95,125.95,0.0,35.89,22.71,2.62,0.0
20230319:0430,500.14,455.95,181.0,0.0,50.18,25.02,3.31,0.0
20230319:0530,638.88,635.9,194.3,0.0,63.82,26.9,3.72,0.0
20230319:0630,648.47,688.35,157.6,0.0,74.9,28.5,4.07,0.0
20230319:0730,629.31,668.3,158.55,0.0,75.38,29.93,3.86,0.0
20230319:0830,563.37,574.5,162.2,0.0,64.64,30.84,4.07,0.0
20230319:0930,475.64,477.45,139.7,0.0,51.08,31.12,4.41,0.0
20230319:1030,291.39,250.1,130.55,0.0,36.81,30.51,4.83,0.0
20230319:1130,160.15,128.85,95.35,0.0,22.29,28.69,4.62,0.0
20230319:1230,29.11,35.35,31.1,0.0,7.68,27.94,4.55,0.0
20230319:1330,0.0,0.0,0.0,0.0,0.0,26.88,3.93,0.0
20230319:1430,0.0,0.0,0.0,0.0,0.0,25.66,3.59,0.0
20230319:1530,0.0,0.0,0.0,0.0,0.0,24.79,3.17,0.0
20230319:1630,0.0,0.0,0.0,0.0,0.0,23.86,2.69,0.0
20230319:1730,0.0,0.0,0.0,0.0,0.0,23.08,2.41,0.0
20230319:1830,0.0,0.0,0.0,0.0,0.0,22.43,2.28,0.0
20230319:1930,0.0,0.0,0.0,0.0,0.0,21.99,2.34,0.0
20230319:2030,0.0,0.0,0.0,0.0,0.0,21.52,2.07,0.0
20230319:2130,0.0,0.0,0.0,0.0,0.0,21.01,1.93,0.0
20230319:2230,0.0,0.0,0.0,0.0,0.0,20.5,1.72,0.0
20230319:2330,0.0,0.0,0.0,0.0,0.0,20.13,1.66,0.0
20230320:0030,0.0,0.0,0.0,0.0,0.0,19.58,1.66,0.0
20230320:0130,30.6,37.9,31.3,0.0,6.9,19.07,1.59,0.0
20230320:0230,206.7,191.5,87.3,0.0,21.53,20.13,1.31,0.0
20230320:0330,354.2,307.8,146.45,0.0,36.07,23.41,1.59,0.0
20230320:0430,516.33,526.2,143.65,0.0,50.39,25.78,1.86,0.0
20230320:0530,661.71,708.55,175.75,0.0,64.08,27.79,2.21,0.0
20230320:0630,715.39,797.05,169.45,0.0,75.28,29.55,2.76,0.0
20230320:0730,710.02,775.05,186.25,0.0,75.69,31.25,3.24,0.0
20230320:0830,677.47,759.1,150.65,0.0,64.78,32.25,3.79,0.0
20230320:0930,540.42,556.7,156.55,0.0,51.14,33.0,4.34,0.0
20230320:1030,323.53,307.3,118.95,0.0,36.84,32.86,4.62,0.0
20230320:1130,220.32,220.35,87.5,0.0,22.31,31.99,4.69,0.0
20230320:1230,35.3,43.75,35.1,0.0,7.69,30.96,4.83,0.0
20230320:1330,0.0,0.0,0.0,0.0,0.0,29.18,4.21,0.0
20230320:1430,0.0,0.0,0.0,0.0,0.0,27.34,3.93,0.0
20230320:1530,0.0,0.0,0.0,0.0,0.0,25.91,3.66,0.0
20230320:1630,0.0,0.0,0.0,0.0,0.0,24.71,3.38,0.0
20230320:1730,0.0,0.0,0.0,0.0,0.0,23.7,3.17,0.0
20230320:1830,0.0,0.0,0.0,0.0,0.0,22.89,3.03,0.0
20230320:1930,0.0,0.0,0.0,0.0,0.0,22.32,2.83,0.0
20230320:2030,0.0,0.0,0.0,0.0,0.0,21.65,2.76,0.0
20230320:2130,0.0,0.0,0.0,0.0,0.0,20.96,2.48,0.0
20230320:2230,0.0,0.0,0.0,0.0,0.0,20.28,2.28,0.0
20230320:2330,0.0,0.0,0.0,0.0,0.0,19.61,2.07,0.0
20230321:0030,0.0,0.0,0.0,0.0,0.0,18.82,1.86,0.0
20230321:0130,37.57,49.1,33.25,0.0,7.06,17.73,1.59,0.0
20230321:0230,239.97,236.2,83.8,0.0,21.69,18.55,1.03,0.0
20230321:0330,447.32,466.95,109.55,0.0,36.25,22.74,1.24,0.0
20230321:0430,601.13,670.1,125.7,0.0,50.59,25.84,1.45,0.0
20230321:0530,699.62,819.7,135.0,0.0,64.34,28.45,1.66,0.0
20230321:0630,742.73,889.8,141.65,0.0,75.65,30.41,1.86,0.0
20230321:0730,741.48,891.7,141.3,0.0,75.99,32.21,2.21,0.0
20230321:0830,688.75,807.5,139.85,0.0,64.91,33.26,2.62,0.0
20230321:0930,558.55,623.95,129.05,0.0,51.2,33.91,2.76,0.0
20230321:1030,430.89,468.75,110.15,0.0,36.87,34.1,2.69,0.0
20230321:1130,219.0,226.25,85.0,0.0,22.33,33.92,2.55,0.0
20230321:1230,37.98,51.65,34.6,0.0,7.7,33.12,2.34,0.0
20230321:1330,0.0,0.0,0.0,0.0,0.0,31.09,2.41,0.0
20230321:1430,0.0,0.0,0.0,0.0,0.0,28.61,3.45,0.0
20230321:1530,0.0,0.0,0.0,0.0,0.0,26.54,3.72,0.0
20230321:1630,0.0,0.0,0.0,0.0,0.0,24.78,3.1,0.0
20230321:1730,0.0,0.0,0.0,0.0,0.0,23.63,2.62,0.0
20230321:1830,0.0,0.0,0.0,0.0,0.0,22.67,2.48,0.0
20230321:1930,0.0,0.0,0.0,0.0,0.0,22.14,2.62,0.0
20230321:2030,0.0,0.0,0.0,0.0,0.0,21.44,2.28,0.0
20230321:2130,0.0,0.0,0.0,0.0,0.0,20.76,2.0,0.0
20230321:2230,0.0,0.0,0.0,0.0,0.0,19.99,1.79,0.0
20230321:2330,0.0,0.0,0.0,0.0,0.0,18.98,1.52,0.0
20230322:0030,0.0,0.0,0.0,0.0,0.0,18.1,1.38,0.0
20230322:0130,38.34,48.6,34.2,0.0,7.22,17.97,1.17,0.0
20230322:0230,237.5,232.9,85.1,0.0,21.86,19.39,0.83,0.0
20230322:0330,439.02,458.45,111.3,0.0,36.42,23.27,0.83,0.0
20230322:0430,590.36,659.8,128.5,0.0,50.79,26.12,0.97,0.0
20230322:0530,683.47,804.0,139.15,0.0,64.6,28.54,1.03,0.0
20230322:0630,716.37,874.4,145.2,0.0,76.03,30.44,0.69,0.0
20230322:0730,704.96,874.95,144.1,0.0,76.29,31.97,0.41,0.0
20230322:0830,648.53,795.05,140.1,0.0,65.04,32.93,0.14,0.0
20230322:0930,560.59,656.3,126.95,0.0,51.26,33.58,0.55,0.0
20230322:1030,360.89,393.9,95.5,0.0,36.9,33.7,0.9,0.0
20230322:1130,204.65,213.35,79.95,0.0,22.34,33.33,0.97,0.0
20230322:1230,31.79,44.5,30.4,0.0,7.71,32.8,0.97,0.0
20230322:1330,0.0,0.0,0.0,0.0,0.0,31.88,0.9,0.0
20230322:1430,0.0,0.0,0.0,0.0,0.0,30.02,1.79,0.0
20230322:1530,0.0,0.0,0.0,0.0,0.0,28.03,3.1,0.0
20230322:1630,0.0,0.0,0.0,0.0,0.0,26.09,3.52,0.0
20230322:1730,0.0,0.0,0.0,0.0,0.0,24.79,2.97,0.0
20230322:1830,0.0,0.0,0.0,0.0,0.0,23.84,2.34,0.0
20230322:1930,0.0,0.0,0.0,0.0,0.0,23.29,2.34,0.0
20230322:2030,0.0,0.0,0.0,0.0,0.0,22.77,2.07,0.0
20230322:2130,0.0,0.0,0.0,0.0,0.0,22.23,1.72,0.0
20230322:2230,0.0,0.0,0.0,0.0,0.0,21.78,1.45,0.0
20230322:2330,0.0,0.0,0.0,0.0,0.0,20.84,1.31,0.0
20230323:0030,0.0,0.0,0.0,0.0,0.0,20.35,1.17,0.0
20230323:0130,38.02,47.1,34.8,0.0,7.38,20.04,1.03,0.0
20230323:0230,224.02,212.8,90.2,0.0,22.02,21.33,0.62,0.0
20230323:0330,427.57,445.5,115.8,0.0,36.6,24.8,0.48,0.0
20230323:0430,573.59,642.75,132.45,0.0,50.99,27.84,0.69,0.0
20230323:0530,669.62,784.85,146.8,0.0,64.85,30.16,0.97,0.0
20230323:0630,705.81,836.9,167.7,0.0,76.4,31.82,0.9,0.0
20230323:0730,684.23,809.65,168.5,0.0,76.59,32.89,0.76,0.0
20230323:0830,649.99,765.25,151.1,0.0,65.16,33.73,1.1,0.0
20230323:0930,535.44,567.0,170.65,0.0,51.32,34.2,1.24,0.0
20230323:1030,335.54,301.55,153.2,0.0,36.93,34.38,1.45,0.0
20230323:1130,178.77,174.8,82.4,0.0,22.36,33.94,1.93,0.0
20230323:1230,26.6,23.7,35.7,0.0,7.71,32.94,2.9,0.0
20230323:1330,0.0,0.0,0.0,0.0,0.0,31.17,3.59,0.0
20230323:1430,0.0,0.0,0.0,0.0,0.0,29.27,3.93,0.0
20230323:1530,0.0,0.0,0.0,0.0,0.0,27.75,3.45,0.0
20230323:1630,0.0,0.0,0.0,0.0,0.0,26.62,2.9,0.0
20230323:1730,0.0,0.0,0.0,0.0,0.0,25.73,2.48,0.0
20230323:1830,0.0,0.0,0.0,0.0,0.0,24.8,2.07,0.0
20230323:1930,0.0,0.0,0.0,0.0,0.0,24.26,1.59,0.0
20230323:2030,0.0,0.0,0.0,0.0,0.0,23.39,1.38,0.0
20230323:2130,0.0,0.0,0.0,0.0,0.0,22.45,1.03,0.0
20230323:2230,0.0,0.0,0.0,0.0,0.0,23.1,0.55,0.0
20230323:2330,0.0,0.0,0.0,0.0,0.0,22.55,0.41,0.0
20230324:0030,0.0,0.0,0.0,0.0,0.0,21.96,0.28,0.0
20230324:0130,39.25,36.5,42.8,0.0,7.54,21.54,0.14,0.0
20230324:0230,229.42,216.3,95.55,0.0,22.19,22.27,0.21,0.0
20230324:0330,423.89,437.15,121.9,0.0,36.77,25.15,0.28,0.0
20230324:0430,572.55,635.1,139.5,0.0,51.19,27.75,0.62,0.0
20230324:0530,650.9,750.85,152.9,0.0,65.1,30.03,0.83,0.0
20230324:0630,584.93,618.1,187.2,0.0,76.77,31.79,0.97,0.0
20230324:0730,523.66,537.55,179.5,0.0,76.87,32.26,0.69,0.0
20230324:0830,604.66,665.8,175.0,0.0,65.27,32.66,0.97,0.0
20230324:0930,491.89,490.65,183.0,0.0,51.37,33.64,0.97,0.0
20230324:1030,321.45,287.75,150.05,0.0,36.95,33.67,0.55,0.0
20230324:1130,154.56,127.4,97.7,0.0,22.37,33.5,0.07,0.0
20230324:1230,22.36,18.4,32.95,0.0,7.72,33.08,0.62,0.0
20230324:1330,0.0,0.0,0.0,0.0,0.0,31.88,1.72,0.0
20230324:1430,0.0,0.0,0.0,0.0,0.0,30.03,2.83,0.0
20230324:1530,0.0,0.0,0.0,0.0,0.0,28.4,3.24,0.0
20230324:1630,0.0,0.0,0.0,0.0,0.0,26.95,2.69,0.0
20230324:1730,0.0,0.0,0.0,0.0,0.0,25.91,2.21,0.0
20230324:1830,0.0,0.0,0.0,0.0,0.0,25.01,1.79,0.0
20230324:1930,0.0,0.0,0.0,0.0,0.0,23.99,2.0,0.0
20230324:2030,0.0,0.0,0.0,0.0,0.0,23.27,1.79,0.0
20230324:2130,0.0,0.0,0.0,0.0,0.0,22.67,1.66,0.0
20230324:2230,0.0,0.0,0.0,0.0,0.0,21.94,1.38,0.0
20230324:2330,0.0,0.0,0.0,0.0,0.0,21.39,1.17,0.0
20230325:0030,0.0,0.0,0.0,0.0,-6.94,20.97,1.03,0.0
20230325:0130,35.64,34.9,38.5,0.0,7.7,20.66,1.03,0.0
20230325:0230,220.56,197.3,100.0,0.0,22.35,21.68,0.9,0.0
20230325:0330,393.16,372.35,139.15,0.0,36.95,25.11,1.03,0.0
20230325:0430,516.65,495.25,194.95,0.0,51.39,27.36,0.69,0.0
20230325:0530,571.24,606.8,174.35,0.0,65.35,29.3,0.48,0.0
20230325:0630,501.45,487.65,190.65,0.0,77.14,30.52,0.62,0.0
20230325:0730,609.72,668.4,184.3,0.0,77.15,30.49,0.28,0.0
20230325:0830,486.35,440.05,219.35,0.0,65.37,31.65,0.83,0.0
20230325:0930,462.52,492.75,125.8,0.0,51.41,31.92,1.38,0.0
20230325:1030,278.11,260.95,110.9,0.0,36.97,31.9,1.45,0.0
20230325:1130,145.69,135.7,75.0,0.0,22.38,31.42,1.24,0.0
20230325:1230,24.06,29.2,28.4,0.0,7.73,30.81,1.1,0.0
20230325:1330,0.0,0.0,0.0,0.0,0.0,29.31,2.62,0.0
20230325:1430,0.0,0.0,0.0,0.0,0.0,27.26,2.97,0.0
20230325:1530,0.0,0.0,0.0,0.0,0.0,26.35,1.93,0.0
20230325:1630,0.0,0.0,0.0,0.0,0.0,25.94,1.52,0.0
20230325:1730,0.0,0.0,0.0,0.0,0.0,25.31,1.79,0.0
20230325:1830,0.0,0.0,0.0,0.0,0.0,24.9,1.86,0.0
20230325:1930,0.0,0.0,0.0,0.0,0.0,24.56,2.0,0.0
20230325:2030,0.0,0.0,0.0,0.0,0.0,23.92,2.0,0.0
20230325:2130,0.0,0.0,0.0,0.0,0.0,23.37,1.86,0.0
20230325:2230,0.0,0.0,0.0,0.0,0.0,22.84,1.66,0.0
20230325:2330,0.0,0.0,0.0,0.0,0.0,22.41,1.59,0.0
20230326:0030,0.0,0.0,0.0,0.0,-6.78,21.83,1.59,0.0
20230326:0130,36.81,38.7,37.55,0.0,7.86,21.32,1.59,0.0
20230326:0230,222.93,208.2,93.0,0.0,22.51,22.76,1.31,0.0
20230326:0330,427.14,436.65,118.75,0.0,37.12,25.69,1.52,0.0
20230326:0430,573.26,625.4,140.35,0.0,51.58,28.36,1.45,0.0
20230326:0530,550.03,516.95,232.85,0.0,65.59,30.11,0.76,0.0
20230326:0630,607.72,583.25,269.55,0.0,77.51,31.09,0.41,0.0
20230326:0730,634.58,714.4,181.8,0.0,77.43,31.92,0.48,0.0
20230326:0830,533.62,511.45,226.1,0.0,65.47,32.94,0.69,0.0
20230326:0930,344.74,327.2,134.75,0.0,51.45,33.22,0.9,0.0
20230326:1030,347.22,345.9,123.7,0.0,36.99,32.5,0.62,0.0
20230326:1130,139.51,121.7,81.75,0.0,22.38,32.42,0.76,0.0
20230326:1230,28.99,26.8,36.95,0.0,7.73,31.84,1.52,0.0
20230326:1330,0.0,0.0,0.0,0.0,0.0,31.01,2.07,0.0
20230326:1430,0.0,0.0,0.0,0.0,0.0,29.61,3.03,0.0
20230326:1530,0.0,0.0,0.0,0.0,0.0,28.05,3.86,0.0
20230326:1630,0.0,0.0,0.0,0.0,0.0,26.78,3.59,0.0
20230326:1730,0.0,0.0,0.0,0.0,0.0,25.86,2.9,0.0
20230326:1830,0.0,0.0,0.0,0.0,0.0,25.04,2.48,0.0
20230326:1930,0.0,0.0,0.0,0.0,0.0,24.39,2.28,0.0
20230326:2030,0.0,0.0,0.0,0.0,0.0,23.93,1.93,0.0
20230326:2130,0.0,0.0,0.0,0.0,0.0,23.1,1.86,0.0
20230326:2230,0.0,0.0,0.0,0.0,0.0,22.5,1.72,0.0
20230326:2330,0.0,0.0,0.0,0.0,0.0,21.61,1.66,0.0
20230327:0030,0.0,0.0,0.0,0.0,-6.62,20.57,1.45,0.0
20230327:0130,44.57,53.4,37.7,0.0,8.02,19.9,1.31,0.0
20230327:0230,245.09,241.95,86.5,0.0,22.67,21.21,0.97,0.0
20230327:0330,442.47,464.9,112.65,0.0,37.29,25.41,1.17,0.0
20230327:0430,585.53,656.9,129.1,0.0,51.77,28.24,1.24,0.0
20230327:0530,685.33,802.2,140.1,0.0,65.83,30.53,1.72,0.0
20230327:0630,681.63,745.05,196.6,0.0,77.87,32.33,2.07,0.0
20230327:0730,711.32,838.25,158.85,0.0,77.69,33.14,1.86,0.0
20230327:0830,638.0,722.6,167.25,0.0,65.57,34.13,1.59,0.0
20230327:0930,552.32,624.95,138.45,0.0,51.49,34.68,1.31,0.0
20230327:1030,394.28,424.35,114.75,0.0,37.0,34.82,1.03,0.0
20230327:1130,150.7,140.3,80.45,0.0,22.39,34.72,1.03,0.0
20230327:1230,32.55,40.1,34.35,0.0,7.74,33.98,0.83,0.0
20230327:1330,0.0,0.0,0.0,0.0,0.0,32.88,0.41,0.0
20230327:1430,0.0,0.0,0.0,0.0,0.0,31.68,0.21,0.0
20230327:1530,0.0,0.0,0.0,0.0,0.0,28.36,1.38,0.0
20230327:1630,0.0,0.0,0.0,0.0,0.0,27.28,2.83,0.0
20230327:1730,0.0,0.0,0.0,0.0,0.0,26.02,3.24,0.0
20230327:1830,0.0,0.0,0.0,0.0,0.0,24.97,2.83,0.0
20230327:1930,0.0,0.0,0.0,0.0,0.0,23.97,2.34,0.0
20230327:2030,0.0,0.0,0.0,0.0,0.0,23.2,1.86,0.0
20230327:2130,0.0,0.0,0.0,0.0,0.0,22.25,1.52,0.0
20230327:2230,0.0,0.0,0.0,0.0,0.0,21.4,1.1,0.0
20230327:2330,0.0,0.0,0.0,0.0,0.0,22.37,0.62,0.0
20230328:0030,0.0,0.0,0.0,0.0,-6.45,21.92,0.34,0.0
20230328:0130,46.59,56.3,38.6,0.0,8.18,21.41,0.28,0.0
20230328:0230,247.48,248.95,86.45,0.0,22.83,22.35,0.07,0.0
20230328:0330,446.85,476.4,111.55,0.0,37.46,25.78,0.76,0.0
20230328:0430,599.17,677.85,127.55,0.0,51.96,28.45,1.38,0.0
20230328:0530,695.13,823.7,135.35,0.0,66.07,30.74,1.72,0.0
20230328:0630,737.89,898.35,141.5,0.0,78.23,32.48,1.72,0.0
20230328:0730,718.15,878.45,145.5,0.0,77.95,33.81,1.38,0.0
20230328:0830,660.37,805.0,136.25,0.0,65.66,34.58,0.97,0.0
20230328:0930,561.26,662.85,124.7,0.0,51.52,35.12,0.76,0.0
20230328:1030,413.1,463.45,108.65,0.0,37.02,35.3,0.48,0.0
20230328:1130,223.97,242.4,81.8,0.0,22.39,34.99,0.28,0.0
20230328:1230,37.49,51.55,34.35,0.0,7.74,34.3,0.34,0.0
20230328:1330,0.0,0.0,0.0,0.0,0.0,33.16,0.62,0.0
20230328:1430,0.0,0.0,0.0,0.0,0.0,30.31,1.52,0.0
20230328:1530,0.0,0.0,0.0,0.0,0.0,28.14,1.93,0.0
20230328:1630,0.0,0.0,0.0,0.0,0.0,26.67,2.07,0.0
20230328:1730,0.0,0.0,0.0,0.0,0.0,25.75,2.21,0.0
20230328:1830,0.0,0.0,0.0,0.0,0.0,25.03,2.14,0.0
20230328:1930,0.0,0.0,0.0,0.0,0.0,24.39,1.72,0.0
20230328:2030,0.0,0.0,0.0,0.0,0.0,23.48,1.59,0.0
20230328:2130,0.0,0.0,0.0,0.0,0.0,22.64,1.59,0.0
20230328:2230,0.0,0.0,0.0,0.0,0.0,21.93,1.45,0.0
20230328:2330,0.0,0.0,0.0,0.0,0.0,21.58,1.31,0.0
20230329:0030,0.0,0.0,0.0,0.0,-6.29,21.44,1.17,0.0
20230329:0130,45.9,52.0,40.05,0.0,8.34,21.64,0.9,0.0
20230329:0230,234.88,228.7,89.15,0.0,22.99,22.95,0.55,0.0
20230329:0330,424.77,443.5,113.8,0.0,37.62,26.19,0.9,0.0
20230329:0430,548.61,584.8,149.5,0.0,52.14,28.67,1.17,0.0
20230329:0530,626.91,710.55,147.35,0.0,66.3,30.57,1.31,0.0
20230329:0630,589.35,627.5,185.8,0.0,78.59,32.04,0.97,0.0
20230329:0730,549.93,578.25,181.65,0.0,78.2,32.57,0.62,0.0
20230329:0830,505.97,525.3,172.85,0.0,65.74,32.94,0.34,0.0
20230329:0930,395.31,369.55,165.55,0.0,51.55,33.13,0.55,0.0
20230329:1030,199.6,150.95,122.7,0.0,37.03,32.87,0.55,0.0
20230329:1130,125.78,97.1,87.45,0.0,22.4,32.38,0.83,0.0
20230329:1230,15.63,23.45,19.75,0.0,7.74,31.85,1.66,0.0
20230329:1330,0.0,0.0,0.0,0.0,0.0,30.67,2.76,0.0
20230329:1430,0.0,0.0,0.0,0.0,0.0,29.06,2.55,0.0
20230329:1530,0.0,0.0,0.0,0.0,0.0,27.74,2.21,0.0
20230329:1630,0.0,0.0,0.0,0.0,0.0,26.69,2.07,0.0
20230329:1730,0.0,0.0,0.0,0.0,0.0,26.09,2.0,0.0
20230329:1830,0.0,0.0,0.0,0.0,0.0,25.48,2.07,0.0
20230329:1930,0.0,0.0,0.0,0.0,0.0,24.71,2.14,0.0
20230329:2030,0.0,0.0,0.0,0.0,0.0,24.31,1.66,0.0
20230329:2130,0.0,0.0,0.0,0.0,0.0,23.76,1.31,0.0
20230329:2230,0.0,0.0,0.0,0.0,0.0,23.41,1.31,0.0
20230329:2330,0.0,0.0,0.0,0.0,0.0,22.92,1.52,0.0
20230330:0030,0.0,0.0,0.0,0.0,-6.13,22.29,1.72,0.0
20230330:0130,42.61,47.3,38.55,0.0,8.5,22.01,1.45,0.0
20230330:0230,182.1,156.25,91.7,0.0,23.15,23.14,1.17,0.0
20230330:0330,411.32,405.95,130.5,0.0,37.78,25.4,0.97,0.0
20230330:0430,546.81,586.4,149.8,0.0,52.32,28.15,0.69,0.0
20230330:0530,496.07,480.3,194.7,0.0,66.52,29.84,0.14,0.0
20230330:0630,521.6,534.85,179.1,0.0,78.94,30.73,0.28,0.0
20230330:0730,385.7,324.5,193.7,0.0,78.44,31.3,0.28,0.0
20230330:0830,462.72,423.65,207.2,0.0,65.81,31.21,0.14,0.0
20230330:0930,387.77,383.3,137.9,0.0,51.58,31.76,0.34,0.0
20230330:1030,320.3,313.15,117.8,0.0,37.04,31.82,0.62,0.0
20230330:1130,173.35,177.5,71.75,0.0,22.4,31.82,0.62,0.0
20230330:1230,26.45,36.75,27.25,0.0,7.75,31.23,0.62,0.0
20230330:1330,0.0,0.0,0.0,0.0,0.0,30.48,0.41,0.0
20230330:1430,0.0,0.0,0.0,0.0,0.0,28.33,1.1,0.0
20230330:1530,0.0,0.0,0.0,0.0,0.0,27.08,1.24,0.0
20230330:1630,0.0,0.0,0.0,0.0,0.0,26.52,1.31,0.0
20230330:1730,0.0,0.0,0.0,0.0,0.0,25.66,1.93,0.0
20230330:1830,0.0,0.0,0.0,0.0,0.0,24.78,2.34,0.0
20230330:1930,0.0,0.0,0.0,0.0,0.0,24.67,1.79,0.0
20230330:2030,0.0,0.0,0.0,0.0,0.0,24.02,2.0,0.0
20230330:2130,0.0,0.0,0.0,0.0,0.0,23.3,2.07,0.0
20230330:2230,0.0,0.0,0.0,0.0,0.0,22.96,2.14,0.0
20230330:2330,0.0,0.0,0.0,0.0,0.0,22.7,2.14,0.0
20230331:0030,0.0,0.0,0.0,0.0,-5.96,22.34,2.07,0.0
20230331:0130,41.0,44.4,38.0,0.0,8.65,22.03,2.0,0.0
20230331:0230,227.12,208.55,95.3,0.0,23.31,22.81,2.14,0.0
20230331:0330,435.25,432.25,129.7,0.0,37.95,25.14,1.93,0.0
20230331:0430,587.96,647.4,133.85,0.0,52.5,27.85,1.72,0.0
20230331:0530,674.75,782.25,143.85,0.0,66.74,30.16,1.59,0.0
20230331:0630,602.61,655.4,173.3,0.0,79.29,32.03,1.24,0.0
20230331:0730,580.14,617.2,182.9,0.0,78.67,32.82,1.1,0.0
20230331:0830,612.31,713.6,139.65,0.0,65.88,33.26,1.03,0.0
20230331:0930,502.2,562.4,125.95,0.0,51.6,33.81,0.9,0.0
20230331:1030,284.82,279.3,107.55,0.0,37.04,33.94,0.69,0.0
20230331:1130,115.21,105.3,66.75,0.0,22.4,33.18,0.55,0.0
20230331:1230,6.89,4.55,17.4,0.0,7.75,32.73,0.41,0.0
20230331:1330,0.0,0.0,0.0,0.0,0.0,32.03,0.62,0.0
20230331:1430,0.0,0.0,0.0,0.0,0.0,30.72,1.31,0.0
20230331:1530,0.0,0.0,0.0,0.0,0.0,29.35,2.07,0.0
20230331:1630,0.0,0.0,0.0,0.0,0.0,28.06,2.62,0.0
20230331:1730,0.0,0.0,0.0,0.0,0.0,26.71,2.83,0.0
20230331:1830,0.0,0.0,0.0,0.0,0.0,25.72,2.62,0.0
20230331:1930,0.0,0.0,0.0,0.0,0.0,24.84,2.41,0.0
20230331:2030,0.0,0.0,0.0,0.0,0.0,24.22,2.14,0.0
20230331:2130,0.0,0.0,0.0,0.0,0.0,23.68,1.72,0.0
20230331:2230,0.0,0.0,0.0,0.0,0.0,23.03,1.52,0.0
20230331:2330,0.0,0.0,0.0,0.0,0.0,22.14,1.24,0.0
20230401:0030,0.0,0.0,0.0,0.0,-5.8,21.48,1.1,0.0
20230401:0130,50.69,55.95,42.3,0.0,8.81,21.21,0.97,0.0
20230401:0230,236.14,223.05,94.6,0.0,23.46,22.68,0.69,0.0
20230401:0330,428.78,448.6,114.75,0.0,38.1,25.93,0.69,0.0
20230401:0430,542.07,587.55,141.65,0.0,52.67,28.52,0.76,0.0
20230401:0530,565.79,600.55,174.5,0.0,66.96,30.4,0.62,0.0
20230401:0630,509.24,514.9,178.95,0.0,79.64,31.44,0.55,0.0
20230401:0730,504.69,489.1,201.4,0.0,78.9,31.84,0.48,0.0
20230401:0830,490.03,522.95,144.95,0.0,65.94,32.41,0.55,0.0
20230401:0930,474.27,480.8,165.15,0.0,51.62,32.77,0.76,0.0
20230401:1030,349.27,354.95,118.4,0.0,37.05,33.1,0.69,0.0
20230401:1130,161.55,149.05,84.9,0.0,22.4,33.09,0.69,0.0
20230401:1230,23.89,29.35,28.4,0.0,7.75,32.8,1.03,0.0
20230401:1330,0.0,0.0,0.0,0.0,0.0,31.52,1.79,0.0
20230401:1430,0.0,0.0,0.0,0.0,0.0,29.66,2.76,0.0
20230401:1530,0.0,0.0,0.0,0.0,0.0,27.9,2.97,0.0
20230401:1630,0.0,0.0,0.0,0.0,0.0,26.52,2.9,0.0
20230401:1730,0.0,0.0,0.0,0.0,0.0,25.4,2.55,0.0
20230401:1830,0.0,0.0,0.0,0.0,0.0,24.59,2.34,0.0
20230401:1930,0.0,0.0,0.0,0.0,0.0,24.07,2.21,0.0
20230401:2030,0.0,0.0,0.0,0.0,0.0,23.55,2.07,0.0
20230401:2130,0.0,0.0,0.0,0.0,0.0,22.98,2.0,0.0
20230401:2230,0.0,0.0,0.0,0.0,0.0,22.49,1.93,0.0
20230401:2330,0.0,0.0,0.0,0.0,0.0,22.02,1.86,0.0
20230402:0030,0.0,0.0,0.0,0.0,-5.64,21.57,1.86,0.0
20230402:0130,46.97,47.15,43.0,0.0,8.97,21.26,1.66,0.0
20230402:0230,247.05,233.85,95.15,0.0,23.61,22.22,1.59,0.0
20230402:0330,432.82,435.65,122.45,0.0,38.26,24.81,1.79,0.0
20230402:0430,594.01,654.4,132.85,0.0,52.84,27.41,1.79,0.0
20230402:0530,685.63,799.6,142.9,0.0,67.17,29.74,1.52,0.0
20230402:0630,666.58,752.2,179.75,0.0,79.98,31.58,1.1,0.0
20230402:0730,643.0,731.0,166.3,0.0,79.11,32.39,1.1,0.0
20230402:0830,611.26,688.8,165.0,0.0,66.0,33.23,0.97,0.0
20230402:0930,430.06,427.5,155.75,0.0,51.64,33.75,0.9,0.0
20230402:1030,369.85,380.45,121.8,0.0,37.05,33.46,0.83,0.0
20230402:1130,160.66,156.5,76.6,0.0,22.4,33.49,1.1,0.0
20230402:1230,28.65,39.0,29.35,0.0,7.76,33.18,0.9,0.0
20230402:1330,0.0,0.0,0.0,0.0,0.0,32.14,1.59,0.0
20230402:1430,0.0,0.0,0.0,0.0,0.0,29.51,3.52,0.0
20230402:1530,0.0,0.0,0.0,0.0,0.0,26.93,4.41,0.0
20230402:1630,0.0,0.0,0.0,0.0,0.0,25.27,4.07,0.0
20230402:1730,0.0,0.0,0.0,0.0,0.0,24.32,3.17,0.0
20230402:1830,0.0,0.0,0.0,0.0,0.0,23.73,2.62,0.0
20230402:1930,0.0,0.0,0.0,0.0,0.0,23.18,2.07,0.0
20230402:2030,0.0,0.0,0.0,0.0,0.0,22.66,1.86,0.0
20230402:2130,0.0,0.0,0.0,0.0,0.0,22.08,1.66,0.0
20230402:2230,0.0,0.0,0.0,0.0,0.0,21.58,1.38,0.0
20230402:2330,0.0,0.0,0.0,0.0,0.0,21.03,1.24,0.0
20230403:0030,0.0,0.0,0.0,0.0,-5.48,20.43,1.03,0.0
20230403:0130,51.54,57.45,41.35,0.0,9.12,20.35,0.97,0.0
20230403:0230,246.48,235.5,93.5,0.0,23.76,21.73,0.76,0.0
20230403:0330,441.17,459.1,118.55,0.0,38.41,25.01,0.69,0.0
20230403:0430,540.01,577.65,151.65,0.0,53.01,27.94,0.41,0.0
20230403:0530,661.3,782.85,148.5,0.0,67.37,30.0,0.41,0.0
20230403:0630,651.46,749.0,177.3,0.0,80.31,31.91,0.41,0.0
20230403:0730,633.61,732.6,164.1,0.0,79.31,32.77,0.55,0.0
20230403:0830,537.14,543.45,202.95,0.0,66.05,33.71,0.62,0.0
20230403:0930,411.6,364.0,199.5,0.0,51.65,34.04,0.41,0.0
20230403:1030,252.5,227.45,118.15,0.0,37.05,34.04,0.21,0.0
20230403:1130,118.55,96.75,79.7,0.0,22.4,33.55,0.34,0.0
20230403:1230,24.54,29.25,29.4,0.0,7.76,32.92,1.17,0.0
20230403:1330,0.0,0.0,0.0,0.0,0.0,31.77,2.14,0.0
20230403:1430,0.0,0.0,0.0,0.0,0.0,29.7,2.62,0.0
20230403:1530,0.0,0.0,0.0,0.0,0.0,28.14,2.97,0.0
20230403:1630,0.0,0.0,0.0,0.0,0.0,26.54,3.17,0.0
20230403:1730,0.0,0.0,0.0,0.0,0.0,25.45,2.69,0.0
20230403:1830,0.0,0.0,0.0,0.0,0.0,24.69,2.0,0.0
20230403:1930,0.0,0.0,0.0,0.0,0.0,24.22,2.0,0.0
20230403:2030,0.0,0.0,0.0,0.0,0.0,23.63,1.72,0.0
20230403:2130,0.0,0.0,0.0,0.0,0.0,23.17,1.72,0.0
20230403:2230,0.0,0.0,0.0,0.0,0.0,22.64,1.59,0.0
20230403:2330,0.0,0.0,0.0,0.0,0.0,22.25,1.59,0.0
20230404:0030,0.0,0.0,0.0,0.0,-5.32,21.93,1.59,0.0
20230404:0130,40.65,37.75,40.85,0.0,9.27,21.81,1.45,0.0
20230404:0230,189.59,155.7,99.7,0.0,23.91,22.62,1.38,0.0
20230404:0330,356.43,336.15,123.35,0.0,38.57,24.72,1.24,0.0
20230404:0430,525.9,502.2,195.6,0.0,53.17,27.04,1.03,0.0
20230404:0530,616.77,663.0,178.5,0.0,67.57,29.22,1.03,0.0
20230404:0630,207.43,20.95,262.55,0.0,80.64,30.76,0.76,0.0
20230404:0730,138.64,14.1,178.8,0.0,79.5,28.64,0.9,0.0
20230404:0830,220.35,54.05,242.25,0.0,66.1,28.58,0.55,0.0
20230404:0930,96.42,8.6,131.5,0.0,51.66,29.15,0.83,0.0
20230404:1030,87.15,16.1,111.9,0.0,37.05,28.89,1.17,0.0
20230404:1130,78.82,49.5,70.35,0.0,22.4,28.88,1.59,0.0
20230404:1230,14.56,6.95,27.75,0.0,7.76,28.67,1.86,0.0
20230404:1330,0.0,0.0,0.0,0.0,0.0,28.03,1.59,0.0
20230404:1430,0.0,0.0,0.0,0.0,0.0,26.87,1.66,0.0
20230404:1530,0.0,0.0,0.0,0.0,0.0,25.84,1.79,0.0
20230404:1630,0.0,0.0,0.0,0.0,0.0,24.91,1.86,0.0
20230404:1730,0.0,0.0,0.0,0.0,0.0,24.31,1.86,0.0
20230404:1830,0.0,0.0,0.0,0.0,0.0,23.73,1.79,0.0
20230404:1930,0.0,0.0,0.0,0.0,0.0,23.55,1.38,0.0
20230404:2030,0.0,0.0,0.0,0.0,0.0,22.74,1.03,0.0
20230404:2130,0.0,0.0,0.0,0.0,0.0,22.42,0.97,0.0
20230404:2230,0.0,0.0,0.0,0.0,0.0,21.59,1.52,0.0
20230404:2330,0.0,0.0,0.0,0.0,0.0,21.46,1.72,0.0
20230405:0030,0.0,0.0,0.0,0.0,-5.16,21.3,1.52,0.0
20230405:0130,47.09,45.15,43.55,0.0,9.42,20.91,1.31,0.0
20230405:0230,223.65,195.55,105.15,0.0,24.06,23.09,0.62,0.0
20230405:0330,435.66,446.35,126.9,0.0,38.71,26.27,0.76,0.0
20230405:0430,571.75,626.05,149.3,0.0,53.33,28.5,0.69,0.0
20230405:0530,660.79,771.15,152.9,0.0,67.76,30.49,0.76,0.0
20230405:0630,592.15,582.95,232.1,0.0,80.96,32.07,1.24,0.0
20230405:0730,634.33,643.8,232.95,0.0,79.67,32.81,1.72,0.0
20230405:0830,567.32,569.3,206.0,0.0,66.14,33.7,1.86,0.0
20230405:0930,434.26,390.25,193.8,0.0,51.67,34.06,1.93,0.0
20230405:1030,253.89,220.5,122.55,0.0,37.05,33.75,1.72,0.0
20230405:1130,167.09,117.15,121.2,0.0,22.39,32.87,1.86,0.0
20230405:1230,27.33,26.6,34.75,0.0,7.76,32.12,2.14,0.0
20230405:1330,0.0,0.0,0.0,0.0,0.0,31.21,2.0,0.0
20230405:1430,0.0,0.0,0.0,0.0,0.0,29.71,2.34,0.0
20230405:1530,0.0,0.0,0.0,0.0,0.0,28.26,2.55,0.0
20230405:1630,0.0,0.0,0.0,0.0,0.0,27.1,2.34,0.0
20230405:1730,0.0,0.0,0.0,0.0,0.0,25.96,2.48,0.0
20230405:1830,0.0,0.0,0.0,0.0,0.0,25.06,2.62,0.0
20230405:1930,0.0,0.0,0.0,0.0,0.0,24.41,2.69,0.0
20230405:2030,0.0,0.0,0.0,0.0,0.0,23.6,2.69,0.0
20230405:2130,0.0,0.0,0.0,0.0,0.0,23.08,2.48,0.0
20230405:2230,0.0,0.0,0.0,0.0,0.0,22.65,2.0,0.0
20230405:2330,0.0,0.0,0.0,0.0,0.0,22.29,1.79,0.0
20230406:0030,0.0,0.0,0.0,0.0,-5.0,22.03,1.72,0.0
20230406:0130,53.57,54.45,45.3,0.0,9.57,21.7,1.52,0.0
20230406:0230,221.13,180.8,114.2,0.0,24.2,22.75,1.45,0.0
20230406:0330,376.2,280.85,208.7,0.0,38.86,25.1,1.03,0.0
20230406:0430,511.1,485.25,198.75,0.0,53.48,27.47,0.55,0.0
20230406:0530,648.63,731.8,180.8,0.0,67.94,29.54,0.28,0.0
20230406:0630,583.75,597.4,206.7,0.0,81.27,31.26,0.83,0.0
20230406:0730,474.76,440.7,195.2,0.0,79.84,31.9,1.45,0.0
20230406:0830,422.82,424.7,134.1,0.0,66.17,32.21,1.93,0.0
20230406:0930,386.49,365.55,145.65,0.0,51.68,32.42,2.07,0.0
20230406:1030,272.47,242.15,122.25,0.0,37.04,32.46,2.0,0.0
20230406:1130,162.48,134.8,97.35,0.0,22.39,32.21,2.28,0.0
20230406:1230,25.81,29.4,30.8,0.0,7.76,31.62,2.48,0.0
20230406:1330,0.0,0.0,0.0,0.0,0.0,30.35,1.86,0.0
20230406:1430,0.0,0.0,0.0,0.0,0.0,29.14,2.0,0.0
20230406:1530,0.0,0.0,0.0,0.0,0.0,28.04,2.28,0.0
20230406:1630,0.0,0.0,0.0,0.0,0.0,27.51,2.0,0.0
20230406:1730,0.0,0.0,0.0,0.0,0.0,26.88,1.72,0.0
20230406:1830,0.0,0.0,0.0,0.0,0.0,26.13,1.45,0.0
20230406:1930,0.0,0.0,0.0,0.0,0.0,24.92,1.45,0.0
20230406:2030,0.0,0.0,0.0,0.0,0.0,23.75,1.38,0.0
20230406:2130,0.0,0.0,0.0,0.0,0.0,23.16,1.45,0.0
20230406:2230,0.0,0.0,0.0,0.0,0.0,22.48,1.52,0.0
20230406:2330,0.0,0.0,0.0,0.0,0.0,21.71,1.45,0.0
20230407:0030,0.0,0.0,0.0,0.0,-4.84,21.42,1.17,0.0
20230407:0130,59.6,63.8,46.0,0.0,9.72,21.36,0.97,0.0
20230407:0230,256.06,252.8,89.9,0.0,24.35,22.86,0.62,0.0
20230407:0330,448.97,473.75,118.55,0.0,39.0,26.15,0.62,0.0
20230407:0430,590.25,658.15,137.35,0.0,53.63,28.33,1.1,0.0
20230407:0530,593.39,603.4,196.0,0.0,68.12,30.24,1.79,0.0
20230407:0630,615.93,608.0,220.45,0.0,81.58,31.5,2.69,0.0
20230407:0730,634.81,697.2,158.7,0.0,79.99,32.38,2.9,0.0
20230407:0830,562.28,589.5,160.05,0.0,66.2,33.15,3.31,0.0
20230407:0930,501.26,501.1,164.05,0.0,51.68,33.48,3.52,0.0
20230407:1030,334.64,336.6,106.55,0.0,37.04,33.51,3.86,0.0
20230407:1130,200.84,202.5,81.2,0.0,22.39,32.89,4.07,0.0
20230407:1230,32.08,44.4,30.4,0.0,7.77,31.9,4.14,0.0
20230407:1330,0.0,0.0,0.0,0.0,0.0,30.28,3.38,0.0
20230407:1430,0.0,0.0,0.0,0.0,0.0,28.79,3.03,0.0
20230407:1530,0.0,0.0,0.0,0.0,0.0,27.72,2.76,0.0
20230407:1630,0.0,0.0,0.0,0.0,0.0,26.84,2.55,0.0
20230407:1730,0.0,0.0,0.0,0.0,0.0,25.93,2.34,0.0
20230407:1830,0.0,0.0,0.0,0.0,0.0,25.23,2.14,0.0
20230407:1930,0.0,0.0,0.0,0.0,0.0,24.49,1.93,0.0
20230407:2030,0.0,0.0,0.0,0.0,0.0,23.55,1.86,0.0
20230407:2130,0.0,0.0,0.0,0.0,0.0,22.54,1.86,0.0
20230407:2230,0.0,0.0,0.0,0.0,0.0,21.69,1.72,0.0
20230407:2330,0.0,0.0,0.0,0.0,0.0,20.89,1.59,0.0
20230408:0030,0.0,0.0,0.0,0.0,-4.68,20.46,1.45,0.0
20230408:0130,63.66,69.4,46.35,0.0,9.87,20.39,1.24,0.0
20230408:0230,267.05,265.2,90.55,0.0,24.49,22.44,0.76,0.0
20230408:0330,460.48,486.0,115.65,0.0,39.14,26.28,1.45,0.0
20230408:0430,609.28,676.85,131.5,0.0,53.78,28.48,2.28,0.0
20230408:0530,707.21,810.85,144.4,0.0,68.29,30.47,2.97,0.0
20230408:0630,754.57,881.1,148.0,0.0,81.88,31.99,3.52,0.0
20230408:0730,753.36,879.5,144.65,0.0,80.13,33.11,4.21,0.0
20230408:0830,679.14,751.8,162.3,0.0,66.23,33.77,4.41,0.0
20230408:0930,587.03,648.75,132.6,0.0,51.68,34.12,4.55,0.0
20230408:1030,427.26,455.4,110.6,0.0,37.03,34.01,4.55,0.0
20230408:1130,220.12,227.4,82.65,0.0,22.38,33.46,4.41,0.0
20230408:1230,36.89,47.45,35.2,0.0,7.77,32.36,4.28,0.0
20230408:1330,0.0,0.0,0.0,0.0,0.0,30.56,3.52,0.0
20230408:1430,0.0,0.0,0.0,0.0,0.0,28.95,3.24,0.0
20230408:1530,0.0,0.0,0.0,0.0,0.0,27.7,3.17,0.0
20230408:1630,0.0,0.0,0.0,0.0,0.0,26.67,2.9,0.0
20230408:1730,0.0,0.0,0.0,0.0,0.0,25.8,2.69,0.0
20230408:1830,0.0,0.0,0.0,0.0,0.0,25.05,2.62,0.0
20230408:1930,0.0,0.0,0.0,0.0,0.0,24.37,2.34,0.0
20230408:2030,0.0,0.0,0.0,0.0,0.0,23.65,1.93,0.0
20230408:2130,0.0,0.0,0.0,0.0,0.0,22.52,1.52,0.0
20230408:2230,0.0,0.0,0.0,0.0,0.0,21.96,1.1,0.0
20230408:2330,0.0,0.0,0.0,0.0,0.0,22.19,0.9,0.0
20230409:0030,0.0,0.0,0.0,0.0,-4.53,22.22,0.69,0.0
20230409:0130,64.45,69.95,47.15,0.0,10.01,21.63,0.69,0.0
20230409:0230,269.48,266.5,91.1,0.0,24.62,21.6,0.62,0.0
20230409:0330,463.28,488.2,115.75,0.0,39.27,25.48,1.31,0.0
20230409:0430,609.18,681.8,131.1,0.0,53.92,27.55,1.59,0.0
20230409:0530,701.55,818.5,140.6,0.0,68.46,29.44,1.86,0.0
20230409:0630,741.09,881.3,145.35,0.0,82.17,31.07,2.14,0.0
20230409:0730,730.4,869.9,147.25,0.0,80.26,32.34,2.14,0.0
20230409:0830,674.95,794.95,137.15,0.0,66.24,33.28,2.21,0.0
20230409:0930,570.41,646.7,127.4,0.0,51.67,34.0,2.41,0.0
20230409:1030,413.21,443.35,110.85,0.0,37.02,34.09,2.69,0.0
20230409:1130,218.78,228.3,82.1,0.0,22.38,33.78,2.83,0.0
20230409:1230,35.65,46.8,34.1,0.0,7.77,32.92,2.97,0.0
20230409:1330,0.0,0.0,0.0,0.0,0.0,31.31,2.48,0.0
20230409:1430,0.0,0.0,0.0,0.0,0.0,29.58,2.76,0.0
20230409:1530,0.0,0.0,0.0,0.0,0.0,28.36,3.03,0.0
20230409:1630,0.0,0.0,0.0,0.0,0.0,27.4,2.97,0.0
20230409:1730,0.0,0.0,0.0,0.0,0.0,26.56,2.48,0.0
20230409:1830,0.0,0.0,0.0,0.0,0.0,25.53,1.86,0.0
20230409:1930,0.0,0.0,0.0,0.0,0.0,24.46,1.59,0.0
20230409:2030,0.0,0.0,0.0,0.0,0.0,23.29,1.31,0.0
20230409:2130,0.0,0.0,0.0,0.0,0.0,22.73,1.17,0.0
20230409:2230,0.0,0.0,0.0,0.0,0.0,21.81,1.38,0.0
20230409:2330,0.0,0.0,0.0,0.0,0.0,21.02,1.66,0.0
20230410:0030,0.0,0.0,0.0,0.0,-4.37,20.57,1.79,0.0
20230410:0130,65.75,70.1,47.55,0.0,10.15,20.27,1.86,0.0
20230410:0230,268.33,263.1,91.95,0.0,24.76,22.68,1.66,0.0
20230410:0330,464.6,481.65,117.15,0.0,39.41,25.52,2.34,0.0
20230410:0430,613.63,676.9,131.75,0.0,54.05,27.84,2.55,0.0
20230410:0530,709.31,815.8,140.8,0.0,68.62,30.16,2.97,0.0
20230410:0630,718.34,804.85,169.95,0.0,82.45,32.2,3.52,0.0
20230410:0730,683.31,759.55,165.6,0.0,80.38,33.27,3.66,0.0
20230410:0830,642.49,717.9,148.45,0.0,66.26,34.07,3.79,0.0
20230410:0930,528.34,559.35,143.75,0.0,51.67,34.44,4.0,0.0
20230410:1030,394.66,421.2,102.9,0.0,37.02,34.43,4.21,0.0
20230410:1130,208.37,211.35,83.55,0.0,22.37,33.94,4.41,0.0
20230410:1230,35.1,47.05,33.1,0.0,7.78,32.76,4.41,0.0
20230410:1330,0.0,0.0,0.0,0.0,0.0,30.92,3.79,0.0
20230410:1430,0.0,0.0,0.0,0.0,0.0,29.42,3.72,0.0
20230410:1530,0.0,0.0,0.0,0.0,0.0,28.29,3.59,0.0
20230410:1630,0.0,0.0,0.0,0.0,0.0,27.43,3.38,0.0
20230410:1730,0.0,0.0,0.0,0.0,0.0,26.65,3.1,0.0
20230410:1830,0.0,0.0,0.0,0.0,0.0,25.88,2.62,0.0
20230410:1930,0.0,0.0,0.0,0.0,0.0,25.21,2.07,0.0
20230410:2030,0.0,0.0,0.0,0.0,0.0,24.39,1.66,0.0
20230410:2130,0.0,0.0,0.0,0.0,0.0,23.22,1.31,0.0
20230410:2230,0.0,0.0,0.0,0.0,0.0,22.58,1.17,0.0
20230410:2330,0.0,0.0,0.0,0.0,0.0,22.4,1.03,0.0
20230411:0030,0.0,0.0,0.0,0.0,-4.22,22.11,0.97,0.0
20230411:0130,68.27,73.6,48.25,0.0,10.29,21.08,1.1,0.0
20230411:0230,273.75,271.5,91.75,0.0,24.89,22.51,0.97,0.0
20230411:0330,467.04,491.35,116.65,0.0,39.53,26.3,1.79,0.0
20230411:0430,614.42,683.2,132.45,0.0,54.19,28.61,2.34,0.0
20230411:0530,708.46,819.7,142.05,0.0,68.77,30.75,2.76,0.0
20230411:0630,753.28,892.35,144.35,0.0,82.71,32.5,3.1,0.0
20230411:0730,737.64,874.3,146.25,0.0,80.48,33.93,3.1,0.0
20230411:0830,666.52,763.75,147.7,0.0,66.27,34.76,3.31,0.0
20230411:0930,542.57,570.15,160.4,0.0,51.66,35.08,3.38,0.0
20230411:1030,403.07,425.25,114.85,0.0,37.01,35.1,3.45,0.0
20230411:1130,217.4,224.5,84.75,0.0,22.37,34.71,3.31,0.0
20230411:1230,35.57,48.85,32.95,0.0,7.78,33.8,3.17,0.0
20230411:1330,0.0,0.0,0.0,0.0,0.0,31.96,2.62,0.0
20230411:1430,0.0,0.0,0.0,0.0,0.0,29.99,2.76,0.0
20230411:1530,0.0,0.0,0.0,0.0,0.0,28.71,3.1,0.0
20230411:1630,0.0,0.0,0.0,0.0,0.0,27.92,2.9,0.0
20230411:1730,0.0,0.0,0.0,0.0,0.0,26.89,2.62,0.0
20230411:1830,0.0,0.0,0.0,0.0,0.0,25.91,2.14,0.0
20230411:1930,0.0,0.0,0.0,0.0,0.0,24.53,1.59,0.0
20230411:2030,0.0,0.0,0.0,0.0,0.0,24.24,0.9,0.0
20230411:2130,0.0,0.0,0.0,0.0,0.0,22.67,1.1,0.0
20230411:2230,0.0,0.0,0.0,0.0,0.0,21.05,1.31,0.0
20230411:2330,0.0,0.0,0.0,0.0,0.0,20.07,1.52,0.0
20230412:0030,0.0,0.0,0.0,0.0,-4.07,19.37,1.59,0.0
20230412:0130,72.53,78.45,48.6,0.0,10.43,18.91,1.52,0.0
20230412:0230,283.39,283.95,89.75,0.0,25.02,21.42,0.97,0.0
20230412:0330,467.32,504.2,114.6,0.0,39.66,26.04,0.48,0.0
20230412:0430,602.55,701.4,128.15,0.0,54.31,28.84,0.41,0.0
20230412:0530,697.75,839.8,136.65,0.0,68.91,31.14,1.24,0.0
20230412:0630,743.34,905.8,140.6,0.0,82.97,33.13,2.0,0.0
20230412:0730,740.55,894.2,142.25,0.0,80.57,34.57,2.69,0.0
20230412:0830,685.38,810.9,134.15,0.0,66.27,35.5,3.24,0.0
20230412:0930,583.41,666.25,123.6,0.0,51.65,35.86,3.66,0.0
20230412:1030,422.28,461.05,106.8,0.0,37.0,35.9,3.66,0.0
20230412:1130,221.09,232.95,82.35,0.0,22.36,35.54,3.66,0.0
20230412:1230,37.55,51.0,34.55,0.0,7.79,34.64,3.38,0.0
20230412:1330,0.0,0.0,0.0,0.0,0.0,32.64,2.69,0.0
20230412:1430,0.0,0.0,0.0,0.0,0.0,30.59,2.9,0.0
20230412:1530,0.0,0.0,0.0,0.0,0.0,29.1,3.03,0.0
20230412:1630,0.0,0.0,0.0,0.0,0.0,27.99,2.9,0.0
20230412:1730,0.0,0.0,0.0,0.0,0.0,26.96,2.55,0.0
20230412:1830,0.0,0.0,0.0,0.0,0.0,25.86,1.93,0.0
20230412:1930,0.0,0.0,0.0,0.0,0.0,24.24,1.24,0.0
20230412:2030,0.0,0.0,0.0,0.0,0.0,25.09,0.48,0.0
20230412:2130,0.0,0.0,0.0,0.0,0.0,23.73,0.83,0.0
20230412:2230,0.0,0.0,0.0,0.0,0.0,21.92,1.1,0.0
20230412:2330,0.0,0.0,0.0,0.0,0.0,20.84,1.1,0.0
20230413:0030,0.0,0.0,0.0,0.0,-3.92,20.38,1.1,0.0
20230413:0130,74.38,81.8,48.6,0.0,10.57,19.95,1.1,0.0
20230413:0230,284.88,290.05,88.55,0.0,25.15,22.43,0.55,0.0
20230413:0330,469.05,514.6,111.5,0.0,39.78,26.57,0.21,0.0
20230413:0430,609.95,708.35,126.0,0.0,54.43,29.73,0.97,0.0
20230413:0530,705.86,845.25,135.45,0.0,69.05,32.23,1.93,0.0
20230413:0630,754.95,911.85,139.85,0.0,83.21,34.1,2.97,0.0
20230413:0730,752.32,904.8,139.3,0.0,80.64,35.24,3.59,0.0
20230413:0830,695.71,820.6,134.1,0.0,66.27,36.06,4.0,0.0
20230413:0930,586.91,670.7,123.5,0.0,51.64,36.42,4.07,0.0
20230413:1030,426.95,467.85,107.05,0.0,36.98,36.45,3.93,0.0
20230413:1130,225.97,240.8,82.0,0.0,22.36,36.04,3.66,0.0
20230413:1230,37.93,51.85,34.65,0.0,7.79,35.03,3.24,0.0
20230413:1330,0.0,0.0,0.0,0.0,0.0,32.91,2.55,0.0
20230413:1430,0.0,0.0,0.0,0.0,0.0,30.7,2.9,0.0
20230413:1530,0.0,0.0,0.0,0.0,0.0,29.26,3.1,0.0
20230413:1630,0.0,0.0,0.0,0.0,0.0,28.07,2.76,0.0
20230413:1730,0.0,0.0,0.0,0.0,0.0,26.81,2.21,0.0
20230413:1830,0.0,0.0,0.0,0.0,0.0,25.41,2.69,0.0
20230413:1930,0.0,0.0,0.0,0.0,0.0,24.55,2.48,0.0
20230413:2030,0.0,0.0,0.0,0.0,0.0,23.59,2.41,0.0
20230413:2130,0.0,0.0,0.0,0.0,0.0,22.8,2.41,0.0
20230413:2230,0.0,0.0,0.0,0.0,0.0,22.29,2.21,0.0
20230413:2330,0.0,0.0,0.0,0.0,0.0,21.81,2.14,0.0
20230414:0030,0.0,0.0,0.0,0.0,-3.78,21.57,2.0,0.0
20230414:0130,68.05,62.95,54.7,0.0,10.7,21.38,1.79,0.0
20230414:0230,272.54,260.35,98.95,0.0,25.27,22.45,1.52,0.0
20230414:0330,465.91,491.65,117.35,0.0,39.9,25.51,1.1,0.0
20230414:0430,596.28,681.3,133.35,0.0,54.55,28.68,0.62,0.0
20230414:0530,666.31,811.8,147.3,0.0,69.18,31.34,0.07,0.0
20230414:0630,719.81,877.05,158.1,0.0,83.44,33.18,0.97,0.0
20230414:0730,724.56,881.2,150.75,0.0,80.7,34.44,1.66,0.0
20230414:0830,674.51,795.85,146.2,0.0,66.26,35.54,2.34,0.0
20230414:0930,570.34,631.3,146.2,0.0,51.62,36.18,3.1,0.0
20230414:1030,410.99,420.35,134.75,0.0,36.97,36.18,3.31,0.0
20230414:1130,213.48,210.5,94.3,0.0,22.35,35.64,3.38,0.0
20230414:1230,36.23,47.45,34.9,0.0,7.8,34.61,2.83,0.0
20230414:1330,0.0,0.0,0.0,0.0,0.0,32.83,2.07,0.0
20230414:1430,0.0,0.0,0.0,0.0,0.0,30.86,2.69,0.0
20230414:1530,0.0,0.0,0.0,0.0,0.0,29.5,2.97,0.0
20230414:1630,0.0,0.0,0.0,0.0,0.0,28.46,2.55,0.0
20230414:1730,0.0,0.0,0.0,0.0,0.0,26.96,2.28,0.0
20230414:1830,0.0,0.0,0.0,0.0,0.0,25.4,2.69,0.0
20230414:1930,0.0,0.0,0.0,0.0,0.0,24.37,2.76,0.0
20230414:2030,0.0,0.0,0.0,0.0,0.0,23.53,2.69,0.0
20230414:2130,0.0,0.0,0.0,0.0,0.0,22.93,2.34,0.0
20230414:2230,0.0,0.0,0.0,0.0,0.0,22.48,2.07,0.0
20230414:2330,0.0,0.0,0.0,0.0,0.0,22.18,1.86,0.0
20230415:0030,0.0,0.0,0.0,0.0,-3.63,21.95,1.52,0.0
20230415:0130,66.26,36.2,72.05,0.0,10.83,21.63,1.17,0.0
20230415:0230,229.33,137.4,166.85,0.0,25.39,23.14,0.97,0.0
20230415:0330,382.5,255.05,247.6,0.0,40.01,25.4,0.48,0.0
20230415:0430,532.78,454.8,271.3,0.0,54.66,27.94,0.21,0.0
20230415:0530,633.69,597.9,290.6,0.0,69.3,30.51,0.62,0.0
20230415:0630,614.75,452.9,407.8,0.0,83.65,32.64,1.24,0.0
20230415:0730,645.5,599.45,296.4,0.0,80.75,33.46,2.0,0.0
20230415:0830,626.69,657.85,201.8,0.0,66.26,34.48,2.62,0.0
20230415:0930,566.49,624.3,141.1,0.0,51.61,35.14,3.31,0.0
20230415:1030,402.26,415.2,124.9,0.0,36.96,35.4,3.45,0.0
20230415:1130,206.81,207.7,87.65,0.0,22.35,35.15,3.31,0.0
20230415:1230,32.86,32.8,39.1,0.0,7.8,34.36,2.83,0.0
20230415:1330,0.0,0.0,0.0,0.0,0.0,32.75,2.07,0.0
20230415:1430,0.0,0.0,0.0,0.0,0.0,31.04,2.21,0.0
20230415:1530,0.0,0.0,0.0,0.0,0.0,29.43,2.69,0.0
20230415:1630,0.0,0.0,0.0,0.0,0.0,28.34,2.83,0.0
20230415:1730,0.0,0.0,0.0,0.0,0.0,27.32,2.41,0.0
20230415:1830,0.0,0.0,0.0,0.0,0.0,26.03,1.59,0.0
20230415:1930,0.0,0.0,0.0,0.0,0.0,24.23,1.31,0.0
20230415:2030,0.0,0.0,0.0,0.0,0.0,23.29,1.17,0.0
20230415:2130,0.0,0.0,0.0,0.0,0.0,21.43,1.66,0.0
20230415:2230,0.0,0.0,0.0,0.0,0.0,20.53,2.0,0.0
20230415:2330,0.0,0.0,0.0,0.0,0.0,20.0,2.0,0.0
20230416:0030,0.0,0.0,0.0,0.0,-3.49,19.43,1.86,0.0
20230416:0130,78.74,83.95,50.6,0.0,10.96,18.89,1.72,0.0
20230416:0230,290.34,290.75,90.9,0.0,25.51,21.79,1.24,0.0
20230416:0330,477.01,509.15,116.0,0.0,40.12,25.76,1.1,0.0
20230416:0430,611.59,704.2,129.15,0.0,54.77,28.73,0.9,0.0
20230416:0530,686.1,829.75,143.8,0.0,69.42,31.06,0.62,0.0
20230416:0630,737.72,909.7,140.8,0.0,83.84,33.06,1.45,0.0
20230416:0730,740.77,903.55,139.3,0.0,80.79,34.67,2.41,0.0
20230416:0830,690.26,821.75,133.95,0.0,66.24,35.51,3.03,0.0
20230416:0930,581.73,666.6,125.3,0.0,51.59,35.92,3.17,0.0
20230416:1030,425.36,467.85,106.55,0.0,36.95,35.97,3.17,0.0
20230416:1130,225.05,238.95,82.55,0.0,22.34,35.49,2.97,0.0
20230416:1230,38.04,50.8,35.3,0.0,7.81,34.59,2.69,0.0
20230416:1330,0.0,0.0,0.0,0.0,-6.61,32.62,2.28,0.0
20230416:1430,0.0,0.0,0.0,0.0,0.0,30.56,2.9,0.0
20230416:1530,0.0,0.0,0.0,0.0,0.0,29.3,3.24,0.0
20230416:1630,0.0,0.0,0.0,0.0,0.0,28.3,2.62,0.0
20230416:1730,0.0,0.0,0.0,0.0,0.0,26.92,2.0,0.0
20230416:1830,0.0,0.0,0.0,0.0,0.0,25.27,2.76,0.0
20230416:1930,0.0,0.0,0.0,0.0,0.0,24.41,2.62,0.0
20230416:2030,0.0,0.0,0.0,0.0,0.0,23.46,2.62,0.0
20230416:2130,0.0,0.0,0.0,0.0,0.0,22.7,2.55,0.0
20230416:2230,0.0,0.0,0.0,0.0,0.0,22.25,2.34,0.0
20230416:2330,0.0,0.0,0.0,0.0,0.0,21.94,2.14,0.0
20230417:0030,0.0,0.0,0.0,0.0,-3.35,21.69,1.93,0.0
20230417:0130,66.36,48.55,62.6,0.0,11.08,21.6,1.59,0.0
20230417:0230,240.89,191.95,125.4,0.0,25.62,22.7,1.86,0.0
20230417:0330,447.97,449.05,132.65,0.0,40.23,24.98,1.24,0.0
20230417:0430,589.39,662.85,136.45,0.0,54.87,27.7,0.62,0.0
20230417:0530,674.58,823.55,140.6,0.0,69.52,30.25,0.14,0.0
20230417:0630,730.92,895.65,142.65,0.0,84.02,32.39,1.31,0.0
20230417:0730,739.38,892.5,139.2,0.0,80.81,34.14,2.69,0.0
20230417:0830,686.61,812.75,132.4,0.0,66.23,35.18,3.24,0.0
20230417:0930,579.46,663.6,122.1,0.0,51.57,35.72,3.38,0.0
20230417:1030,417.71,456.9,106.05,0.0,36.93,35.9,3.31,0.0
20230417:1130,222.75,236.7,81.75,0.0,22.34,35.59,3.03,0.0
20230417:1230,37.04,49.15,34.95,0.0,7.82,34.7,2.69,0.0
20230417:1330,0.0,0.0,0.0,0.0,-6.58,32.88,2.0,0.0
20230417:1430,0.0,0.0,0.0,0.0,0.0,30.92,2.48,0.0
20230417:1530,0.0,0.0,0.0,0.0,0.0,29.48,2.97,0.0
20230417:1630,0.0,0.0,0.0,0.0,0.0,28.43,2.69,0.0
20230417:1730,0.0,0.0,0.0,0.0,0.0,27.19,2.0,0.0
20230417:1830,0.0,0.0,0.0,0.0,0.0,25.71,2.21,0.0
20230417:1930,0.0,0.0,0.0,0.0,0.0,24.61,2.41,0.0
20230417:2030,0.0,0.0,0.0,0.0,0.0,23.67,2.21,0.0
20230417:2130,0.0,0.0,0.0,0.0,0.0,23.02,2.07,0.0
20230417:2230,0.0,0.0,0.0,0.0,0.0,22.88,1.79,0.0
20230417:2330,0.0,0.0,0.0,0.0,0.0,22.41,1.72,0.0
20230418:0030,0.0,0.0,0.0,0.0,-3.21,22.13,1.45,0.0
20230418:0130,52.79,34.9,55.8,0.0,11.21,21.9,1.24,0.0
20230418:0230,196.6,133.9,128.0,0.0,25.73,22.67,1.24,0.0
20230418:0330,422.67,376.6,171.0,0.0,40.33,24.54,1.17,0.0
20230418:0430,599.7,682.3,131.1,0.0,54.97,27.62,0.69,0.0
20230418:0530,681.68,820.15,142.0,0.0,69.62,30.45,0.62,0.0
20230418:0630,724.29,891.55,142.55,0.0,84.18,32.58,1.1,0.0
20230418:0730,722.08,864.45,155.0,0.0,80.82,34.63,2.07,0.0
20230418:0830,672.01,799.0,138.35,0.0,66.21,35.68,2.41,0.0
20230418:0930,560.17,617.65,149.1,0.0,51.55,36.28,2.69,0.0
20230418:1030,396.67,395.8,142.2,0.0,36.92,36.27,2.76,0.0
20230418:1130,204.51,198.8,94.7,0.0,22.34,35.86,2.76,0.0
20230418:1230,37.76,50.55,35.1,0.0,7.83,34.88,2.9,0.0
20230418:1330,0.0,0.0,0.0,0.0,-6.56,33.03,2.55,0.0
20230418:1430,0.0,0.0,0.0,0.0,0.0,31.03,2.97,0.0
20230418:1530,0.0,0.0,0.0,0.0,0.0,29.74,3.03,0.0
20230418:1630,0.0,0.0,0.0,0.0,0.0,28.66,2.69,0.0
20230418:1730,0.0,0.0,0.0,0.0,0.0,27.44,2.21,0.0
20230418:1830,0.0,0.0,0.0,0.0,0.0,26.13,2.14,0.0
20230418:1930,0.0,0.0,0.0,0.0,0.0,24.73,2.41,0.0
20230418:2030,0.0,0.0,0.0,0.0,0.0,23.87,2.21,0.0
20230418:2130,0.0,0.0,0.0,0.0,0.0,23.21,2.07,0.0
20230418:2230,0.0,0.0,0.0,0.0,0.0,22.68,2.0,0.0
20230418:2330,0.0,0.0,0.0,0.0,0.0,22.57,1.86,0.0
20230419:0030,0.0,0.0,0.0,0.0,-3.08,22.36,1.59,0.0
20230419:0130,47.52,28.2,54.1,0.0,11.33,22.25,1.59,0.0
20230419:0230,186.6,98.5,149.95,0.0,25.84,22.85,1.79,0.0
20230419:0330,450.38,425.4,157.05,0.0,40.43,24.44,1.45,0.0
20230419:0430,608.83,686.2,131.25,0.0,55.06,28.03,1.38,0.0
20230419:0530,690.89,822.8,139.15,0.0,69.72,30.89,1.31,0.0
20230419:0630,723.04,890.6,141.75,0.0,84.32,32.96,1.17,0.0
20230419:0730,713.55,878.5,142.05,0.0,80.82,34.83,1.45,0.0
20230419:0830,636.29,760.9,133.85,0.0,66.18,35.83,1.59,0.0
20230419:0930,558.37,649.75,122.6,0.0,51.53,36.17,1.79,0.0
20230419:1030,406.47,441.7,113.8,0.0,36.91,36.25,1.86,0.0
20230419:1130,218.73,232.95,81.7,0.0,22.33,35.78,2.0,0.0
20230419:1230,37.52,49.5,35.4,0.0,7.84,34.87,2.55,0.0
20230419:1330,0.0,0.0,0.0,0.0,-6.53,33.19,2.62,0.0
20230419:1430,0.0,0.0,0.0,0.0,0.0,31.59,2.48,0.0
20230419:1530,0.0,0.0,0.0,0.0,0.0,29.99,2.07,0.0
20230419:1630,0.0,0.0,0.0,0.0,0.0,28.12,3.1,0.0
20230419:1730,0.0,0.0,0.0,0.0,0.0,26.35,3.45,0.0
20230419:1830,0.0,0.0,0.0,0.0,0.0,25.11,3.45,0.0
20230419:1930,0.0,0.0,0.0,0.0,0.0,24.5,3.24,0.0
20230419:2030,0.0,0.0,0.0,0.0,0.0,23.85,2.76,0.0
20230419:2130,0.0,0.0,0.0,0.0,0.0,23.33,2.55,0.0
20230419:2230,0.0,0.0,0.0,0.0,0.0,22.94,2.48,0.0
20230419:2330,0.0,0.0,0.0,0.0,0.0,22.64,2.34,0.0
20230420:0030,0.0,0.0,0.0,0.0,-2.95,22.53,2.41,0.0
20230420:0130,68.27,57.55,57.8,0.0,11.44,22.29,2.21,0.0
20230420:0230,267.29,247.5,103.3,0.0,25.95,23.41,2.62,0.0
20230420:0330,470.75,488.45,118.35,0.0,40.53,25.65,2.34,0.0
20230420:0430,610.71,677.0,132.25,0.0,55.15,28.63,2.41,0.0
20230420:0530,695.5,811.0,140.8,0.0,69.8,31.21,2.28,0.0
20230420:0630,621.61,672.35,187.2,0.0,84.43,33.08,1.52,0.0
20230420:0730,628.46,677.8,203.5,0.0,80.8,34.05,1.24,0.0
20230420:0830,582.82,623.1,202.75,0.0,66.15,34.85,0.55,0.0
20230420:0930,489.66,551.6,135.55,0.0,51.51,35.29,0.07,0.0
20230420:1030,364.78,368.15,134.2,0.0,36.89,35.37,0.55,0.0
20230420:1130,188.34,190.05,83.5,0.0,22.33,35.15,0.69,0.0
20230420:1230,29.4,41.3,29.1,0.0,7.85,34.47,1.03,0.0
20230420:1330,0.0,0.0,0.0,0.0,0.0,33.17,1.72,0.0
20230420:1430,0.0,0.0,0.0,0.0,0.0,31.1,2.76,0.0
20230420:1530,0.0,0.0,0.0,0.0,0.0,29.28,3.31,0.0
20230420:1630,0.0,0.0,0.0,0.0,0.0,27.45,3.45,0.0
20230420:1730,0.0,0.0,0.0,0.0,0.0,26.21,3.31,0.0
20230420:1830,0.0,0.0,0.0,0.0,0.0,25.46,2.9,0.0
20230420:1930,0.0,0.0,0.0,0.0,0.0,24.77,2.97,0.0
20230420:2030,0.0,0.0,0.0,0.0,0.0,24.19,2.83,0.0
20230420:2130,0.0,0.0,0.0,0.0,0.0,23.57,2.69,0.0
20230420:2230,0.0,0.0,0.0,0.0,0.0,23.03,2.55,0.0
20230420:2330,0.0,0.0,0.0,0.0,0.0,22.56,2.34,0.0
20230421:0030,0.0,0.0,0.0,0.0,-2.82,22.19,2.14,0.0
20230421:0130,72.68,63.85,58.15,0.0,11.56,21.93,1.93,0.0
20230421:0230,230.71,202.25,101.8,0.0,26.05,22.94,2.28,0.0
20230421:0330,451.62,439.1,141.0,0.0,40.62,24.87,2.21,0.0
20230421:0430,612.06,676.6,132.85,0.0,55.23,27.7,2.21,0.0
20230421:0530,690.94,799.35,142.4,0.0,69.88,30.26,2.14,0.0
20230421:0630,611.82,671.0,163.5,0.0,84.53,32.18,1.79,0.0
20230421:0730,611.59,625.85,220.1,0.0,80.78,32.99,1.45,0.0
20230421:0830,511.78,553.15,143.05,0.0,66.13,33.75,1.31,0.0
20230421:0930,447.89,466.7,139.0,0.0,51.49,33.86,1.24,0.0
20230421:1030,358.44,371.1,115.3,0.0,36.88,33.82,0.97,0.0
20230421:1130,143.79,130.25,80.3,0.0,22.33,33.99,1.17,0.0
20230421:1230,23.01,31.0,25.95,0.0,7.86,32.95,2.41,0.0
20230421:1330,0.0,0.0,0.0,0.0,-6.47,31.19,3.45,0.0
20230421:1430,0.0,0.0,0.0,0.0,0.0,29.0,3.66,0.0
20230421:1530,0.0,0.0,0.0,0.0,0.0,27.39,3.79,0.0
20230421:1630,0.0,0.0,0.0,0.0,0.0,26.33,3.17,0.0
20230421:1730,0.0,0.0,0.0,0.0,0.0,25.57,2.76,0.0
20230421:1830,0.0,0.0,0.0,0.0,0.0,24.94,2.41,0.0
20230421:1930,0.0,0.0,0.0,0.0,0.0,24.38,2.41,0.0
20230421:2030,0.0,0.0,0.0,0.0,0.0,24.05,2.34,0.0
20230421:2130,0.0,0.0,0.0,0.0,0.0,23.88,2.41,0.0
20230421:2230,0.0,0.0,0.0,0.0,0.0,23.86,2.34,0.0
20230421:2330,0.0,0.0,0.0,0.0,0.0,23.79,2.28,0.0
20230422:0030,0.0,0.0,0.0,0.0,-2.69,23.57,2.21,0.0
20230422:0130,66.92,59.95,54.35,0.0,11.67,23.32,2.0,0.0
20230422:0230,248.0,220.75,107.2,0.0,26.15,24.25,2.14,0.0
20230422:0330,430.03,415.95,141.3,0.0,40.7,26.3,1.86,0.0
20230422:0430,574.13,621.25,147.0,0.0,55.31,28.57,1.38,0.0
20230422:0530,663.45,777.2,149.2,0.0,69.95,30.79,0.9,0.0
20230422:0630,666.38,784.85,162.4,0.0,84.6,32.6,0.69,0.0
20230422:0730,635.1,748.2,160.5,0.0,80.74,33.49,0.34,0.0
20230422:0830,475.22,476.5,182.9,0.0,66.09,34.44,0.21,0.0
20230422:0930,498.73,552.9,137.35,0.0,51.46,33.86,0.41,0.0
20230422:1030,299.95,248.5,160.9,0.0,36.87,34.56,0.83,0.0
20230422:1130,147.53,118.3,97.1,0.0,22.33,34.06,0.69,0.0
20230422:1230,14.53,22.25,18.6,0.0,7.88,31.46,3.31,0.0
20230422:1330,0.0,0.0,0.0,0.0,-6.44,29.74,3.1,0.0
20230422:1430,0.0,0.0,0.0,0.0,0.0,28.75,2.14,0.0
20230422:1530,0.0,0.0,0.0,0.0,0.0,27.76,2.21,0.0
20230422:1630,0.0,0.0,0.0,0.0,0.0,27.15,2.14,0.0
20230422:1730,0.0,0.0,0.0,0.0,0.0,26.47,1.79,0.0
20230422:1830,0.0,0.0,0.0,0.0,0.0,25.81,1.72,0.0
20230422:1930,0.0,0.0,0.0,0.0,0.0,25.07,1.59,0.0
20230422:2030,0.0,0.0,0.0,0.0,0.0,24.81,1.52,0.0
20230422:2130,0.0,0.0,0.0,0.0,0.0,24.4,1.86,0.0
20230422:2230,0.0,0.0,0.0,0.0,0.0,24.0,2.0,0.0
20230422:2330,0.0,0.0,0.0,0.0,0.0,23.84,2.0,0.0
20230423:0030,0.0,0.0,0.0,0.0,-2.56,23.56,1.93,0.0
20230423:0130,58.36,35.05,62.6,0.0,11.78,23.6,1.86,0.0
20230423:0230,223.17,175.45,120.9,0.0,26.24,24.35,2.0,0.0
20230423:0330,400.77,380.75,138.7,0.0,40.79,26.29,1.59,0.0
20230423:0430,571.64,619.15,148.6,0.0,55.38,28.41,1.1,0.0
20230423:0530,622.29,701.0,156.65,0.0,70.01,30.65,0.97,0.0
20230423:0630,573.31,604.25,183.95,0.0,84.65,32.31,1.03,0.0
20230423:0730,553.87,569.85,188.4,0.0,80.7,33.14,1.31,0.0
20230423:0830,458.04,427.65,193.45,0.0,66.06,33.77,1.17,0.0
20230423:0930,423.65,437.2,133.75,0.0,51.44,33.86,1.24,0.0
20230423:1030,249.01,217.65,123.4,0.0,36.85,34.24,0.34,0.0
20230423:1130,136.77,129.7,70.45,0.0,22.33,33.18,2.0,0.0
20230423:1230,24.38,32.65,26.5,0.0,7.89,31.2,3.66,0.0
20230423:1330,0.0,0.0,0.0,0.0,-6.4,29.31,3.59,0.0
20230423:1430,0.0,0.0,0.0,0.0,0.0,27.87,3.03,0.0
20230423:1530,0.0,0.0,0.0,0.0,0.0,27.06,2.69,0.0
20230423:1630,0.0,0.0,0.0,0.0,0.0,26.69,2.14,0.0
20230423:1730,0.0,0.0,0.0,0.0,0.0,26.17,1.86,0.0
20230423:1830,0.0,0.0,0.0,0.0,0.0,25.82,1.66,0.0
20230423:1930,0.0,0.0,0.0,0.0,0.0,25.15,1.45,0.0
20230423:2030,0.0,0.0,0.0,0.0,0.0,24.55,1.17,0.0
20230423:2130,0.0,0.0,0.0,0.0,0.0,23.81,1.1,0.0
20230423:2230,0.0,0.0,0.0,0.0,0.0,23.51,0.83,0.0
20230423:2330,0.0,0.0,0.0,0.0,0.0,23.88,0.34,0.0
20230424:0030,0.0,0.0,0.0,0.0,-2.44,23.61,0.07,0.0
20230424:0130,78.69,78.1,54.95,0.0,11.88,23.24,0.41,0.0
20230424:0230,275.03,269.55,96.25,0.0,26.33,24.4,0.9,0.0
20230424:0330,461.06,483.75,119.85,0.0,40.86,26.8,1.38,0.0
20230424:0430,595.71,670.2,133.35,0.0,55.45,29.1,1.31,0.0
20230424:0530,637.85,737.25,143.45,0.0,70.06,31.21,1.17,0.0
20230424:0630,619.29,637.15,221.05,0.0,84.67,32.54,1.31,0.0
20230424:0730,599.51,659.0,169.15,0.0,80.64,33.43,1.38,0.0
20230424:0830,497.44,473.85,202.15,0.0,66.02,33.92,1.52,0.0
20230424:0930,434.41,393.7,194.25,0.0,51.41,33.68,1.24,0.0
20230424:1030,261.24,201.6,154.3,0.0,36.84,33.83,0.83,0.0
20230424:1130,148.6,117.55,94.1,0.0,22.33,29.61,1.66,0.0
20230424:1230,31.86,33.6,35.75,0.0,7.91,28.5,1.38,0.0
20230424:1330,0.0,0.0,0.0,0.0,-6.37,28.55,0.69,0.0
20230424:1430,0.0,0.0,0.0,0.0,0.0,26.17,2.28,0.0
20230424:1530,0.0,0.0,0.0,0.0,0.0,24.92,1.72,0.0
20230424:1630,0.0,0.0,0.0,0.0,0.0,24.3,1.86,0.0
20230424:1730,0.0,0.0,0.0,0.0,0.0,23.42,2.07,0.0
20230424:1830,0.0,0.0,0.0,0.0,0.0,23.07,2.0,0.0
20230424:1930,0.0,0.0,0.0,0.0,0.0,24.69,2.21,0.0
20230424:2030,0.0,0.0,0.0,0.0,0.0,24.3,2.28,0.0
20230424:2130,0.0,0.0,0.0,0.0,0.0,23.75,1.86,0.0
20230424:2230,0.0,0.0,0.0,0.0,0.0,23.51,1.31,0.0
20230424:2330,0.0,0.0,0.0,0.0,0.0,23.63,0.21,0.0
20230425:0030,0.0,0.0,0.0,0.0,-2.32,23.16,0.62,0.0
20230425:0130,73.73,73.2,51.65,0.0,11.98,22.1,0.97,0.0
20230425:0230,266.91,255.25,99.0,0.0,26.42,23.98,0.9,0.0
20230425:0330,455.96,470.45,124.4,0.0,40.94,25.9,1.24,0.0
20230425:0430,585.67,625.35,152.9,0.0,55.51,28.12,1.79,0.0
20230425:0530,665.91,749.9,153.3,0.0,70.11,30.07,2.07,0.0
20230425:0630,622.55,582.65,261.65,0.0,84.68,31.52,2.34,0.0
20230425:0730,617.3,647.6,195.25,0.0,80.58,31.87,1.79,0.0
20230425:0830,511.06,452.4,232.35,0.0,65.98,32.76,2.41,0.0
20230425:0930,287.2,185.55,196.65,0.0,51.39,33.16,2.83,0.0
20230425:1030,149.75,88.5,118.0,0.0,36.83,30.89,2.41,0.0
20230425:1130,127.99,62.7,118.1,0.0,22.33,27.14,2.41,0.0
20230425:1230,31.42,28.35,38.05,0.0,7.92,27.23,1.86,0.0
20230425:1330,0.0,0.0,0.0,0.0,-6.33,26.62,1.52,0.0
20230425:1430,0.0,0.0,0.0,0.0,0.0,24.72,1.38,0.0
20230425:1530,0.0,0.0,0.0,0.0,0.0,23.66,1.45,0.0
20230425:1630,0.0,0.0,0.0,0.0,0.0,23.27,1.52,0.0
20230425:1730,0.0,0.0,0.0,0.0,0.0,22.71,1.17,0.0
20230425:1830,0.0,0.0,0.0,0.0,0.0,22.33,1.52,0.0
20230425:1930,0.0,0.0,0.0,0.0,0.0,23.14,1.72,0.0
20230425:2030,0.0,0.0,0.0,0.0,0.0,22.79,1.45,0.0
20230425:2130,0.0,0.0,0.0,0.0,0.0,22.43,1.17,0.0
20230425:2230,0.0,0.0,0.0,0.0,0.0,22.0,1.03,0.0
20230425:2330,0.0,0.0,0.0,0.0,0.0,21.76,0.9,0.0
20230426:0030,0.0,0.0,0.0,0.0,-2.21,21.58,0.9,0.0
20230426:0130,74.22,63.75,59.55,0.0,12.08,22.3,0.55,0.0
20230426:0230,244.29,220.65,104.45,0.0,26.5,23.37,0.34,0.0
20230426:0330,440.35,450.05,130.9,0.0,41.01,25.18,0.14,0.0
20230426:0430,541.65,532.95,184.3,0.0,55.57,27.23,1.31,0.0
20230426:0530,636.23,673.95,182.05,0.0,70.15,28.67,1.79,0.0
20230426:0630,662.27,723.4,179.85,0.0,84.66,30.16,1.79,0.0
20230426:0730,631.51,641.75,220.25,0.0,80.5,31.31,1.86,0.0
20230426:0830,559.14,559.0,196.1,0.0,65.94,31.94,1.86,0.0
20230426:0930,457.11,421.6,188.85,0.0,51.36,32.18,1.86,0.0
20230426:1030,278.28,209.85,162.8,0.0,36.82,32.34,2.07,0.0
20230426:1130,151.15,90.75,124.8,0.0,22.33,31.92,2.21,0.0
20230426:1230,18.56,13.85,29.45,0.0,7.94,29.6,2.34,0.0
20230426:1330,0.0,0.0,0.0,0.0,-6.29,27.84,1.72,0.0
20230426:1430,0.0,0.0,0.0,0.0,0.0,27.01,1.52,0.0
20230426:1530,0.0,0.0,0.0,0.0,0.0,26.56,1.24,0.0
20230426:1630,0.0,0.0,0.0,0.0,0.0,25.66,1.31,0.0
20230426:1730,0.0,0.0,0.0,0.0,0.0,24.65,1.1,0.0
20230426:1830,0.0,0.0,0.0,0.0,0.0,24.15,1.03,0.0
20230426:1930,0.0,0.0,0.0,0.0,0.0,23.5,1.59,0.0
20230426:2030,0.0,0.0,0.0,0.0,0.0,23.12,1.52,0.0
20230426:2130,0.0,0.0,0.0,0.0,0.0,22.83,1.31,0.0
20230426:2230,0.0,0.0,0.0,0.0,0.0,22.28,1.17,0.0
20230426:2330,0.0,0.0,0.0,0.0,0.0,22.21,0.9,0.0
20230427:0030,0.0,0.0,0.0,0.0,-2.09,22.34,0.69,0.0
20230427:0130,73.2,69.8,53.6,0.0,12.18,22.65,0.41,0.0
20230427:0230,219.21,171.45,122.1,0.0,26.58,23.76,0.07,0.0
20230427:0330,423.15,415.5,138.55,0.0,41.08,25.63,0.62,0.0
20230427:0430,531.25,527.3,174.4,0.0,55.62,27.59,1.45,0.0
20230427:0530,661.92,732.15,164.5,0.0,70.18,29.04,1.79,0.0
20230427:0630,672.32,727.65,192.45,0.0,84.62,30.71,1.93,0.0
20230427:0730,676.65,719.55,205.5,0.0,80.42,32.12,2.55,0.0
20230427:0830,593.35,613.35,189.35,0.0,65.9,33.02,2.55,0.0
20230427:0930,464.56,428.55,190.5,0.0,51.33,33.36,2.76,0.0
20230427:1030,332.27,314.2,129.0,0.0,36.8,33.32,2.69,0.0
20230427:1130,147.62,120.35,92.7,0.0,22.33,33.0,2.76,0.0
20230427:1230,24.48,26.8,30.25,0.0,7.96,31.67,2.97,0.0
20230427:1330,0.0,0.0,0.0,0.0,-6.25,29.86,2.83,0.0
20230427:1430,0.0,0.0,0.0,0.0,0.0,28.82,3.03,0.0
20230427:1530,0.0,0.0,0.0,0.0,0.0,27.99,3.03,0.0
20230427:1630,0.0,0.0,0.0,0.0,0.0,27.18,2.69,0.0
20230427:1730,0.0,0.0,0.0,0.0,0.0,26.41,2.55,0.0
20230427:1830,0.0,0.0,0.0,0.0,0.0,25.81,2.34,0.0
20230427:1930,0.0,0.0,0.0,0.0,0.0,25.31,1.59,0.0
20230427:2030,0.0,0.0,0.0,0.0,0.0,24.4,1.17,0.0
20230427:2130,0.0,0.0,0.0,0.0,0.0,24.09,0.83,0.0
20230427:2230,0.0,0.0,0.0,0.0,0.0,24.54,0.41,0.0
20230427:2330,0.0,0.0,0.0,0.0,0.0,24.22,0.55,0.0
20230428:0030,0.0,0.0,0.0,0.0,-1.98,23.63,0.69,0.0
20230428:0130,82.82,76.1,60.25,0.0,12.27,22.58,0.97,0.0
20230428:0230,269.19,244.25,112.65,0.0,26.66,24.62,1.24,0.0
20230428:0330,458.97,465.55,128.95,0.0,41.14,26.3,2.07,0.0
20230428:0430,583.34,608.5,158.25,0.0,55.66,27.96,2.48,0.0
20230428:0530,617.17,655.45,164.75,0.0,70.2,29.57,2.62,0.0
20230428:0630,662.91,720.65,174.35,0.0,84.56,30.7,2.55,0.0
20230428:0730,625.43,680.3,169.35,0.0,80.33,31.95,2.14,0.0
20230428:0830,544.06,557.1,174.65,0.0,65.85,32.75,2.21,0.0
20230428:0930,499.6,524.3,142.85,0.0,51.31,33.02,2.48,0.0
20230428:1030,330.64,272.3,170.1,0.0,36.79,33.04,2.34,0.0
20230428:1130,145.54,101.95,107.3,0.0,22.34,32.66,2.76,0.0
20230428:1230,27.39,22.25,37.15,0.0,7.98,31.75,2.83,0.0
20230428:1330,0.0,0.0,0.0,0.0,-6.21,30.42,2.34,0.0
20230428:1430,0.0,0.0,0.0,0.0,0.0,29.12,2.0,0.0
20230428:1530,0.0,0.0,0.0,0.0,0.0,27.98,1.79,0.0
20230428:1630,0.0,0.0,0.0,0.0,0.0,26.95,2.0,0.0
20230428:1730,0.0,0.0,0.0,0.0,0.0,25.96,2.07,0.0
20230428:1830,0.0,0.0,0.0,0.0,0.0,25.35,1.72,0.0
20230428:1930,0.0,0.0,0.0,0.0,0.0,25.03,2.07,0.0
20230428:2030,0.0,0.0,0.0,0.0,0.0,24.38,1.93,0.0
20230428:2130,0.0,0.0,0.0,0.0,0.0,23.99,1.66,0.0
20230428:2230,0.0,0.0,0.0,0.0,0.0,23.78,1.31,0.0
20230428:2330,0.0,0.0,0.0,0.0,0.0,23.39,0.76,0.0
20230429:0030,0.0,0.0,0.0,0.0,-1.87,22.97,0.62,0.0
20230429:0130,69.81,64.75,53.1,0.0,12.36,23.05,0.55,0.0
20230429:0230,217.68,170.1,120.65,0.0,26.73,24.11,0.62,0.0
20230429:0330,425.65,420.65,137.5,0.0,41.2,25.49,0.48,0.0
20230429:0430,501.41,491.55,177.1,0.0,55.71,27.24,0.48,0.0
20230429:0530,583.77,595.4,204.7,0.0,70.22,28.67,0.41,0.0
20230429:0630,644.22,698.7,212.05,0.0,84.48,30.05,0.21,0.0
20230429:0730,538.46,527.25,199.45,0.0,80.24,31.22,1.38,0.0
20230429:0830,529.19,484.1,229.85,0.0,65.8,31.58,1.59,0.0
20230429:0930,446.94,388.05,209.75,0.0,51.28,32.28,1.79,0.0
20230429:1030,271.76,224.85,138.85,0.0,36.78,32.46,2.14,0.0
20230429:1130,152.33,98.8,118.25,0.0,22.34,31.7,2.41,0.0
20230429:1230,14.82,11.9,25.0,0.0,8.0,28.94,2.83,0.0
20230429:1330,0.0,0.0,0.0,0.0,-6.17,25.93,1.86,0.0
20230429:1430,0.0,0.0,0.0,0.0,0.0,25.11,1.03,0.0
20230429:1530,0.0,0.0,0.0,0.0,0.0,24.58,1.17,0.0
20230429:1630,0.0,0.0,0.0,0.0,0.0,24.32,0.62,0.0
20230429:1730,0.0,0.0,0.0,0.0,0.0,24.05,0.28,0.0
20230429:1830,0.0,0.0,0.0,0.0,0.0,23.45,0.76,0.0
20230429:1930,0.0,0.0,0.0,0.0,0.0,23.12,0.69,0.0
20230429:2030,0.0,0.0,0.0,0.0,0.0,22.83,1.24,0.0
20230429:2130,0.0,0.0,0.0,0.0,0.0,22.49,1.59,0.0
20230429:2230,0.0,0.0,0.0,0.0,0.0,22.32,1.03,0.0
20230429:2330,0.0,0.0,0.0,0.0,0.0,22.04,0.76,0.0
20230430:0030,0.0,0.0,0.0,0.0,-1.77,22.38,0.07,0.0
20230430:0130,70.27,35.8,75.7,0.0,12.45,21.94,0.83,0.0
20230430:0230,242.43,182.8,136.4,0.0,26.8,23.08,1.38,0.0
20230430:0330,403.82,313.8,206.0,0.0,41.25,24.85,1.93,0.0
20230430:0430,555.79,528.95,198.0,0.0,55.74,26.8,2.21,0.0
20230430:0530,660.12,661.75,222.5,0.0,70.23,28.74,2.48,0.0
20230430:0630,666.95,689.85,213.25,0.0,84.39,30.37,2.41,0.0
20230430:0730,665.05,727.5,187.0,0.0,80.14,31.37,1.79,0.0
20230430:0830,550.16,536.35,209.35,0.0,65.76,31.98,1.59,0.0
20230430:0930,363.32,275.2,209.7,0.0,51.26,32.38,1.52,0.0
20230430:1030,179.2,85.7,158.55,0.0,36.77,30.81,2.07,0.0
20230430:1130,72.96,23.25,87.1,0.0,22.35,27.48,3.1,0.0
20230430:1230,18.6,4.6,34.8,0.0,8.03,26.89,2.48,0.0
20230430:1330,0.0,0.0,0.0,0.0,-6.13,26.17,1.79,0.0
20230430:1430,0.0,0.0,0.0,0.0,0.0,25.74,1.59,0.0
20230430:1530,0.0,0.0,0.0,0.0,0.0,24.55,1.38,0.0
20230430:1630,0.0,0.0,0.0,0.0,0.0,23.79,1.17,0.0
20230430:1730,0.0,0.0,0.0,0.0,0.0,23.2,0.97,0.0
20230430:1830,0.0,0.0,0.0,0.0,0.0,22.86,0.76,0.0
20230430:1930,0.0,0.0,0.0,0.0,0.0,23.06,1.86,0.0
20230430:2030,0.0,0.0,0.0,0.0,0.0,22.64,1.79,0.0
20230430:2130,0.0,0.0,0.0,0.0,0.0,22.34,1.31,0.0
20230430:2230,0.0,0.0,0.0,0.0,0.0,22.3,0.69,0.0
20230430:2330,0.0,0.0,0.0,0.0,0.0,22.12,0.28,0.0
20230501:0030,0.0,0.0,0.0,0.0,-1.67,22.07,0.14,0.0
20230501:0130,55.76,42.15,52.6,0.0,12.53,22.09,0.41,0.0
20230501:0230,190.2,112.9,141.15,0.0,26.87,22.76,0.41,0.0
20230501:0330,385.35,353.9,144.7,0.0,41.3,24.06,0.62,0.0
20230501:0430,506.49,448.4,221.65,0.0,55.78,25.85,0.69,0.0
20230501:0530,594.48,546.15,261.3,0.0,70.24,27.32,0.69,0.0
20230501:0630,540.57,510.0,223.2,0.0,84.28,29.05,0.55,0.0
20230501:0730,505.41,481.5,188.55,0.0,80.03,29.99,1.72,0.0
20230501:0830,558.91,570.5,181.2,0.0,65.71,30.39,1.52,0.0
20230501:0930,398.87,333.3,198.15,0.0,51.23,31.15,1.17,0.0
20230501:1030,261.65,164.45,187.6,0.0,36.76,30.49,0.62,0.0
20230501:1130,86.32,28.7,100.35,0.0,22.36,29.43,0.69,0.0
20230501:1230,6.2,0.5,18.2,0.0,8.05,26.02,2.28,0.0
20230501:1330,0.0,0.0,0.0,0.0,-6.08,24.04,2.62,0.0
20230501:1430,0.0,0.0,0.0,0.0,0.0,23.19,2.14,0.0
20230501:1530,0.0,0.0,0.0,0.0,0.0,22.72,1.38,0.0
20230501:1630,0.0,0.0,0.0,0.0,0.0,22.5,0.69,0.0
20230501:1730,0.0,0.0,0.0,0.0,0.0,22.59,1.1,0.0
20230501:1830,0.0,0.0,0.0,0.0,0.0,22.49,1.03,0.0
20230501:1930,0.0,0.0,0.0,0.0,0.0,22.17,1.24,0.0
20230501:2030,0.0,0.0,0.0,0.0,0.0,22.11,1.24,0.0
20230501:2130,0.0,0.0,0.0,0.0,0.0,22.08,0.97,0.0
20230501:2230,0.0,0.0,0.0,0.0,0.0,22.01,0.62,0.0
20230501:2330,0.0,0.0,0.0,0.0,0.0,21.9,0.34,0.0
20230502:0030,0.0,0.0,0.0,0.0,-1.57,21.97,0.48,0.0
20230502:0130,39.78,15.5,53.1,0.0,12.61,21.96,0.76,0.0
20230502:0230,98.57,59.65,79.9,0.0,26.93,22.54,1.24,0.0
20230502:0330,303.47,250.05,138.6,0.0,41.35,23.27,1.03,0.0
20230502:0430,370.64,317.1,158.35,0.0,55.8,24.85,1.17,0.0
20230502:0530,565.27,527.6,216.0,0.0,70.24,25.92,1.52,0.0
20230502:0630,594.54,542.15,249.9,0.0,84.16,27.42,1.66,0.0
20230502:0730,645.27,674.45,218.75,0.0,79.92,28.2,0.55,0.0
20230502:0830,544.79,523.0,223.8,0.0,65.66,29.2,0.21,0.0
20230502:0930,393.37,303.6,219.25,0.0,51.2,29.66,0.83,0.0
20230502:1030,147.22,21.8,182.4,0.0,36.76,29.41,1.38,0.0
20230502:1130,81.25,13.9,106.35,0.0,22.37,26.98,2.34,0.0
20230502:1230,15.36,3.0,30.9,0.0,8.08,25.49,1.45,0.0
20230502:1330,0.0,0.0,0.0,0.0,-6.04,24.67,1.1,0.0
20230502:1430,0.0,0.0,0.0,0.0,0.0,23.79,1.03,0.0
20230502:1530,0.0,0.0,0.0,0.0,0.0,23.1,0.48,0.0
20230502:1630,0.0,0.0,0.0,0.0,0.0,22.96,0.28,0.0
20230502:1730,0.0,0.0,0.0,0.0,0.0,22.98,0.34,0.0
20230502:1830,0.0,0.0,0.0,0.0,0.0,22.87,0.69,0.0
20230502:1930,0.0,0.0,0.0,0.0,0.0,23.27,0.41,0.0
20230502:2030,0.0,0.0,0.0,0.0,0.0,22.83,1.17,0.0
20230502:2130,0.0,0.0,0.0,0.0,0.0,22.42,1.93,0.0
20230502:2230,0.0,0.0,0.0,0.0,0.0,22.41,2.34,0.0
20230502:2330,0.0,0.0,0.0,0.0,0.0,22.28,2.41,0.0
20230503:0030,0.0,0.0,0.0,0.0,-1.48,22.32,2.28,0.0
20230503:0130,49.94,26.35,57.5,0.0,12.68,22.37,1.86,0.0
20230503:0230,200.79,125.95,138.9,0.0,26.99,22.8,2.41,0.0
20230503:0330,300.07,164.6,220.5,0.0,41.39,24.02,2.21,0.0
20230503:0430,391.92,174.9,333.5,0.0,55.83,25.51,1.86,0.0
20230503:0530,516.97,313.75,369.6,0.0,70.23,26.47,1.52,0.0
20230503:0630,520.48,390.85,299.85,0.0,84.02,27.6,1.38,0.0
20230503:0730,570.81,534.55,222.95,0.0,79.81,28.49,1.93,0.0
20230503:0830,441.86,380.2,199.3,0.0,65.61,29.37,1.86,0.0
20230503:0930,312.89,259.7,148.5,0.0,51.18,29.49,2.0,0.0
20230503:1030,139.92,56.8,135.3,0.0,36.75,27.98,2.69,0.0
20230503:1130,88.53,50.9,79.6,0.0,22.38,26.15,2.48,0.0
20230503:1230,15.61,8.45,27.95,0.0,8.11,26.18,1.59,0.0
20230503:1330,0.0,0.0,0.0,0.0,-5.99,25.53,1.45,0.0
20230503:1430,0.0,0.0,0.0,0.0,0.0,25.13,1.86,0.0
20230503:1530,0.0,0.0,0.0,0.0,0.0,24.75,1.72,0.0
20230503:1630,0.0,0.0,0.0,0.0,0.0,24.13,1.52,0.0
20230503:1730,0.0,0.0,0.0,0.0,0.0,23.51,1.17,0.0
20230503:1830,0.0,0.0,0.0,0.0,0.0,22.87,1.31,0.0
20230503:1930,0.0,0.0,0.0,0.0,0.0,22.79,1.93,0.0
20230503:2030,0.0,0.0,0.0,0.0,0.0,22.56,2.0,0.0
20230503:2130,0.0,0.0,0.0,0.0,0.0,22.41,2.07,0.0
20230503:2230,0.0,0.0,0.0,0.0,0.0,22.16,1.93,0.0
20230503:2330,0.0,0.0,0.0,0.0,0.0,21.95,1.79,0.0
20230504:0030,0.0,0.0,0.0,0.0,-1.39,21.84,1.59,0.0
20230504:0130,64.62,34.8,69.0,0.0,12.76,21.71,1.17,0.0
20230504:0230,226.97,160.95,138.6,0.0,27.05,22.65,0.9,0.0
20230504:0330,334.59,203.2,229.7,0.0,41.43,24.2,1.03,0.0
20230504:0430,529.57,464.7,236.9,0.0,55.84,25.68,0.83,0.0
20230504:0530,585.41,575.95,218.3,0.0,70.21,27.32,0.55,0.0
20230504:0630,536.98,459.7,268.9,0.0,83.87,28.25,0.41,0.0
20230504:0730,499.18,480.35,189.65,0.0,79.69,28.99,0.55,0.0
20230504:0830,582.59,628.7,168.45,0.0,65.56,29.27,0.55,0.0
20230504:0930,417.86,371.4,185.45,0.0,51.15,29.8,0.69,0.0
20230504:1030,274.62,184.1,184.55,0.0,36.74,29.78,0.34,0.0
20230504:1130,115.84,45.0,122.6,0.0,22.39,29.5,0.34,0.0
20230504:1230,29.84,8.05,48.8,0.0,8.14,29.08,0.55,0.0
20230504:1330,0.0,0.0,0.0,0.0,-5.94,28.01,1.24,0.0
20230504:1430,0.0,0.0,0.0,0.0,0.0,26.84,1.72,0.0
20230504:1530,0.0,0.0,0.0,0.0,0.0,26.03,2.34,0.0
20230504:1630,0.0,0.0,0.0,0.0,0.0,25.27,2.62,0.0
20230504:1730,0.0,0.0,0.0,0.0,0.0,24.7,2.62,0.0
20230504:1830,0.0,0.0,0.0,0.0,0.0,24.12,2.41,0.0
20230504:1930,0.0,0.0,0.0,0.0,0.0,23.88,1.72,0.0
20230504:2030,0.0,0.0,0.0,0.0,0.0,23.53,2.07,0.0
20230504:2130,0.0,0.0,0.0,0.0,0.0,23.27,2.62,0.0
20230504:2230,0.0,0.0,0.0,0.0,0.0,22.89,2.9,0.0
20230504:2330,0.0,0.0,0.0,0.0,0.0,22.6,2.76,0.0
20230505:0030,0.0,0.0,0.0,0.0,-1.3,22.42,2.14,0.0
20230505:0130,48.86,18.95,61.95,0.0,12.82,22.37,1.52,0.0
20230505:0230,80.28,27.55,89.25,0.0,27.1,22.85,1.38,0.0
20230505:0330,231.91,76.6,225.6,0.0,41.46,23.28,1.17,0.0
20230505:0430,365.53,191.0,282.0,0.0,55.86,24.56,1.17,0.0
20230505:0530,438.46,256.8,316.85,0.0,70.19,25.83,1.17,0.0
20230505:0630,530.69,297.05,413.8,0.0,83.72,26.97,1.1,0.0
20230505:0730,289.27,63.25,320.75,0.0,79.57,28.78,1.59,0.0
20230505:0830,392.18,193.8,323.2,0.0,65.5,28.53,1.59,0.0
20230505:0930,166.88,42.15,185.5,0.0,51.13,29.1,1.45,0.0
20230505:1030,101.24,10.3,135.4,0.0,36.74,28.69,1.66,0.0
20230505:1130,55.18,1.9,85.25,0.0,22.4,28.22,2.07,0.0
20230505:1230,13.71,0.2,30.35,0.0,8.17,26.86,2.62,0.0
20230505:1330,0.0,0.0,0.0,0.0,-5.89,25.36,2.83,0.0
20230505:1430,0.0,0.0,0.0,0.0,0.0,24.65,2.69,0.0
20230505:1530,0.0,0.0,0.0,0.0,0.0,24.06,2.28,0.0
20230505:1630,0.0,0.0,0.0,0.0,0.0,23.6,2.07,0.0
20230505:1730,0.0,0.0,0.0,0.0,0.0,23.29,2.0,0.0
20230505:1830,0.0,0.0,0.0,0.0,0.0,23.03,1.93,0.0
20230505:1930,0.0,0.0,0.0,0.0,0.0,23.12,1.93,0.0
20230505:2030,0.0,0.0,0.0,0.0,0.0,22.83,1.93,0.0
20230505:2130,0.0,0.0,0.0,0.0,0.0,22.59,2.07,0.0
20230505:2230,0.0,0.0,0.0,0.0,0.0,22.36,2.14,0.0
20230505:2330,0.0,0.0,0.0,0.0,0.0,22.12,2.14,0.0
20230506:0030,0.0,0.0,0.0,0.0,-1.21,21.77,2.0,0.0
20230506:0130,72.47,60.35,58.05,0.0,12.89,21.57,1.79,0.0
20230506:0230,245.92,179.55,141.8,0.0,27.15,22.57,2.0,0.0
20230506:0330,448.46,405.3,171.25,0.0,41.49,24.13,1.79,0.0
20230506:0430,566.3,552.9,190.65,0.0,55.87,26.05,1.72,0.0
20230506:0530,592.05,552.0,237.0,0.0,70.17,27.6,1.66,0.0
20230506:0630,589.72,548.1,243.0,0.0,83.56,28.46,1.52,0.0
20230506:0730,594.53,492.15,318.95,0.0,79.45,29.65,1.24,0.0
20230506:0830,397.67,211.7,318.3,0.0,65.45,30.01,1.24,0.0
20230506:0930,394.8,266.3,257.25,0.0,51.11,29.62,1.24,0.0
20230506:1030,211.17,132.25,151.75,0.0,36.73,29.89,1.31,0.0
20230506:1130,105.36,50.4,103.2,0.0,22.41,29.39,2.21,0.0
20230506:1230,10.61,2.25,24.45,0.0,8.2,28.15,2.62,0.0
20230506:1330,0.0,0.0,0.0,0.0,-5.84,27.17,2.34,0.0
20230506:1430,0.0,0.0,0.0,0.0,0.0,26.37,2.21,0.0
20230506:1530,0.0,0.0,0.0,0.0,0.0,25.59,2.41,0.0
20230506:1630,0.0,0.0,0.0,0.0,0.0,24.93,2.28,0.0
20230506:1730,0.0,0.0,0.0,0.0,0.0,24.39,2.14,0.0
20230506:1830,0.0,0.0,0.0,0.0,0.0,24.08,2.28,0.0
20230506:1930,0.0,0.0,0.0,0.0,0.0,23.16,2.55,0.0
20230506:2030,0.0,0.0,0.0,0.0,0.0,22.84,2.62,0.0
20230506:2130,0.0,0.0,0.0,0.0,0.0,22.63,2.62,0.0
20230506:2230,0.0,0.0,0.0,0.0,0.0,22.32,2.76,0.0
20230506:2330,0.0,0.0,0.0,0.0,0.0,22.12,2.69,0.0
20230507:0030,0.0,0.0,0.0,0.0,-1.13,22.04,2.28,0.0
20230507:0130,10.68,0.05,25.35,0.0,12.95,22.02,1.86,0.0
20230507:0230,31.23,0.0,54.2,0.0,27.19,22.34,1.59,0.0
20230507:0330,77.48,5.85,106.95,0.0,41.52,22.64,1.31,0.0
20230507:0430,124.96,13.65,157.8,0.0,55.87,23.3,0.97,0.0
20230507:0530,164.63,28.15,192.55,0.0,70.14,24.05,0.76,0.0
20230507:0630,305.76,145.6,250.8,0.0,83.38,24.87,0.97,0.0
20230507:0730,248.56,61.65,267.35,0.0,79.32,26.64,0.83,0.0
20230507:0830,203.15,65.1,206.3,0.0,65.4,27.05,0.62,0.0
20230507:0930,251.95,121.7,211.4,0.0,51.08,27.26,0.55,0.0
20230507:1030,131.38,39.25,143.85,0.0,36.73,27.79,0.34,0.0
20230507:1130,66.18,15.5,86.5,0.0,22.43,27.77,0.28,0.0
20230507:1230,8.89,1.55,22.1,0.0,8.23,27.51,1.03,0.0
20230507:1330,0.0,0.0,0.0,0.0,-5.78,26.58,1.45,0.0
20230507:1430,0.0,0.0,0.0,0.0,0.0,25.81,1.93,0.0
20230507:1530,0.0,0.0,0.0,0.0,0.0,25.12,2.41,0.0
20230507:1630,0.0,0.0,0.0,0.0,0.0,24.51,2.76,0.0
20230507:1730,0.0,0.0,0.0,0.0,0.0,23.85,2.55,0.0
20230507:1830,0.0,0.0,0.0,0.0,0.0,23.45,2.14,0.0
20230507:1930,0.0,0.0,0.0,0.0,0.0,23.58,1.52,0.0
20230507:2030,0.0,0.0,0.0,0.0,0.0,23.23,1.31,0.0
20230507:2130,0.0,0.0,0.0,0.0,0.0,22.92,1.45,0.0
20230507:2230,0.0,0.0,0.0,0.0,0.0,22.69,1.66,0.0
20230507:2330,0.0,0.0,0.0,0.0,0.0,22.46,1.93,0.0
20230508:0030,0.0,0.0,0.0,0.0,-1.05,22.31,2.07,0.0
20230508:0130,44.8,11.65,62.45,0.0,13.01,22.24,2.0,0.0
20230508:0230,169.08,91.05,134.6,0.0,27.23,23.02,2.55,0.0
20230508:0330,319.11,199.05,210.0,0.0,41.54,24.4,2.28,0.0
20230508:0430,472.08,340.2,273.05,0.0,55.87,25.97,1.93,0.0
20230508:0530,580.42,572.35,195.85,0.0,70.1,27.53,1.79,0.0
20230508:0630,525.12,440.5,255.4,0.0,83.21,28.82,1.79,0.0
20230508:0730,490.83,354.7,301.85,0.0,79.19,29.6,1.31,0.0
20230508:0830,472.83,429.55,200.55,0.0,65.35,30.08,1.17,0.0
20230508:0930,420.09,374.25,185.3,0.0,51.06,30.38,0.97,0.0
20230508:1030,226.07,153.2,152.15,0.0,36.73,30.34,0.41,0.0
20230508:1130,106.23,38.1,114.95,0.0,22.44,27.53,1.79,0.0
20230508:1230,13.58,0.35,29.9,0.0,8.26,25.51,2.83,0.0
20230508:1330,0.0,0.0,0.0,0.0,-5.73,24.39,2.48,0.0
20230508:1430,0.0,0.0,0.0,0.0,0.0,24.09,1.72,0.0
20230508:1530,0.0,0.0,0.0,0.0,0.0,23.54,1.86,0.0
20230508:1630,0.0,0.0,0.0,0.0,0.0,22.97,1.59,0.0
20230508:1730,0.0,0.0,0.0,0.0,0.0,22.68,1.38,0.0
20230508:1830,0.0,0.0,0.0,0.0,0.0,22.43,1.45,0.0
20230508:1930,0.0,0.0,0.0,0.0,0.0,22.69,0.48,0.0
20230508:2030,0.0,0.0,0.0,0.0,0.0,22.79,0.34,0.0
20230508:2130,0.0,0.0,0.0,0.0,0.0,22.23,1.1,0.0
20230508:2230,0.0,0.0,0.0,0.0,0.0,22.02,1.31,0.0
20230508:2330,0.0,0.0,0.0,0.0,0.0,21.91,1.31,0.0
20230509:0030,0.0,0.0,0.0,0.0,-0.98,21.78,1.24,0.0
20230509:0130,78.61,41.85,80.35,0.0,13.07,21.68,1.17,0.0
20230509:0230,226.94,121.55,176.75,0.0,27.27,22.92,1.52,0.0
20230509:0330,346.39,174.3,271.8,0.0,41.56,24.37,2.0,0.0
20230509:0430,431.78,240.1,320.1,0.0,55.87,25.92,2.07,0.0
20230509:0530,578.84,496.8,274.55,0.0,70.06,27.24,1.52,0.0
20230509:0630,613.26,603.0,230.8,0.0,83.03,28.43,1.03,0.0
20230509:0730,630.57,620.4,238.15,0.0,79.07,29.87,1.59,0.0
20230509:0830,492.56,445.0,207.95,0.0,65.3,30.87,2.14,0.0
20230509:0930,405.29,379.9,152.4,0.0,51.04,30.71,2.07,0.0
20230509:1030,302.54,242.75,158.25,0.0,36.73,30.58,2.0,0.0
20230509:1130,113.99,46.95,117.85,0.0,22.46,29.41,1.1,0.0
20230509:1230,22.93,5.6,40.5,0.0,8.3,28.42,2.76,0.0
20230509:1330,0.0,0.0,0.0,0.0,-5.67,25.31,3.24,0.0
20230509:1430,0.0,0.0,0.0,0.0,0.0,23.91,1.59,0.0
20230509:1530,0.0,0.0,0.0,0.0,0.0,23.5,0.83,0.0
20230509:1630,0.0,0.0,0.0,0.0,0.0,23.06,0.76,0.0
20230509:1730,0.0,0.0,0.0,0.0,0.0,22.75,0.9,0.0
20230509:1830,0.0,0.0,0.0,0.0,0.0,22.54,0.76,0.0
20230509:1930,0.0,0.0,0.0,0.0,0.0,22.92,1.03,0.0
20230509:2030,0.0,0.0,0.0,0.0,0.0,22.74,1.03,0.0
20230509:2130,0.0,0.0,0.0,0.0,0.0,22.46,1.31,0.0
20230509:2230,0.0,0.0,0.0,0.0,0.0,22.09,1.38,0.0
20230509:2330,0.0,0.0,0.0,0.0,0.0,21.81,1.24,0.0
20230510:0030,0.0,0.0,0.0,0.0,-0.91,21.49,1.03,0.0
20230510:0130,88.12,69.15,70.1,0.0,13.12,21.52,0.69,0.0
20230510:0230,256.71,219.15,120.55,0.0,27.31,23.27,0.41,0.0
20230510:0330,448.75,448.4,139.05,0.0,41.58,24.82,0.55,0.0
20230510:0430,573.56,607.55,164.55,0.0,55.86,26.87,0.62,0.0
20230510:0530,568.79,612.15,158.55,0.0,70.02,28.59,0.62,0.0
20230510:0630,686.41,795.1,157.55,0.0,82.84,29.39,1.03,0.0
20230510:0730,655.99,702.1,209.0,0.0,78.94,31.26,1.24,0.0
20230510:0830,573.63,567.0,214.35,0.0,65.25,31.39,1.38,0.0
20230510:0930,435.24,399.65,180.7,0.0,51.02,31.65,1.52,0.0
20230510:1030,282.08,209.35,170.35,0.0,36.73,31.26,0.69,0.0
20230510:1130,154.4,107.25,112.45,0.0,22.48,30.64,1.31,0.0
20230510:1230,21.6,14.8,32.8,0.0,8.34,28.65,2.48,0.0
20230510:1330,0.0,0.0,0.0,0.0,-5.62,26.97,2.69,0.0
20230510:1430,0.0,0.0,0.0,0.0,0.0,25.73,1.79,0.0
20230510:1530,0.0,0.0,0.0,0.0,0.0,24.46,0.69,0.0
20230510:1630,0.0,0.0,0.0,0.0,0.0,23.67,1.66,0.0
20230510:1730,0.0,0.0,0.0,0.0,0.0,23.17,2.76,0.0
20230510:1830,0.0,0.0,0.0,0.0,0.0,22.9,2.48,0.0
20230510:1930,0.0,0.0,0.0,0.0,0.0,23.26,1.66,0.0
20230510:2030,0.0,0.0,0.0,0.0,0.0,23.16,1.59,0.0
20230510:2130,0.0,0.0,0.0,0.0,0.0,23.01,1.72,0.0
20230510:2230,0.0,0.0,0.0,0.0,0.0,22.92,1.72,0.0
20230510:2330,0.0,0.0,0.0,0.0,0.0,22.8,1.66,0.0
20230511:0030,0.0,0.0,0.0,0.0,-0.84,22.54,1.66,0.0
20230511:0130,89.08,75.05,66.75,0.0,13.17,22.5,1.45,0.0
20230511:0230,265.93,217.8,132.05,0.0,27.34,23.88,1.45,0.0
20230511:0330,435.54,389.45,175.75,0.0,41.59,25.71,1.59,0.0
20230511:0430,549.69,503.45,227.05,0.0,55.85,27.62,1.45,0.0
20230511:0530,626.3,607.35,246.05,0.0,69.97,29.33,1.38,0.0
20230511:0630,671.73,740.2,194.4,0.0,82.66,30.74,1.17,0.0
20230511:0730,633.0,624.0,252.15,0.0,78.81,31.77,1.38,0.0
20230511:0830,601.04,625.8,207.15,0.0,65.2,32.48,1.1,0.0
20230511:0930,383.77,288.95,226.5,0.0,51.0,32.49,1.17,0.0
20230511:1030,293.85,259.1,134.75,0.0,36.73,31.9,1.24,0.0
20230511:1130,156.98,126.5,97.1,0.0,22.5,30.51,1.38,0.0
20230511:1230,17.01,8.65,29.9,0.0,8.37,27.41,3.66,0.0
20230511:1330,0.0,0.0,0.0,0.0,-5.56,24.96,2.48,0.0
20230511:1430,0.0,0.0,0.0,0.0,0.0,24.06,1.45,0.0
20230511:1530,0.0,0.0,0.0,0.0,0.0,23.71,1.93,0.0
20230511:1630,0.0,0.0,0.0,0.0,0.0,23.19,2.41,0.0
20230511:1730,0.0,0.0,0.0,0.0,0.0,22.81,2.34,0.0
20230511:1830,0.0,0.0,0.0,0.0,0.0,22.35,2.21,0.0
20230511:1930,0.0,0.0,0.0,0.0,0.0,22.41,2.0,0.0
20230511:2030,0.0,0.0,0.0,0.0,0.0,22.48,1.86,0.0
20230511:2130,0.0,0.0,0.0,0.0,0.0,22.38,2.07,0.0
20230511:2230,0.0,0.0,0.0,0.0,0.0,22.29,2.34,0.0
20230511:2330,0.0,0.0,0.0,0.0,0.0,22.29,2.34,0.0
20230512:0030,0.0,0.0,0.0,0.0,-0.78,22.3,2.07,0.0
20230512:0130,61.42,22.0,75.05,0.0,13.21,22.37,2.0,0.0
20230512:0230,245.51,166.8,153.45,0.0,27.36,23.18,2.83,0.0
20230512:0330,428.02,365.5,180.65,0.0,41.6,25.01,3.03,0.0
20230512:0430,504.46,347.8,305.95,0.0,55.84,27.05,3.24,0.0
20230512:0530,569.73,425.4,326.3,0.0,69.91,28.59,2.9,0.0
20230512:0630,693.89,678.15,257.95,0.0,82.47,29.58,2.83,0.0
20230512:0730,649.74,651.9,227.35,0.0,78.68,30.71,2.41,0.0
20230512:0830,531.04,467.25,242.3,0.0,65.15,31.18,2.21,0.0
20230512:0930,372.71,345.75,142.95,0.0,50.98,31.36,2.41,0.0
20230512:1030,320.44,296.2,123.35,0.0,36.73,30.03,3.1,0.0
20230512:1130,161.46,102.0,123.5,0.0,22.52,29.18,3.38,0.0
20230512:1230,29.3,25.25,36.65,0.0,8.41,28.05,3.1,0.0
20230512:1330,0.0,0.0,0.0,0.0,-5.5,27.09,2.62,0.0
20230512:1430,0.0,0.0,0.0,0.0,0.0,26.46,2.69,0.0
20230512:1530,0.0,0.0,0.0,0.0,0.0,25.77,2.9,0.0
20230512:1630,0.0,0.0,0.0,0.0,0.0,25.05,3.31,0.0
20230512:1730,0.0,0.0,0.0,0.0,0.0,24.37,3.31,0.0
20230512:1830,0.0,0.0,0.0,0.0,0.0,23.84,3.24,0.0
20230512:1930,0.0,0.0,0.0,0.0,0.0,23.54,3.52,0.0
20230512:2030,0.0,0.0,0.0,0.0,0.0,23.35,3.17,0.0
20230512:2130,0.0,0.0,0.0,0.0,0.0,23.2,3.17,0.0
20230512:2230,0.0,0.0,0.0,0.0,0.0,23.01,3.17,0.0
20230512:2330,0.0,0.0,0.0,0.0,0.0,22.94,2.9,0.0
20230513:0030,0.0,0.0,0.0,0.0,-0.72,23.04,2.62,0.0
20230513:0130,62.62,15.55,81.9,0.0,13.25,23.1,3.1,0.0
20230513:0230,242.63,164.25,151.15,0.0,27.39,23.54,4.48,0.0
20230513:0330,405.96,311.25,202.45,0.0,41.61,25.08,4.62,0.0
20230513:0430,526.35,453.35,219.45,0.0,55.82,26.81,4.41,0.0
20230513:0530,680.24,693.15,197.45,0.0,69.85,28.28,4.28,0.0
20230513:0630,675.27,658.2,233.7,0.0,82.28,29.79,4.28,0.0
20230513:0730,560.53,484.6,249.8,0.0,78.55,30.37,4.0,0.0
20230513:0830,475.52,441.8,174.5,0.0,65.1,29.99,3.66,0.0
20230513:0930,344.48,233.15,210.95,0.0,50.97,29.19,4.62,0.0
20230513:1030,239.33,138.05,173.25,0.0,36.74,26.67,4.48,0.0
20230513:1130,154.0,120.85,93.75,0.0,22.54,26.88,3.66,0.0
20230513:1230,37.82,36.7,40.4,0.0,8.45,26.88,3.72,0.0
20230513:1330,0.0,0.0,0.0,0.0,-5.44,26.29,2.9,0.0
20230513:1430,0.0,0.0,0.0,0.0,0.0,25.56,2.62,0.0
20230513:1530,0.0,0.0,0.0,0.0,0.0,24.85,2.62,0.0
20230513:1630,0.0,0.0,0.0,0.0,0.0,24.27,2.62,0.0
20230513:1730,0.0,0.0,0.0,0.0,0.0,23.77,2.69,0.0
20230513:1830,0.0,0.0,0.0,0.0,0.0,23.37,2.76,0.0
20230513:1930,0.0,0.0,0.0,0.0,0.0,23.1,3.31,0.0
20230513:2030,0.0,0.0,0.0,0.0,0.0,22.88,3.24,0.0
20230513:2130,0.0,0.0,0.0,0.0,0.0,22.81,3.38,0.0
20230513:2230,0.0,0.0,0.0,0.0,0.0,22.8,3.17,0.0
20230513:2330,0.0,0.0,0.0,0.0,0.0,22.75,3.24,0.0
20230514:0030,0.0,0.0,0.0,0.0,-0.66,22.65,3.03,0.0
20230514:0130,64.14,35.15,67.8,0.0,13.29,22.63,2.62,0.0
20230514:0230,231.52,188.6,113.6,0.0,27.41,23.12,3.52,0.0
20230514:0330,375.95,283.75,191.75,0.0,41.61,24.49,4.07,0.0
20230514:0430,579.29,534.8,209.45,0.0,55.8,26.19,3.93,0.0
20230514:0530,679.72,715.2,180.0,0.0,69.79,27.98,3.52,0.0
20230514:0630,748.74,867.5,139.0,0.0,82.09,29.44,3.38,0.0
20230514:0730,734.45,860.75,136.15,0.0,78.42,30.88,3.1,0.0
20230514:0830,672.7,774.7,132.7,0.0,65.06,31.78,3.1,0.0
20230514:0930,564.55,634.95,117.95,0.0,50.95,32.3,2.97,0.0
20230514:1030,366.44,361.15,124.9,0.0,36.74,32.48,2.9,0.0
20230514:1130,203.73,204.95,82.25,0.0,22.57,32.03,2.76,0.0
20230514:1230,38.89,48.45,35.4,0.0,8.49,31.05,2.14,0.0
20230514:1330,0.0,0.0,0.0,0.0,-5.38,29.4,2.41,0.0
20230514:1430,0.0,0.0,0.0,0.0,0.0,28.0,3.17,0.0
20230514:1530,0.0,0.0,0.0,0.0,0.0,26.76,3.86,0.0
20230514:1630,0.0,0.0,0.0,0.0,0.0,25.59,3.79,0.0
20230514:1730,0.0,0.0,0.0,0.0,0.0,24.8,3.72,0.0
20230514:1830,0.0,0.0,0.0,0.0,0.0,24.28,3.72,0.0
20230514:1930,0.0,0.0,0.0,0.0,0.0,24.17,3.52,0.0
20230514:2030,0.0,0.0,0.0,0.0,0.0,23.68,3.38,0.0
20230514:2130,0.0,0.0,0.0,0.0,0.0,23.53,3.38,0.0
20230514:2230,0.0,0.0,0.0,0.0,0.0,23.29,3.31,0.0
20230514:2330,0.0,0.0,0.0,0.0,0.0,23.18,3.17,0.0
20230515:0030,0.0,0.0,0.0,0.0,-0.61,23.05,2.97,0.0
20230515:0130,80.6,54.25,72.7,0.0,13.33,22.77,2.83,0.0
20230515:0230,277.7,246.6,114.15,0.0,27.43,23.29,3.1,0.0
20230515:0330,485.84,501.6,116.9,0.0,41.61,24.85,3.31,0.0
20230515:0430,628.72,692.85,124.45,0.0,55.78,26.92,3.38,0.0
20230515:0530,713.06,819.4,130.45,0.0,69.73,28.86,3.31,0.0
20230515:0630,744.49,865.9,140.95,0.0,81.9,30.43,3.31,0.0
20230515:0730,720.16,828.3,151.35,0.0,78.3,31.46,3.03,0.0
20230515:0830,663.31,762.2,135.95,0.0,65.01,32.22,2.9,0.0
20230515:0930,561.16,632.6,119.15,0.0,50.94,32.61,2.69,0.0
20230515:1030,402.43,435.7,100.7,0.0,36.75,32.72,2.48,0.0
20230515:1130,175.54,165.15,84.85,0.0,22.59,32.43,2.48,0.0
20230515:1230,39.03,45.75,37.25,0.0,8.54,31.15,2.34,0.0
20230515:1330,0.0,0.0,0.0,0.0,-5.32,29.19,3.03,0.0
20230515:1430,0.0,0.0,0.0,0.0,0.0,27.5,3.45,0.0
20230515:1530,0.0,0.0,0.0,0.0,0.0,26.29,3.45,0.0
20230515:1630,0.0,0.0,0.0,0.0,0.0,25.36,2.9,0.0
20230515:1730,0.0,0.0,0.0,0.0,0.0,24.58,2.34,0.0
20230515:1830,0.0,0.0,0.0,0.0,0.0,23.93,1.93,0.0
20230515:1930,0.0,0.0,0.0,0.0,0.0,23.41,2.0,0.0
20230515:2030,0.0,0.0,0.0,0.0,0.0,22.87,2.0,0.0
20230515:2130,0.0,0.0,0.0,0.0,0.0,22.41,2.21,0.0
20230515:2230,0.0,0.0,0.0,0.0,0.0,22.11,2.34,0.0
20230515:2330,0.0,0.0,0.0,0.0,0.0,21.87,2.48,0.0
20230516:0030,0.0,0.0,0.0,0.0,-0.56,21.68,2.62,0.0
20230516:0130,75.48,46.0,72.6,0.0,13.36,21.8,2.69,0.0
20230516:0230,262.44,194.5,145.15,0.0,27.44,22.68,3.59,0.0
20230516:0330,426.16,377.85,162.5,0.0,41.6,24.26,3.24,0.0
20230516:0430,628.4,692.05,125.45,0.0,55.75,26.17,2.97,0.0
20230516:0530,709.52,818.95,131.1,0.0,69.66,28.45,2.76,0.0
20230516:0630,741.2,876.95,134.85,0.0,81.71,30.25,2.62,0.0
20230516:0730,717.28,858.75,135.45,0.0,78.17,31.7,2.0,0.0
20230516:0830,626.42,704.2,161.4,0.0,64.96,32.58,1.45,0.0
20230516:0930,513.27,566.75,134.85,0.0,50.93,33.03,0.97,0.0
20230516:1030,389.28,417.15,112.1,0.0,36.76,33.14,0.76,0.0
20230516:1130,187.47,177.65,91.05,0.0,22.62,32.93,0.62,0.0
20230516:1230,32.65,33.5,36.7,0.0,8.58,31.86,0.41,0.0
20230516:1330,0.0,0.0,0.0,0.0,-5.25,30.25,0.28,0.0
20230516:1430,0.0,0.0,0.0,0.0,0.0,29.1,0.41,0.0
20230516:1530,0.0,0.0,0.0,0.0,0.0,25.95,1.66,0.0
20230516:1630,0.0,0.0,0.0,0.0,0.0,25.39,2.55,0.0
20230516:1730,0.0,0.0,0.0,0.0,0.0,24.76,2.62,0.0
20230516:1830,0.0,0.0,0.0,0.0,0.0,24.23,2.41,0.0
20230516:1930,0.0,0.0,0.0,0.0,0.0,23.78,2.14,0.0
20230516:2030,0.0,0.0,0.0,0.0,0.0,23.22,2.07,0.0
20230516:2130,0.0,0.0,0.0,0.0,0.0,22.72,2.0,0.0
20230516:2230,0.0,0.0,0.0,0.0,0.0,22.08,1.72,0.0
20230516:2330,0.0,0.0,0.0,0.0,0.0,21.3,1.45,0.0
20230517:0030,0.0,0.0,0.0,0.0,-0.51,20.89,1.31,0.0
20230517:0130,102.69,103.75,58.65,0.0,13.39,20.71,1.38,0.0
20230517:0230,300.81,306.15,89.6,0.0,27.45,23.85,1.24,0.0
20230517:0330,476.58,514.3,109.65,0.0,41.6,26.29,1.24,0.0
20230517:0430,600.53,687.05,124.0,0.0,55.72,28.51,1.1,0.0
20230517:0530,667.11,800.6,133.95,0.0,69.59,30.33,0.69,0.0
20230517:0630,566.51,557.5,230.7,0.0,81.52,31.79,0.41,0.0
20230517:0730,537.25,516.9,221.85,0.0,78.05,32.07,0.69,0.0
20230517:0830,501.75,530.15,149.45,0.0,64.92,32.39,1.03,0.0
20230517:0930,415.52,369.95,188.35,0.0,50.91,32.41,1.1,0.0
20230517:1030,258.99,225.3,124.0,0.0,36.77,32.25,0.9,0.0
20230517:1130,180.72,185.35,73.45,0.0,22.64,32.0,0.76,0.0
20230517:1230,30.86,39.35,30.25,0.0,8.63,31.41,0.55,0.0
20230517:1330,0.0,0.0,0.0,0.0,-5.19,29.6,1.86,0.0
20230517:1430,0.0,0.0,0.0,0.0,0.0,27.87,2.55,0.0
20230517:1530,0.0,0.0,0.0,0.0,0.0,26.92,2.55,0.0
20230517:1630,0.0,0.0,0.0,0.0,0.0,26.15,2.41,0.0
20230517:1730,0.0,0.0,0.0,0.0,0.0,25.42,2.41,0.0
20230517:1830,0.0,0.0,0.0,0.0,0.0,24.94,2.34,0.0
20230517:1930,0.0,0.0,0.0,0.0,0.0,24.72,2.34,0.0
20230517:2030,0.0,0.0,0.0,0.0,0.0,24.48,2.41,0.0
20230517:2130,0.0,0.0,0.0,0.0,0.0,24.02,2.48,0.0
20230517:2230,0.0,0.0,0.0,0.0,0.0,23.93,2.48,0.0
20230517:2330,0.0,0.0,0.0,0.0,0.0,23.96,2.21,0.0
20230518:0030,0.0,0.0,0.0,0.0,-0.46,23.8,1.93,0.0
20230518:0130,58.23,29.4,65.5,0.0,13.41,23.76,1.66,0.0
20230518:0230,161.09,61.85,155.5,0.0,27.46,24.16,1.59,0.0
20230518:0330,297.71,194.6,190.3,0.0,41.59,25.11,1.52,0.0
20230518:0430,476.0,454.95,170.55,0.0,55.69,26.72,0.9,0.0
20230518:0530,579.11,582.25,200.75,0.0,69.51,28.7,0.97,0.0
20230518:0630,694.91,833.6,140.95,0.0,81.33,30.5,0.97,0.0
20230518:0730,677.51,789.3,159.2,0.0,77.93,32.02,1.24,0.0
20230518:0830,464.07,426.45,196.55,0.0,64.88,32.75,1.59,0.0
20230518:0930,404.14,388.55,150.2,0.0,50.9,32.4,1.45,0.0
20230518:1030,273.31,229.55,137.7,0.0,36.78,32.43,1.45,0.0
20230518:1130,162.12,156.9,76.45,0.0,22.67,32.23,1.03,0.0
20230518:1230,35.7,45.2,33.0,0.0,8.67,31.36,0.48,0.0
20230518:1330,0.0,0.0,0.0,0.0,-5.12,29.98,1.93,0.0
20230518:1430,0.0,0.0,0.0,0.0,0.0,28.26,2.83,0.0
20230518:1530,0.0,0.0,0.0,0.0,0.0,27.2,2.97,0.0
20230518:1630,0.0,0.0,0.0,0.0,0.0,26.3,2.9,0.0
20230518:1730,0.0,0.0,0.0,0.0,0.0,25.65,2.97,0.0
20230518:1830,0.0,0.0,0.0,0.0,0.0,25.06,2.97,0.0
20230518:1930,0.0,0.0,0.0,0.0,0.0,24.65,2.62,0.0
20230518:2030,0.0,0.0,0.0,0.0,0.0,24.18,2.41,0.0
20230518:2130,0.0,0.0,0.0,0.0,0.0,23.8,2.14,0.0
20230518:2230,0.0,0.0,0.0,0.0,0.0,23.46,1.86,0.0
20230518:2330,0.0,0.0,0.0,0.0,0.0,23.24,1.79,0.0
20230519:0030,0.0,0.0,0.0,0.0,-0.42,23.31,1.93,0.0
20230519:0130,71.22,38.7,74.0,0.0,13.44,23.47,2.21,0.0
20230519:0230,253.15,199.1,131.85,0.0,27.47,24.1,3.1,0.0
20230519:0330,431.26,405.4,147.65,0.0,41.57,25.8,2.69,0.0
20230519:0430,569.5,603.35,142.95,0.0,55.65,27.63,2.34,0.0
20230519:0530,683.51,790.9,134.3,0.0,69.44,29.42,2.14,0.0
20230519:0630,702.64,832.15,136.65,0.0,81.15,31.19,1.93,0.0
20230519:0730,645.83,744.2,145.65,0.0,77.81,32.31,1.66,0.0
20230519:0830,486.1,483.65,168.65,0.0,64.84,32.8,1.72,0.0
20230519:0930,426.09,444.65,122.25,0.0,50.9,32.58,1.72,0.0
20230519:1030,287.29,279.0,105.8,0.0,36.79,32.89,1.79,0.0
20230519:1130,129.07,121.6,67.5,0.0,22.7,32.41,1.52,0.0
20230519:1230,30.36,38.45,29.6,0.0,8.72,30.19,3.03,0.0
20230519:1330,0.0,0.0,0.0,0.0,-5.06,28.02,3.52,0.0
20230519:1430,0.0,0.0,0.0,0.0,0.0,26.59,3.79,0.0
20230519:1530,0.0,0.0,0.0,0.0,0.0,25.63,3.52,0.0
20230519:1630,0.0,0.0,0.0,0.0,0.0,24.88,3.45,0.0
20230519:1730,0.0,0.0,0.0,0.0,0.0,24.4,3.38,0.0
20230519:1830,0.0,0.0,0.0,0.0,0.0,23.93,3.31,0.0
20230519:1930,0.0,0.0,0.0,0.0,0.0,23.96,3.86,0.0
20230519:2030,0.0,0.0,0.0,0.0,0.0,23.82,3.31,0.0
20230519:2130,0.0,0.0,0.0,0.0,0.0,23.8,2.83,0.0
20230519:2230,0.0,0.0,0.0,0.0,0.0,23.7,2.14,0.0
20230519:2330,0.0,0.0,0.0,0.0,0.0,23.61,1.79,0.0
20230520:0030,0.0,0.0,0.0,0.0,-0.39,23.87,1.59,0.0
20230520:0130,78.99,59.5,67.0,0.0,13.46,23.84,1.66,0.0
20230520:0230,258.29,201.7,138.15,0.0,27.47,24.55,2.0,0.0
20230520:0330,460.4,470.5,127.85,0.0,41.56,25.81,1.52,0.0
20230520:0430,594.36,670.6,126.95,0.0,55.61,27.6,1.1,0.0
20230520:0530,641.95,740.8,138.2,0.0,69.36,29.41,1.1,0.0
20230520:0630,629.43,709.0,154.0,0.0,80.96,30.88,1.31,0.0
20230520:0730,648.44,681.45,210.35,0.0,77.69,31.83,1.79,0.0
20230520:0830,634.81,739.95,129.7,0.0,64.8,32.61,1.93,0.0
20230520:0930,510.17,568.6,119.45,0.0,50.89,33.03,1.72,0.0
20230520:1030,320.46,320.75,109.35,0.0,36.81,32.93,1.45,0.0
20230520:1130,142.22,122.9,83.3,0.0,22.73,32.41,1.24,0.0
20230520:1230,32.49,39.65,32.05,0.0,8.77,31.57,1.38,0.0
20230520:1330,0.0,0.0,0.0,0.0,-4.99,29.01,2.69,0.0
20230520:1430,0.0,0.0,0.0,0.0,0.0,27.88,3.31,0.0
20230520:1530,0.0,0.0,0.0,0.0,0.0,27.0,3.66,0.0
20230520:1630,0.0,0.0,0.0,0.0,0.0,26.09,3.31,0.0
20230520:1730,0.0,0.0,0.0,0.0,0.0,25.28,2.83,0.0
20230520:1830,0.0,0.0,0.0,0.0,0.0,24.59,2.34,0.0
20230520:1930,0.0,0.0,0.0,0.0,0.0,24.69,2.41,0.0
20230520:2030,0.0,0.0,0.0,0.0,0.0,24.32,2.41,0.0
20230520:2130,0.0,0.0,0.0,0.0,0.0,24.16,2.62,0.0
20230520:2230,0.0,0.0,0.0,0.0,0.0,23.92,2.62,0.0
20230520:2330,0.0,0.0,0.0,0.0,0.0,23.85,2.62,0.0
20230521:0030,0.0,0.0,0.0,0.0,-0.35,23.65,2.48,0.0
20230521:0130,75.85,51.55,69.35,0.0,13.47,23.69,2.28,0.0
20230521:0230,210.51,135.0,143.05,0.0,27.47,24.6,3.24,0.0
20230521:0330,408.33,344.5,178.8,0.0,41.54,25.85,2.9,0.0
20230521:0430,501.47,422.7,230.6,0.0,55.57,27.73,2.55,0.0
20230521:0530,591.3,553.85,236.2,0.0,69.28,29.25,2.07,0.0
20230521:0630,670.12,750.0,166.15,0.0,80.78,30.36,1.79,0.0
20230521:0730,654.24,740.15,172.75,0.0,77.58,31.27,0.97,0.0
20230521:0830,563.61,574.45,204.9,0.0,64.76,32.05,0.69,0.0
20230521:0930,492.07,530.8,141.0,0.0,50.89,32.36,0.62,0.0
20230521:1030,286.57,248.45,138.45,0.0,36.82,31.92,0.48,0.0
20230521:1130,144.86,114.6,90.15,0.0,22.77,28.59,2.76,0.0
20230521:1230,30.05,23.45,38.0,0.0,8.82,26.11,2.34,0.0
20230521:1330,0.0,0.0,0.0,0.0,-4.93,25.97,2.34,0.0
20230521:1430,0.0,0.0,0.0,0.0,0.0,25.41,2.0,0.0
20230521:1530,0.0,0.0,0.0,0.0,0.0,23.82,1.03,0.0
20230521:1630,0.0,0.0,0.0,0.0,0.0,22.83,0.9,0.0
20230521:1730,0.0,0.0,0.0,0.0,0.0,22.8,0.41,0.0
20230521:1830,0.0,0.0,0.0,0.0,0.0,22.68,0.62,0.0
20230521:1930,0.0,0.0,0.0,0.0,0.0,22.7,1.86,0.0
20230521:2030,0.0,0.0,0.0,0.0,0.0,22.47,1.86,0.0
20230521:2130,0.0,0.0,0.0,0.0,0.0,22.37,1.72,0.0
20230521:2230,0.0,0.0,0.0,0.0,0.0,22.32,1.52,0.0
20230521:2330,0.0,0.0,0.0,0.0,0.0,22.23,1.38,0.0
20230522:0030,0.0,0.0,0.0,0.0,-0.32,22.0,1.24,0.0
20230522:0130,78.91,56.05,68.9,0.0,13.49,21.94,0.9,0.0
20230522:0230,259.67,240.8,101.0,0.0,27.47,22.94,0.83,0.0
20230522:0330,375.53,292.15,194.35,0.0,41.52,24.96,1.1,0.0
20230522:0430,532.35,495.65,209.9,0.0,55.53,26.8,1.1,0.0
20230522:0530,610.68,567.8,268.05,0.0,69.2,28.74,0.9,0.0
20230522:0630,639.17,715.5,181.6,0.0,80.6,30.05,0.34,0.0
20230522:0730,564.62,534.4,237.85,0.0,77.47,30.96,0.97,0.0
20230522:0830,599.46,682.45,146.1,0.0,64.73,31.28,0.76,0.0
20230522:0930,453.24,461.55,147.95,0.0,50.88,31.62,0.9,0.0
20230522:1030,288.87,268.15,117.8,0.0,36.84,31.67,1.38,0.0
20230522:1130,157.85,144.25,81.7,0.0,22.8,30.64,0.62,0.0
20230522:1230,23.14,20.2,30.9,0.0,8.87,27.77,3.45,0.0
20230522:1330,0.0,0.0,0.0,0.0,-4.86,25.28,2.83,0.0
20230522:1430,0.0,0.0,0.0,0.0,0.0,24.62,1.86,0.0
20230522:1530,0.0,0.0,0.0,0.0,0.0,24.27,1.86,0.0
20230522:1630,0.0,0.0,0.0,0.0,0.0,24.06,1.86,0.0
20230522:1730,0.0,0.0,0.0,0.0,0.0,23.79,1.79,0.0
20230522:1830,0.0,0.0,0.0,0.0,0.0,23.59,1.66,0.0
20230522:1930,0.0,0.0,0.0,0.0,0.0,23.48,2.07,0.0
20230522:2030,0.0,0.0,0.0,0.0,0.0,23.24,2.0,0.0
20230522:2130,0.0,0.0,0.0,0.0,0.0,23.02,2.07,0.0
20230522:2230,0.0,0.0,0.0,0.0,0.0,23.08,2.07,0.0
20230522:2330,0.0,0.0,0.0,0.0,0.0,23.09,2.14,0.0
20230523:0030,0.0,0.0,0.0,0.0,-0.3,23.24,2.07,0.0
20230523:0130,65.71,29.9,74.25,0.0,13.5,23.33,1.72,0.0
20230523:0230,231.82,152.6,152.75,0.0,27.46,23.82,1.79,0.0
20230523:0330,390.72,274.2,232.35,0.0,41.5,25.34,1.52,0.0
20230523:0430,537.16,466.95,248.95,0.0,55.48,27.05,1.03,0.0
20230523:0530,620.29,621.7,229.9,0.0,69.12,28.64,0.76,0.0
20230523:0630,676.32,759.3,194.15,0.0,80.43,29.9,0.55,0.0
20230523:0730,620.5,604.8,276.5,0.0,77.36,31.08,0.14,0.0
20230523:0830,545.8,583.05,168.4,0.0,64.7,31.82,0.55,0.0
20230523:0930,487.07,522.15,135.0,0.0,50.88,32.16,1.17,0.0
20230523:1030,314.71,305.45,117.15,0.0,36.86,32.23,1.03,0.0
20230523:1130,114.71,61.85,104.45,0.0,22.84,30.25,2.14,0.0
20230523:1230,33.15,18.05,46.0,0.0,8.92,27.76,2.97,0.0
20230523:1330,0.0,0.0,0.0,0.0,-4.79,27.02,2.76,0.0
20230523:1430,0.0,0.0,0.0,0.0,0.0,26.19,2.69,0.0
20230523:1530,0.0,0.0,0.0,0.0,0.0,25.66,2.62,0.0
20230523:1630,0.0,0.0,0.0,0.0,0.0,25.15,2.62,0.0
20230523:1730,0.0,0.0,0.0,0.0,0.0,24.61,2.55,0.0
20230523:1830,0.0,0.0,0.0,0.0,0.0,24.11,2.83,0.0
20230523:1930,0.0,0.0,0.0,0.0,0.0,23.79,3.1,0.0
20230523:2030,0.0,0.0,0.0,0.0,0.0,23.5,3.17,0.0
20230523:2130,0.0,0.0,0.0,0.0,0.0,23.23,3.1,0.0
20230523:2230,0.0,0.0,0.0,0.0,0.0,23.03,2.9,0.0
20230523:2330,0.0,0.0,0.0,0.0,0.0,22.77,2.62,0.0
20230524:0030,0.0,0.0,0.0,0.0,-0.27,22.48,2.21,0.0
20230524:0130,84.83,71.85,63.35,0.0,13.5,22.46,1.86,0.0
20230524:0230,257.08,196.05,139.5,0.0,27.45,23.47,2.62,0.0
20230524:0330,451.09,445.5,132.9,0.0,41.47,25.03,2.34,0.0
20230524:0430,595.9,646.4,134.35,0.0,55.44,26.88,2.34,0.0
20230524:0530,682.57,781.5,133.15,0.0,69.03,28.74,2.48,0.0
20230524:0630,687.5,722.65,209.6,0.0,80.26,30.11,2.48,0.0
20230524:0730,673.67,751.05,173.3,0.0,77.25,30.99,1.86,0.0
20230524:0830,587.17,611.75,185.35,0.0,64.66,31.84,1.79,0.0
20230524:0930,463.1,455.5,169.85,0.0,50.88,32.25,1.03,0.0
20230524:1030,228.57,150.4,152.4,0.0,36.88,29.78,3.59,0.0
20230524:1130,83.77,29.7,93.4,0.0,22.87,25.85,4.0,0.0
20230524:1230,16.75,0.1,34.8,0.0,8.97,26.12,3.31,0.0
20230524:1330,0.0,0.0,0.0,0.0,-4.72,25.71,2.9,0.0
20230524:1430,0.0,0.0,0.0,0.0,0.0,25.27,2.48,0.0
20230524:1530,0.0,0.0,0.0,0.0,0.0,24.91,2.21,0.0
20230524:1630,0.0,0.0,0.0,0.0,0.0,24.63,2.34,0.0
20230524:1730,0.0,0.0,0.0,0.0,0.0,24.22,2.55,0.0
20230524:1830,0.0,0.0,0.0,0.0,0.0,23.73,2.41,0.0
20230524:1930,0.0,0.0,0.0,0.0,0.0,23.48,2.69,0.0
20230524:2030,0.0,0.0,0.0,0.0,0.0,23.06,2.69,0.0
20230524:2130,0.0,0.0,0.0,0.0,0.0,22.76,2.76,0.0
20230524:2230,0.0,0.0,0.0,0.0,0.0,22.64,2.97,0.0
20230524:2330,0.0,0.0,0.0,0.0,0.0,22.55,2.76,0.0
20230525:0030,0.0,0.0,0.0,0.0,-0.25,22.43,2.34,0.0
20230525:0130,71.37,53.65,61.5,0.0,13.51,22.53,2.41,0.0
20230525:0230,256.33,224.2,109.5,0.0,27.44,23.18,3.1,0.0
20230525:0330,444.0,401.9,161.55,0.0,41.44,24.81,3.66,0.0
20230525:0430,596.98,636.25,135.65,0.0,55.39,26.68,3.38,0.0
20230525:0530,681.74,766.5,136.1,0.0,68.95,28.42,3.17,0.0
20230525:0630,697.48,767.7,167.5,0.0,80.09,29.81,3.1,0.0
20230525:0730,673.75,722.05,185.95,0.0,77.15,30.97,2.97,0.0
20230525:0830,501.63,448.95,213.95,0.0,64.64,31.65,2.97,0.0
20230525:0930,428.73,398.15,164.9,0.0,50.88,31.51,2.83,0.0
20230525:1030,180.02,73.55,165.75,0.0,36.9,27.0,5.1,0.0
20230525:1130,107.45,28.75,123.55,0.0,22.91,25.59,3.31,0.0
20230525:1230,23.25,5.95,40.05,0.0,9.02,25.77,3.45,0.0
20230525:1330,0.0,0.0,0.0,0.0,-4.66,25.46,2.76,0.0
20230525:1430,0.0,0.0,0.0,0.0,0.0,24.96,2.83,0.0
20230525:1530,0.0,0.0,0.0,0.0,0.0,24.39,2.69,0.0
20230525:1630,0.0,0.0,0.0,0.0,0.0,23.96,2.55,0.0
20230525:1730,0.0,0.0,0.0,0.0,0.0,23.59,2.48,0.0
20230525:1830,0.0,0.0,0.0,0.0,0.0,23.24,2.28,0.0
20230525:1930,0.0,0.0,0.0,0.0,0.0,23.32,2.97,0.0
20230525:2030,0.0,0.0,0.0,0.0,0.0,23.02,2.83,0.0
20230525:2130,0.0,0.0,0.0,0.0,0.0,22.7,2.83,0.0
20230525:2230,0.0,0.0,0.0,0.0,0.0,22.6,2.62,0.0
20230525:2330,0.0,0.0,0.0,0.0,0.0,22.36,2.83,0.0
20230526:0030,0.0,0.0,0.0,0.0,-0.23,22.32,2.76,0.0
20230526:0130,61.34,25.8,71.65,0.0,13.51,22.41,2.48,0.0
20230526:0230,213.55,144.75,134.95,0.0,27.43,23.02,3.45,0.0
20230526:0330,395.59,317.25,184.4,0.0,41.41,24.51,3.52,0.0
20230526:0430,469.37,349.5,251.15,0.0,55.34,26.51,3.79,0.0
20230526:0530,583.08,513.95,246.3,0.0,68.86,27.97,3.45,0.0
20230526:0630,672.78,678.95,216.4,0.0,79.93,29.21,3.24,0.0
20230526:0730,639.1,584.55,270.5,0.0,77.05,30.36,3.1,0.0
20230526:0830,495.69,406.1,246.8,0.0,64.61,30.99,3.1,0.0
20230526:0930,320.79,137.4,285.3,0.0,50.89,30.32,2.97,0.0
20230526:1030,189.99,58.65,194.7,0.0,36.92,27.46,3.66,0.0
20230526:1130,123.68,39.9,133.4,0.0,22.95,26.38,3.31,0.0
20230526:1230,24.84,4.5,43.35,0.0,9.07,26.51,3.24,0.0
20230526:1330,0.0,0.0,0.0,0.0,-4.59,26.09,2.83,0.0
20230526:1430,0.0,0.0,0.0,0.0,0.0,25.47,2.69,0.0
20230526:1530,0.0,0.0,0.0,0.0,0.0,24.79,2.69,0.0
20230526:1630,0.0,0.0,0.0,0.0,0.0,24.24,2.9,0.0
20230526:1730,0.0,0.0,0.0,0.0,0.0,23.74,3.03,0.0
20230526:1830,0.0,0.0,0.0,0.0,0.0,23.21,2.97,0.0
20230526:1930,0.0,0.0,0.0,0.0,0.0,22.99,2.97,0.0
20230526:2030,0.0,0.0,0.0,0.0,0.0,22.76,2.97,0.0
20230526:2130,0.0,0.0,0.0,0.0,0.0,22.62,3.03,0.0
20230526:2230,0.0,0.0,0.0,0.0,0.0,22.54,2.97,0.0
20230526:2330,0.0,0.0,0.0,0.0,0.0,22.65,2.76,0.0
20230527:0030,0.0,0.0,0.0,0.0,-0.22,22.44,2.55,0.0
20230527:0130,77.21,56.7,66.25,0.0,13.51,22.48,2.14,0.0
20230527:0230,254.35,201.65,130.85,0.0,27.41,23.01,2.0,0.0
20230527:0330,465.49,482.5,115.3,0.0,41.38,24.42,1.93,0.0
20230527:0430,597.4,649.05,137.2,0.0,55.29,26.34,1.86,0.0
20230527:0530,683.55,787.55,133.25,0.0,68.78,28.16,2.0,0.0
20230527:0630,695.63,757.35,190.45,0.0,79.76,29.74,2.14,0.0
20230527:0730,663.82,689.0,215.65,0.0,76.96,30.94,2.21,0.0
20230527:0830,486.64,455.55,193.55,0.0,64.59,31.54,1.79,0.0
20230527:0930,379.88,314.55,188.1,0.0,50.89,31.4,1.79,0.0
20230527:1030,279.86,184.55,189.6,0.0,36.95,31.27,1.72,0.0
20230527:1130,113.83,62.85,102.9,0.0,22.99,30.96,1.93,0.0
20230527:1230,34.42,36.95,35.55,0.0,9.13,30.28,1.86,0.0
20230527:1330,0.0,0.0,0.0,0.0,-4.52,28.89,2.0,0.0
20230527:1430,0.0,0.0,0.0,0.0,0.0,27.64,2.34,0.0
20230527:1530,0.0,0.0,0.0,0.0,0.0,26.61,2.69,0.0
20230527:1630,0.0,0.0,0.0,0.0,0.0,25.61,2.55,0.0
20230527:1730,0.0,0.0,0.0,0.0,0.0,24.86,2.48,0.0
20230527:1830,0.0,0.0,0.0,0.0,0.0,24.23,2.34,0.0
20230527:1930,0.0,0.0,0.0,0.0,0.0,23.87,2.34,0.0
20230527:2030,0.0,0.0,0.0,0.0,0.0,23.47,2.21,0.0
20230527:2130,0.0,0.0,0.0,0.0,0.0,23.03,2.14,0.0
20230527:2230,0.0,0.0,0.0,0.0,0.0,22.73,2.07,0.0
20230527:2330,0.0,0.0,0.0,0.0,0.0,22.5,2.07,0.0
20230528:0030,0.0,0.0,0.0,0.0,-0.21,22.34,2.0,0.0
20230528:0130,90.42,81.0,62.65,0.0,13.51,22.3,1.93,0.0
20230528:0230,263.63,246.55,98.8,0.0,27.4,23.67,2.14,0.0
20230528:0330,415.98,388.0,147.15,0.0,41.35,25.41,2.0,0.0
20230528:0430,576.36,621.45,138.15,0.0,55.23,27.26,1.86,0.0
20230528:0530,641.35,703.05,162.65,0.0,68.69,29.19,1.79,0.0
20230528:0630,656.99,715.05,183.05,0.0,79.61,30.48,1.72,0.0
20230528:0730,614.45,628.25,214.65,0.0,76.87,31.49,1.45,0.0
20230528:0830,531.91,494.2,226.3,0.0,64.56,31.85,1.45,0.0
20230528:0930,419.72,328.15,233.0,0.0,50.9,31.92,1.59,0.0
20230528:1030,281.63,206.05,170.9,0.0,36.97,31.97,1.86,0.0
20230528:1130,126.97,64.6,117.95,0.0,23.03,31.04,1.93,0.0
20230528:1230,23.15,8.35,38.85,0.0,9.18,29.15,3.24,0.0
20230528:1330,0.0,0.0,0.0,0.0,-4.45,27.37,3.31,0.0
20230528:1430,0.0,0.0,0.0,0.0,0.0,26.52,2.62,0.0
20230528:1530,0.0,0.0,0.0,0.0,0.0,26.09,2.21,0.0
20230528:1630,0.0,0.0,0.0,0.0,0.0,25.4,2.14,0.0
20230528:1730,0.0,0.0,0.0,0.0,0.0,25.04,1.93,0.0
20230528:1830,0.0,0.0,0.0,0.0,0.0,24.51,2.07,0.0
20230528:1930,0.0,0.0,0.0,0.0,0.0,24.24,1.93,0.0
20230528:2030,0.0,0.0,0.0,0.0,0.0,23.8,1.86,0.0
20230528:2130,0.0,0.0,0.0,0.0,0.0,23.38,1.59,0.0
20230528:2230,0.0,0.0,0.0,0.0,0.0,23.05,1.31,0.0
20230528:2330,0.0,0.0,0.0,0.0,0.0,22.35,1.17,0.0
20230529:0030,0.0,0.0,0.0,0.0,-0.2,21.91,1.24,0.0
20230529:0130,87.01,83.55,56.35,0.0,13.5,21.95,1.38,0.0
20230529:0230,267.97,260.1,93.2,0.0,27.38,24.3,1.52,0.0
20230529:0330,417.89,398.85,144.4,0.0,41.31,26.35,1.45,0.0
20230529:0430,493.22,488.65,165.2,0.0,55.18,28.29,1.03,0.0
20230529:0530,635.71,733.25,148.6,0.0,68.6,29.75,0.62,0.0
20230529:0630,640.02,705.85,188.85,0.0,79.46,31.21,0.76,0.0
20230529:0730,626.79,618.0,252.2,0.0,76.78,32.02,1.24,0.0
20230529:0830,442.26,324.95,275.8,0.0,64.54,32.86,0.97,0.0
20230529:0930,357.69,185.6,296.95,0.0,50.91,32.49,1.17,0.0
20230529:1030,187.6,88.15,166.55,0.0,37.0,30.59,2.0,0.0
20230529:1130,108.87,37.75,120.05,0.0,23.07,29.83,1.59,0.0
20230529:1230,18.49,6.55,33.4,0.0,9.24,29.04,1.93,0.0
20230529:1330,0.0,0.0,0.0,0.0,-4.38,28.01,2.48,0.0
20230529:1430,0.0,0.0,0.0,0.0,0.0,27.15,2.14,0.0
20230529:1530,0.0,0.0,0.0,0.0,0.0,26.43,2.07,0.0
20230529:1630,0.0,0.0,0.0,0.0,0.0,25.74,2.0,0.0
20230529:1730,0.0,0.0,0.0,0.0,0.0,25.22,1.86,0.0
20230529:1830,0.0,0.0,0.0,0.0,0.0,24.69,1.72,0.0
20230529:1930,0.0,0.0,0.0,0.0,0.0,24.46,0.97,0.0
20230529:2030,0.0,0.0,0.0,0.0,0.0,23.88,1.38,0.0
20230529:2130,0.0,0.0,0.0,0.0,0.0,23.51,1.45,0.0
20230529:2230,0.0,0.0,0.0,0.0,0.0,23.19,1.31,0.0
20230529:2330,0.0,0.0,0.0,0.0,0.0,23.11,1.52,0.0
20230530:0030,0.0,0.0,0.0,0.0,-0.19,23.33,1.79,0.0
20230530:0130,94.44,92.75,58.75,0.0,13.49,23.29,1.45,0.0
20230530:0230,262.88,228.05,119.0,0.0,27.35,24.77,1.66,0.0
20230530:0330,413.83,383.55,152.2,0.0,41.28,26.48,1.93,0.0
20230530:0430,546.24,572.15,153.9,0.0,55.12,28.04,1.31,0.0
20230530:0530,640.13,724.55,157.4,0.0,68.52,29.25,0.83,0.0
20230530:0630,516.97,363.0,343.45,0.0,79.31,30.41,0.69,0.0
20230530:0730,552.99,466.5,283.15,0.0,76.7,30.89,1.45,0.0
20230530:0830,586.15,639.3,161.1,0.0,64.53,31.39,1.24,0.0
20230530:0930,474.32,461.95,180.75,0.0,50.92,31.84,0.83,0.0
20230530:1030,353.32,350.5,123.85,0.0,37.03,32.35,1.24,0.0
20230530:1130,130.45,75.0,110.8,0.0,23.11,29.97,3.38,0.0
20230530:1230,14.58,9.1,25.5,0.0,9.29,25.96,2.83,0.0
20230530:1330,0.0,0.0,0.0,0.0,-4.31,25.29,1.72,0.0
20230530:1430,0.0,0.0,0.0,0.0,0.0,25.25,1.31,0.0
20230530:1530,0.0,0.0,0.0,0.0,0.0,24.92,1.38,0.0
20230530:1630,0.0,0.0,0.0,0.0,0.0,24.5,1.38,0.0
20230530:1730,0.0,0.0,0.0,0.0,0.0,24.08,1.24,0.0
20230530:1830,0.0,0.0,0.0,0.0,0.0,23.41,0.97,0.0
20230530:1930,0.0,0.0,0.0,0.0,0.0,22.87,1.17,0.0
20230530:2030,0.0,0.0,0.0,0.0,0.0,22.55,1.1,0.0
20230530:2130,0.0,0.0,0.0,0.0,0.0,22.45,1.31,0.0
20230530:2230,0.0,0.0,0.0,0.0,0.0,22.73,1.45,0.0
20230530:2330,0.0,0.0,0.0,0.0,0.0,22.46,1.59,0.0
20230531:0030,0.0,0.0,0.0,0.0,-0.19,22.37,1.38,0.0
20230531:0130,85.68,67.95,67.7,0.0,13.48,22.44,1.45,0.0
20230531:0230,243.08,203.15,116.3,0.0,27.33,23.88,2.21,0.0
20230531:0330,404.68,340.6,177.1,0.0,41.24,25.39,2.83,0.0
20230531:0430,518.83,482.75,191.05,0.0,55.07,27.19,2.55,0.0
20230531:0530,628.83,670.0,168.55,0.0,68.43,28.48,2.14,0.0
20230531:0630,653.14,682.7,199.35,0.0,79.17,29.69,2.14,0.0
20230531:0730,625.36,646.1,204.45,0.0,76.62,31.23,1.93,0.0
20230531:0830,521.24,506.8,192.55,0.0,64.51,31.72,1.79,0.0
20230531:0930,298.89,166.7,233.35,0.0,50.93,32.18,1.52,0.0
20230531:1030,169.1,51.65,180.15,0.0,37.06,30.44,2.0,0.0
20230531:1130,66.23,2.65,97.7,0.0,23.16,26.34,3.79,0.0
20230531:1230,20.08,4.4,36.5,0.0,9.35,25.09,2.55,0.0
20230531:1330,0.0,0.0,0.0,0.0,-4.24,24.77,2.62,0.0
20230531:1430,0.0,0.0,0.0,0.0,0.0,24.04,2.55,0.0
20230531:1530,0.0,0.0,0.0,0.0,0.0,23.91,2.14,0.0
20230531:1630,0.0,0.0,0.0,0.0,0.0,23.69,1.45,0.0
20230531:1730,0.0,0.0,0.0,0.0,0.0,23.19,1.52,0.0
20230531:1830,0.0,0.0,0.0,0.0,0.0,23.02,1.59,0.0
20230531:1930,0.0,0.0,0.0,0.0,0.0,23.73,1.93,0.0
20230531:2030,0.0,0.0,0.0,0.0,0.0,23.5,2.14,0.0
20230531:2130,0.0,0.0,0.0,0.0,0.0,23.4,2.41,0.0
20230531:2230,0.0,0.0,0.0,0.0,0.0,23.36,2.34,0.0
20230531:2330,0.0,0.0,0.0,0.0,0.0,23.29,2.28,0.0
20230601:0030,0.0,0.0,0.0,0.0,-0.19,23.31,2.34,0.0
20230601:0130,63.77,37.7,65.4,0.0,13.47,23.26,2.28,0.0
20230601:0230,188.98,88.8,161.7,0.0,27.3,23.78,2.97,0.0
20230601:0330,377.18,264.05,217.7,0.0,41.2,25.01,3.1,0.0
20230601:0430,467.24,335.85,266.75,0.0,55.01,26.84,3.1,0.0
20230601:0530,495.73,312.05,337.55,0.0,68.34,28.33,2.76,0.0
20230601:0630,649.97,631.8,236.85,0.0,79.03,29.15,2.69,0.0
20230601:0730,612.7,581.8,236.8,0.0,76.55,30.22,2.69,0.0
20230601:0830,463.04,363.6,245.9,0.0,64.5,30.8,2.76,0.0
20230601:0930,432.14,441.85,120.7,0.0,50.95,30.76,3.1,0.0
20230601:1030,207.85,155.55,120.2,0.0,37.09,29.22,3.38,0.0
20230601:1130,94.39,61.35,77.2,0.0,23.2,27.86,3.72,0.0
20230601:1230,35.18,20.45,46.6,0.0,9.4,27.29,3.24,0.0
20230601:1330,0.0,0.0,0.0,0.0,-4.18,26.77,3.1,0.0
20230601:1430,0.0,0.0,0.0,0.0,0.0,25.95,3.1,0.0
20230601:1530,0.0,0.0,0.0,0.0,0.0,25.3,2.83,0.0
20230601:1630,0.0,0.0,0.0,0.0,0.0,24.71,2.48,0.0
20230601:1730,0.0,0.0,0.0,0.0,0.0,24.17,2.21,0.0
20230601:1830,0.0,0.0,0.0,0.0,0.0,23.76,2.21,0.0
20230601:1930,0.0,0.0,0.0,0.0,0.0,23.41,2.28,0.0
20230601:2030,0.0,0.0,0.0,0.0,0.0,22.99,2.28,0.0
20230601:2130,0.0,0.0,0.0,0.0,0.0,22.69,2.34,0.0
20230601:2230,0.0,0.0,0.0,0.0,0.0,22.55,2.48,0.0
20230601:2330,0.0,0.0,0.0,0.0,0.0,22.57,2.48,0.0
20230602:0030,0.0,0.0,0.0,0.0,-0.19,22.66,2.34,0.0
20230602:0130,49.87,10.15,70.15,0.0,13.45,22.77,2.0,0.0
20230602:0230,183.84,109.15,135.45,0.0,27.27,23.39,2.14,0.0
20230602:0330,321.83,218.0,194.65,0.0,41.16,24.68,2.28,0.0
20230602:0430,457.05,371.25,218.25,0.0,54.95,26.31,2.34,0.0
20230602:0530,571.17,494.4,251.7,0.0,68.26,27.73,3.03,0.0
20230602:0630,371.22,226.4,254.85,0.0,78.9,29.1,3.38,0.0
20230602:0730,596.89,447.7,343.05,0.0,76.48,29.01,3.1,0.0
20230602:0830,584.16,597.9,177.45,0.0,64.49,30.43,2.76,0.0
20230602:0930,512.91,535.8,143.45,0.0,50.96,30.83,2.34,0.0
20230602:1030,353.83,335.0,134.7,0.0,37.12,31.5,2.07,0.0
20230602:1130,151.51,118.75,95.45,0.0,23.24,29.87,2.34,0.0
20230602:1230,35.88,22.5,45.75,0.0,9.46,25.96,3.17,0.0
20230602:1330,0.0,0.0,0.0,0.0,-4.11,24.87,2.34,0.0
20230602:1430,0.0,0.0,0.0,0.0,0.0,24.44,2.14,0.0
20230602:1530,0.0,0.0,0.0,0.0,0.0,24.18,2.14,0.0
20230602:1630,0.0,0.0,0.0,0.0,0.0,24.12,2.28,0.0
20230602:1730,0.0,0.0,0.0,0.0,0.0,23.88,2.48,0.0
20230602:1830,0.0,0.0,0.0,0.0,0.0,23.6,2.41,0.0
20230602:1930,0.0,0.0,0.0,0.0,0.0,23.96,2.97,0.0
20230602:2030,0.0,0.0,0.0,0.0,0.0,23.74,2.97,0.0
20230602:2130,0.0,0.0,0.0,0.0,0.0,23.56,3.03,0.0
20230602:2230,0.0,0.0,0.0,0.0,0.0,23.4,3.17,0.0
20230602:2330,0.0,0.0,0.0,0.0,0.0,23.49,2.83,0.0
20230603:0030,0.0,0.0,0.0,0.0,-0.2,23.46,2.34,0.0
20230603:0130,49.86,12.15,68.7,0.0,13.43,23.44,2.41,0.0
20230603:0230,171.26,62.3,166.35,0.0,27.24,23.93,3.1,0.0
20230603:0330,333.21,234.55,189.7,0.0,41.11,24.87,3.52,0.0
20230603:0430,511.7,465.0,196.8,0.0,54.89,26.49,2.55,0.0
20230603:0530,617.34,603.65,219.8,0.0,68.18,28.45,2.14,0.0
20230603:0630,674.99,719.65,201.4,0.0,78.77,30.02,1.93,0.0
20230603:0730,636.08,614.45,254.2,0.0,76.42,31.13,1.93,0.0
20230603:0830,532.5,499.65,214.3,0.0,64.49,31.73,2.07,0.0
20230603:0930,419.88,337.6,222.3,0.0,50.98,31.56,1.59,0.0
20230603:1030,287.22,167.4,219.25,0.0,37.16,31.3,0.97,0.0
20230603:1130,140.77,80.5,117.45,0.0,23.29,28.79,3.03,0.0
20230603:1230,28.55,21.65,36.75,0.0,9.52,27.3,3.03,0.0
20230603:1330,0.0,0.0,0.0,0.0,-4.04,26.76,2.48,0.0
20230603:1430,0.0,0.0,0.0,0.0,0.0,25.82,1.66,0.0
20230603:1530,0.0,0.0,0.0,0.0,0.0,24.84,1.31,0.0
20230603:1630,0.0,0.0,0.0,0.0,0.0,24.52,2.34,0.0
20230603:1730,0.0,0.0,0.0,0.0,0.0,24.34,2.76,0.0
20230603:1830,0.0,0.0,0.0,0.0,0.0,24.13,3.17,0.0
20230603:1930,0.0,0.0,0.0,0.0,0.0,24.23,4.21,0.0
20230603:2030,0.0,0.0,0.0,0.0,0.0,23.77,2.83,0.0
20230603:2130,0.0,0.0,0.0,0.0,0.0,23.43,2.55,0.0
20230603:2230,0.0,0.0,0.0,0.0,0.0,22.98,2.76,0.0
20230603:2330,0.0,0.0,0.0,0.0,0.0,22.88,2.69,0.0
20230604:0030,0.0,0.0,0.0,0.0,-0.21,22.44,2.55,0.0
20230604:0130,91.31,78.0,66.3,0.0,13.41,22.38,2.48,0.0
20230604:0230,270.6,256.6,96.0,0.0,27.21,23.57,3.17,0.0
20230604:0330,454.82,442.45,136.45,0.0,41.07,25.29,3.52,0.0
20230604:0430,571.76,586.5,150.8,0.0,54.83,27.01,3.59,0.0
20230604:0530,668.96,738.7,142.35,0.0,68.09,28.45,3.45,0.0
20230604:0630,605.32,607.65,191.35,0.0,78.64,29.76,3.17,0.0
20230604:0730,614.66,620.4,198.25,0.0,76.36,29.62,2.55,0.0
20230604:0830,601.24,582.05,221.7,0.0,64.48,30.33,2.55,0.0
20230604:0930,396.46,345.25,176.15,0.0,51.0,30.85,2.14,0.0
20230604:1030,214.04,109.5,173.05,0.0,37.19,27.62,3.38,0.0
20230604:1130,115.47,53.25,110.05,0.0,23.34,26.17,3.52,0.0
20230604:1230,43.31,35.6,46.5,0.0,9.57,26.37,2.97,0.0
20230604:1330,0.0,0.0,0.0,0.0,-3.97,26.19,2.0,0.0
20230604:1430,0.0,0.0,0.0,0.0,0.0,25.54,1.59,0.0
20230604:1530,0.0,0.0,0.0,0.0,0.0,24.98,1.79,0.0
20230604:1630,0.0,0.0,0.0,0.0,0.0,24.49,1.86,0.0
20230604:1730,0.0,0.0,0.0,0.0,0.0,24.28,2.0,0.0
20230604:1830,0.0,0.0,0.0,0.0,0.0,23.83,2.14,0.0
20230604:1930,0.0,0.0,0.0,0.0,0.0,23.65,3.03,0.0
20230604:2030,0.0,0.0,0.0,0.0,0.0,23.33,3.31,0.0
20230604:2130,0.0,0.0,0.0,0.0,0.0,22.98,3.24,0.0
20230604:2230,0.0,0.0,0.0,0.0,0.0,22.84,3.03,0.0
20230604:2330,0.0,0.0,0.0,0.0,0.0,22.76,2.9,0.0
20230605:0030,0.0,0.0,0.0,0.0,-0.22,22.65,2.83,0.0
20230605:0130,66.84,36.2,70.15,0.0,13.39,22.55,2.9,0.0
20230605:0230,236.73,180.1,128.55,0.0,27.18,23.13,3.66,0.0
20230605:0330,445.53,395.95,168.0,0.0,41.03,24.5,3.93,0.0
20230605:0430,582.95,604.55,144.9,0.0,54.77,26.35,3.66,0.0
20230605:0530,692.69,781.6,129.1,0.0,68.01,28.12,3.72,0.0
20230605:0630,727.07,828.5,142.35,0.0,78.53,29.63,3.66,0.0
20230605:0730,715.82,831.35,130.85,0.0,76.3,30.74,3.45,0.0
20230605:0830,657.63,754.05,125.85,0.0,64.48,31.52,3.38,0.0
20230605:0930,554.71,616.85,116.2,0.0,51.03,31.84,3.45,0.0
20230605:1030,408.02,436.5,100.1,0.0,37.23,31.95,3.72,0.0
20230605:1130,214.29,209.0,87.55,0.0,23.38,30.97,4.34,0.0
20230605:1230,44.84,50.15,39.3,0.0,9.63,29.63,4.14,0.0
20230605:1330,0.0,0.0,0.0,0.0,-3.91,28.13,3.86,0.0
20230605:1430,0.0,0.0,0.0,0.0,0.0,26.75,3.86,0.0
20230605:1530,0.0,0.0,0.0,0.0,0.0,25.76,3.72,0.0
20230605:1630,0.0,0.0,0.0,0.0,0.0,24.92,3.59,0.0
20230605:1730,0.0,0.0,0.0,0.0,0.0,24.18,3.31,0.0
20230605:1830,0.0,0.0,0.0,0.0,0.0,23.61,3.1,0.0
20230605:1930,0.0,0.0,0.0,0.0,0.0,23.17,3.31,0.0
20230605:2030,0.0,0.0,0.0,0.0,0.0,22.92,3.45,0.0
20230605:2130,0.0,0.0,0.0,0.0,0.0,22.74,3.24,0.0
20230605:2230,0.0,0.0,0.0,0.0,0.0,22.66,2.9,0.0
20230605:2330,0.0,0.0,0.0,0.0,0.0,22.51,2.69,0.0
20230606:0030,0.0,0.0,0.0,0.0,-0.24,22.49,2.62,0.0
20230606:0130,64.72,32.9,70.25,0.0,13.36,22.54,2.55,0.0
20230606:0230,239.64,174.55,137.95,0.0,27.14,23.17,3.45,0.0
20230606:0330,433.35,412.65,136.6,0.0,40.98,24.67,3.52,0.0
20230606:0430,600.43,654.65,123.6,0.0,54.71,26.56,3.1,0.0
20230606:0530,667.28,726.9,155.4,0.0,67.93,28.47,3.17,0.0
20230606:0630,692.93,782.9,142.65,0.0,78.41,29.98,3.31,0.0
20230606:0730,585.89,596.7,179.1,0.0,76.25,31.24,3.31,0.0
20230606:0830,529.2,520.6,177.55,0.0,64.48,31.54,3.17,0.0
20230606:0930,492.5,510.45,135.9,0.0,51.05,31.6,3.38,0.0
20230606:1030,372.53,376.45,113.25,0.0,37.26,31.71,3.52,0.0
20230606:1130,140.67,121.0,79.7,0.0,23.43,30.88,3.66,0.0
20230606:1230,30.12,35.5,29.55,0.0,9.69,29.25,3.45,0.0
20230606:1330,0.0,0.0,0.0,0.0,-3.84,27.99,3.59,0.0
20230606:1430,0.0,0.0,0.0,0.0,0.0,26.8,3.66,0.0
20230606:1530,0.0,0.0,0.0,0.0,0.0,25.75,3.52,0.0
20230606:1630,0.0,0.0,0.0,0.0,0.0,24.95,3.31,0.0
20230606:1730,0.0,0.0,0.0,0.0,0.0,24.44,3.17,0.0
20230606:1830,0.0,0.0,0.0,0.0,0.0,23.8,3.1,0.0
20230606:1930,0.0,0.0,0.0,0.0,0.0,23.57,3.66,0.0
20230606:2030,0.0,0.0,0.0,0.0,0.0,23.33,3.45,0.0
20230606:2130,0.0,0.0,0.0,0.0,0.0,23.17,3.03,0.0
20230606:2230,0.0,0.0,0.0,0.0,0.0,22.92,2.76,0.0
20230606:2330,0.0,0.0,0.0,0.0,0.0,22.98,2.83,0.0
20230607:0030,0.0,0.0,0.0,0.0,-0.25,22.83,2.62,0.0
20230607:0130,68.57,40.3,69.2,0.0,13.34,22.78,2.28,0.0
20230607:0230,271.26,249.85,103.15,0.0,27.11,23.44,3.38,0.0
20230607:0330,362.47,245.45,215.15,0.0,40.93,25.22,4.34,0.0
20230607:0430,566.09,552.5,166.1,0.0,54.65,26.76,5.52,0.0
20230607:0530,589.46,562.25,194.8,0.0,67.85,28.23,5.17,0.0
20230607:0630,721.23,811.55,140.25,0.0,78.31,29.36,4.41,0.0
20230607:0730,690.24,774.35,141.45,0.0,76.21,31.06,4.34,0.0
20230607:0830,636.18,699.35,140.0,0.0,64.49,31.74,4.55,0.0
20230607:0930,432.75,428.85,130.8,0.0,51.07,31.35,4.69,0.0
20230607:1030,341.26,334.2,107.1,0.0,37.3,29.25,4.34,0.0
20230607:1130,162.8,148.85,78.6,0.0,23.48,29.16,4.28,0.0
20230607:1230,42.58,47.85,37.4,0.0,9.74,28.71,4.55,0.0
20230607:1330,0.0,0.0,0.0,0.0,-3.77,27.19,5.1,0.0
20230607:1430,0.0,0.0,0.0,0.0,0.0,25.45,5.31,0.0
20230607:1530,0.0,0.0,0.0,0.0,0.0,24.32,4.41,0.0
20230607:1630,0.0,0.0,0.0,0.0,0.0,23.76,3.45,0.0
20230607:1730,0.0,0.0,0.0,0.0,0.0,23.3,3.86,0.0
20230607:1830,0.0,0.0,0.0,0.0,0.0,23.08,3.45,0.0
20230607:1930,0.0,0.0,0.0,0.0,0.0,23.11,3.24,0.0
20230607:2030,0.0,0.0,0.0,0.0,0.0,22.85,3.17,0.0
20230607:2130,0.0,0.0,0.0,0.0,0.0,22.59,3.03,0.0
20230607:2230,0.0,0.0,0.0,0.0,0.0,22.52,2.83,0.0
20230607:2330,0.0,0.0,0.0,0.0,0.0,22.27,3.03,0.0
20230608:0030,0.0,0.0,0.0,0.0,-0.27,22.31,3.17,0.0
20230608:0130,78.87,51.1,72.95,0.0,13.31,22.38,2.9,0.0
20230608:0230,256.09,197.5,135.25,0.0,27.07,23.56,4.34,0.0
20230608:0330,268.08,135.2,208.5,0.0,40.89,25.41,5.17,0.0
20230608:0430,333.27,161.6,264.55,0.0,54.6,26.63,4.9,0.0
20230608:0530,407.25,263.75,257.15,0.0,67.77,27.57,4.41,0.0
20230608:0630,685.79,691.3,208.8,0.0,78.2,28.56,4.28,0.0
20230608:0730,631.09,583.6,248.85,0.0,76.16,30.75,4.41,0.0
20230608:0830,531.97,489.5,206.15,0.0,64.5,31.4,4.34,0.0
20230608:0930,466.28,411.75,196.4,0.0,51.1,31.65,4.48,0.0
20230608:1030,251.22,133.65,196.6,0.0,37.34,29.61,4.97,0.0
20230608:1130,132.54,70.7,115.05,0.0,23.53,27.97,5.38,0.0
20230608:1230,35.7,16.1,50.0,0.0,9.8,27.51,4.76,0.0
20230608:1330,0.0,0.0,0.0,0.0,-3.71,26.7,3.93,0.0
20230608:1430,0.0,0.0,0.0,0.0,0.0,25.83,3.93,0.0
20230608:1530,0.0,0.0,0.0,0.0,0.0,25.23,4.07,0.0
20230608:1630,0.0,0.0,0.0,0.0,0.0,24.55,4.21,0.0
20230608:1730,0.0,0.0,0.0,0.0,0.0,24.16,3.93,0.0
20230608:1830,0.0,0.0,0.0,0.0,0.0,23.63,3.17,0.0
20230608:1930,0.0,0.0,0.0,0.0,0.0,22.77,2.76,0.0
20230608:2030,0.0,0.0,0.0,0.0,0.0,22.41,2.9,0.0
20230608:2130,0.0,0.0,0.0,0.0,0.0,22.23,2.76,0.0
20230608:2230,0.0,0.0,0.0,0.0,0.0,22.14,2.9,0.0
20230608:2330,0.0,0.0,0.0,0.0,0.0,22.17,2.9,0.0
20230609:0030,0.0,0.0,0.0,0.0,-0.29,21.89,2.76,0.0
20230609:0130,88.74,84.65,57.75,0.0,13.28,21.93,2.76,0.0
20230609:0230,271.92,255.3,98.75,0.0,27.03,23.11,2.97,0.0
20230609:0330,441.0,418.65,140.75,0.0,40.84,25.22,3.93,0.0
20230609:0430,554.48,516.7,192.7,0.0,54.54,27.41,4.9,0.0
20230609:0530,654.84,696.25,153.65,0.0,67.7,29.08,5.1,0.0
20230609:0630,659.64,691.15,168.2,0.0,78.11,30.25,5.52,0.0
20230609:0730,707.7,770.05,147.9,0.0,76.13,29.62,6.34,0.0
20230609:0830,579.67,570.15,176.0,0.0,64.51,30.38,6.34,0.0
20230609:0930,528.55,518.65,157.7,0.0,51.13,29.16,5.86,0.0
20230609:1030,310.69,278.45,123.15,0.0,37.38,29.55,5.66,0.0
20230609:1130,158.73,109.5,110.2,0.0,23.58,28.12,4.83,0.0
20230609:1230,42.34,34.25,46.05,0.0,9.86,27.61,5.17,0.0
20230609:1330,0.0,0.0,0.0,0.0,-3.64,26.45,4.76,0.0
20230609:1430,0.0,0.0,0.0,0.0,0.0,25.21,4.41,0.0
20230609:1530,0.0,0.0,0.0,0.0,0.0,24.25,3.59,0.0
20230609:1630,0.0,0.0,0.0,0.0,0.0,23.68,4.07,0.0
20230609:1730,0.0,0.0,0.0,0.0,0.0,23.47,4.34,0.0
20230609:1830,0.0,0.0,0.0,0.0,0.0,23.33,4.07,0.0
20230609:1930,0.0,0.0,0.0,0.0,0.0,22.39,4.21,0.0
20230609:2030,0.0,0.0,0.0,0.0,0.0,22.19,4.34,0.0
20230609:2130,0.0,0.0,0.0,0.0,0.0,22.23,4.14,0.0
20230609:2230,0.0,0.0,0.0,0.0,0.0,22.26,4.0,0.0
20230609:2330,0.0,0.0,0.0,0.0,0.0,22.48,4.21,0.0
20230610:0030,0.0,0.0,0.0,0.0,-0.32,22.85,4.48,0.0
20230610:0130,59.98,35.4,62.45,0.0,13.24,22.96,4.14,0.0
20230610:0230,164.98,112.8,107.35,0.0,26.99,23.41,5.03,0.0
20230610:0330,346.09,239.1,196.9,0.0,40.79,24.34,5.45,0.0
20230610:0430,363.66,194.0,266.05,0.0,54.48,26.01,6.34,0.0
20230610:0530,459.26,310.15,270.65,0.0,67.63,27.08,6.55,0.0
20230610:0630,583.06,493.05,249.25,0.0,78.02,27.71,6.48,0.0
20230610:0730,535.46,449.1,228.9,0.0,76.1,27.4,6.41,0.0
20230610:0830,554.66,501.85,203.15,0.0,64.52,27.5,5.86,0.0
20230610:0930,423.48,317.0,218.65,0.0,51.16,27.15,6.28,0.0
20230610:1030,201.96,125.2,138.55,0.0,37.42,26.35,6.0,0.0
20230610:1130,149.66,110.3,95.95,0.0,23.63,26.29,6.69,0.0
20230610:1230,27.56,16.3,38.5,0.0,9.91,25.96,5.1,0.0
20230610:1330,0.0,0.0,0.0,0.0,-3.58,25.25,3.93,0.0
20230610:1430,0.0,0.0,0.0,0.0,0.0,24.56,3.93,0.0
20230610:1530,0.0,0.0,0.0,0.0,0.0,23.97,3.59,0.0
20230610:1630,0.0,0.0,0.0,0.0,0.0,23.75,3.31,0.0
20230610:1730,0.0,0.0,0.0,0.0,0.0,23.62,3.17,0.0
20230610:1830,0.0,0.0,0.0,0.0,0.0,23.37,2.9,0.0
20230610:1930,0.0,0.0,0.0,0.0,0.0,22.78,3.1,0.0
20230610:2030,0.0,0.0,0.0,0.0,0.0,22.68,3.31,0.0
20230610:2130,0.0,0.0,0.0,0.0,0.0,22.64,3.38,0.0
20230610:2230,0.0,0.0,0.0,0.0,0.0,22.71,3.1,0.0
20230610:2330,0.0,0.0,0.0,0.0,0.0,22.9,2.83,0.0
20230611:0030,0.0,0.0,0.0,0.0,-0.34,22.98,2.76,0.0
20230611:0130,48.92,13.95,66.0,0.0,13.21,23.09,2.69,0.0
20230611:0230,190.93,153.05,99.8,0.0,26.95,23.52,3.79,0.0
20230611:0330,320.32,236.6,169.3,0.0,40.74,24.66,4.34,0.0
20230611:0430,466.28,361.2,230.55,0.0,54.42,26.07,4.55,0.0
20230611:0530,592.44,593.45,163.45,0.0,67.55,27.59,5.24,0.0
20230611:0630,509.16,460.85,188.45,0.0,77.93,28.77,5.59,0.0
20230611:0730,603.72,543.25,232.75,0.0,76.07,28.94,6.07,0.0
20230611:0830,515.67,480.05,179.55,0.0,64.54,29.6,5.93,0.0
20230611:0930,491.33,487.6,138.55,0.0,51.19,29.3,6.14,0.0
20230611:1030,284.54,263.3,103.15,0.0,37.47,28.56,5.93,0.0
20230611:1130,169.19,139.85,93.2,0.0,23.68,27.96,5.66,0.0
20230611:1230,44.21,39.55,44.5,0.0,9.97,27.2,4.97,0.0
20230611:1330,0.0,0.0,0.0,0.0,-3.52,26.3,4.0,0.0
20230611:1430,0.0,0.0,0.0,0.0,0.0,25.28,3.52,0.0
20230611:1530,0.0,0.0,0.0,0.0,0.0,24.56,3.17,0.0
20230611:1630,0.0,0.0,0.0,0.0,0.0,23.75,3.03,0.0
20230611:1730,0.0,0.0,0.0,0.0,0.0,23.4,2.97,0.0
20230611:1830,0.0,0.0,0.0,0.0,0.0,22.93,2.83,0.0
20230611:1930,0.0,0.0,0.0,0.0,0.0,22.43,2.41,0.0
20230611:2030,0.0,0.0,0.0,0.0,0.0,22.28,2.62,0.0
20230611:2130,0.0,0.0,0.0,0.0,0.0,21.97,2.48,0.0
20230611:2230,0.0,0.0,0.0,0.0,0.0,22.05,2.55,0.0
20230611:2330,0.0,0.0,0.0,0.0,0.0,22.19,2.62,0.0
20230612:0030,0.0,0.0,0.0,0.0,-0.37,22.3,2.76,0.0
20230612:0130,75.03,51.95,67.8,0.0,13.17,22.41,2.41,0.0
20230612:0230,202.55,114.2,152.2,0.0,26.9,23.52,4.21,0.0
20230612:0330,361.74,255.15,202.5,0.0,40.69,24.92,4.9,0.0
20230612:0430,400.6,310.4,194.85,0.0,54.36,26.44,5.59,0.0
20230612:0530,466.74,393.8,198.65,0.0,67.48,27.42,5.03,0.0
20230612:0630,553.27,487.75,222.7,0.0,77.85,28.27,4.9,0.0
20230612:0730,659.77,671.55,192.3,0.0,76.05,29.19,4.41,0.0
20230612:0830,588.63,583.75,181.4,0.0,64.56,30.23,4.9,0.0
20230612:0930,375.84,330.25,148.45,0.0,51.23,28.44,5.03,0.0
20230612:1030,204.66,155.7,111.7,0.0,37.51,26.97,5.31,0.0
20230612:1130,110.57,50.1,106.55,0.0,23.72,26.12,4.9,0.0
20230612:1230,41.08,25.1,50.1,0.0,10.03,25.59,4.62,0.0
20230612:1330,0.0,0.0,0.0,0.0,-3.46,25.05,4.14,0.0
20230612:1430,0.0,0.0,0.0,0.0,0.0,24.27,3.72,0.0
20230612:1530,0.0,0.0,0.0,0.0,0.0,23.86,3.59,0.0
20230612:1630,0.0,0.0,0.0,0.0,0.0,23.57,3.31,0.0
20230612:1730,0.0,0.0,0.0,0.0,0.0,23.24,3.03,0.0
20230612:1830,0.0,0.0,0.0,0.0,0.0,22.96,2.9,0.0
20230612:1930,0.0,0.0,0.0,0.0,0.0,22.63,2.69,0.0
20230612:2030,0.0,0.0,0.0,0.0,0.0,22.35,2.62,0.0
20230612:2130,0.0,0.0,0.0,0.0,0.0,22.18,2.83,0.0
20230612:2230,0.0,0.0,0.0,0.0,0.0,22.36,2.9,0.0
20230612:2330,0.0,0.0,0.0,0.0,0.0,22.53,2.9,0.0
20230613:0030,0.0,0.0,0.0,0.0,-0.4,22.64,2.83,0.0
20230613:0130,54.75,25.35,64.1,0.0,13.14,22.77,2.9,0.0
20230613:0230,216.01,147.1,136.1,0.0,26.86,23.29,3.86,0.0
20230613:0330,313.1,208.95,188.4,0.0,40.64,24.73,4.62,0.0
20230613:0430,351.96,178.6,269.95,0.0,54.3,26.16,4.83,0.0
20230613:0530,428.59,299.15,247.1,0.0,67.42,27.46,4.83,0.0
20230613:0630,587.18,559.85,196.9,0.0,77.78,28.54,4.83,0.0
20230613:0730,675.63,729.15,151.7,0.0,76.04,29.29,4.97,0.0
20230613:0830,552.83,520.2,194.05,0.0,64.58,29.98,5.17,0.0
20230613:0930,360.4,276.1,187.35,0.0,51.27,29.92,5.38,0.0
20230613:1030,281.32,230.3,133.6,0.0,37.55,28.01,4.41,0.0
20230613:1130,97.25,55.95,85.55,0.0,23.77,27.77,4.28,0.0
20230613:1230,26.32,24.05,31.45,0.0,10.08,27.02,3.59,0.0
20230613:1330,0.0,0.0,0.0,0.0,-3.4,26.51,3.52,0.0
20230613:1430,0.0,0.0,0.0,0.0,0.0,25.57,3.45,0.0
20230613:1530,0.0,0.0,0.0,0.0,0.0,24.79,3.38,0.0
20230613:1630,0.0,0.0,0.0,0.0,0.0,24.1,3.1,0.0
20230613:1730,0.0,0.0,0.0,0.0,0.0,23.52,2.9,0.0
20230613:1830,0.0,0.0,0.0,0.0,0.0,23.1,2.83,0.0
20230613:1930,0.0,0.0,0.0,0.0,0.0,22.77,2.83,0.0
20230613:2030,0.0,0.0,0.0,0.0,0.0,22.59,2.83,0.0
20230613:2130,0.0,0.0,0.0,0.0,0.0,22.19,2.55,0.0
20230613:2230,0.0,0.0,0.0,0.0,0.0,22.17,2.48,0.0
20230613:2330,0.0,0.0,0.0,0.0,0.0,22.12,2.55,0.0
20230614:0030,0.0,0.0,0.0,0.0,-0.44,22.27,2.55,0.0
20230614:0130,51.28,20.45,63.6,0.0,13.1,22.46,2.76,0.0
20230614:0230,206.25,151.05,119.75,0.0,26.82,23.2,4.48,0.0
20230614:0330,316.23,199.45,202.6,0.0,40.59,24.85,4.48,0.0
20230614:0430,439.87,291.7,267.6,0.0,54.25,26.51,4.97,0.0
20230614:0530,356.78,118.75,342.1,0.0,67.35,28.21,5.17,0.0
20230614:0630,540.28,429.75,266.25,0.0,77.71,28.76,5.03,0.0
20230614:0730,535.97,487.9,199.4,0.0,76.03,29.05,5.31,0.0
20230614:0830,503.94,500.8,144.0,0.0,64.6,29.51,5.24,0.0
20230614:0930,465.05,458.6,137.9,0.0,51.3,29.82,5.1,0.0
20230614:1030,256.01,211.7,120.65,0.0,37.6,28.41,4.97,0.0
20230614:1130,140.85,109.5,87.95,0.0,23.82,28.16,4.62,0.0
20230614:1230,42.37,43.55,39.2,0.0,10.14,27.77,4.48,0.0
20230614:1330,0.0,0.0,0.0,0.0,-3.34,26.83,3.93,0.0
20230614:1430,0.0,0.0,0.0,0.0,0.0,25.69,3.59,0.0
20230614:1530,0.0,0.0,0.0,0.0,0.0,24.86,3.45,0.0
20230614:1630,0.0,0.0,0.0,0.0,0.0,24.07,3.1,0.0
20230614:1730,0.0,0.0,0.0,0.0,0.0,23.54,2.76,0.0
20230614:1830,0.0,0.0,0.0,0.0,0.0,23.09,2.62,0.0
20230614:1930,0.0,0.0,0.0,0.0,0.0,22.55,2.55,0.0
20230614:2030,0.0,0.0,0.0,0.0,0.0,22.31,2.48,0.0
20230614:2130,0.0,0.0,0.0,0.0,0.0,22.19,2.41,0.0
20230614:2230,0.0,0.0,0.0,0.0,0.0,22.34,2.41,0.0
20230614:2330,0.0,0.0,0.0,0.0,0.0,22.42,2.14,0.0
20230615:0030,0.0,0.0,0.0,0.0,-0.47,22.42,2.21,0.0
20230615:0130,46.4,10.05,65.85,0.0,13.06,22.59,2.14,0.0
20230615:0230,176.39,84.95,149.8,0.0,26.77,23.24,2.9,0.0
20230615:0330,321.25,215.55,193.6,0.0,40.54,24.47,3.38,0.0
20230615:0430,382.57,188.7,301.8,0.0,54.19,26.27,3.79,0.0
20230615:0530,390.14,184.4,318.45,0.0,67.29,27.73,4.14,0.0
20230615:0630,551.56,391.65,326.2,0.0,77.64,28.84,4.28,0.0
20230615:0730,546.88,465.05,245.55,0.0,76.02,29.41,4.21,0.0
20230615:0830,541.57,486.9,217.55,0.0,64.63,29.99,4.28,0.0
20230615:0930,435.72,378.3,185.05,0.0,51.34,30.43,4.55,0.0
20230615:1030,321.01,252.6,166.05,0.0,37.64,30.43,4.69,0.0
20230615:1130,172.77,118.1,120.95,0.0,23.88,29.85,4.62,0.0
20230615:1230,47.42,32.6,53.9,0.0,10.19,29.01,4.21,0.0
20230615:1330,0.0,0.0,0.0,0.0,-3.28,27.98,3.52,0.0
20230615:1430,0.0,0.0,0.0,0.0,0.0,26.94,3.24,0.0
20230615:1530,0.0,0.0,0.0,0.0,0.0,26.01,3.17,0.0
20230615:1630,0.0,0.0,0.0,0.0,0.0,25.07,2.9,0.0
20230615:1730,0.0,0.0,0.0,0.0,0.0,24.21,2.69,0.0
20230615:1830,0.0,0.0,0.0,0.0,0.0,23.44,2.48,0.0
20230615:1930,0.0,0.0,0.0,0.0,0.0,23.17,2.62,0.0
20230615:2030,0.0,0.0,0.0,0.0,0.0,22.73,2.55,0.0
20230615:2130,0.0,0.0,0.0,0.0,0.0,22.14,2.48,0.0
20230615:2230,0.0,0.0,0.0,0.0,0.0,21.79,2.34,0.0
20230615:2330,0.0,0.0,0.0,0.0,0.0,21.46,2.21,0.0
20230616:0030,0.0,0.0,0.0,0.0,-0.51,21.54,2.28,0.0
20230616:0130,74.79,67.0,55.35,0.0,13.02,21.74,2.41,0.0
20230616:0230,267.86,242.85,105.75,0.0,26.72,22.57,2.83,0.0
20230616:0330,464.07,472.2,118.15,0.0,40.49,24.51,3.1,0.0
20230616:0430,589.02,600.7,159.1,0.0,54.14,26.54,3.59,0.0
20230616:0530,561.01,576.95,146.25,0.0,67.23,28.31,4.0,0.0
20230616:0630,703.12,795.25,131.1,0.0,77.59,29.26,4.21,0.0
20230616:0730,659.64,715.55,154.6,0.0,76.02,30.51,4.21,0.0
20230616:0830,555.35,564.65,158.85,0.0,64.66,31.07,4.55,0.0
20230616:0930,455.71,448.85,139.7,0.0,51.38,30.95,4.83,0.0
20230616:1030,278.49,233.55,129.9,0.0,37.69,30.26,4.97,0.0
20230616:1130,177.67,145.4,100.1,0.0,23.93,29.46,4.69,0.0
20230616:1230,38.37,40.0,36.55,0.0,10.24,28.7,4.21,0.0
20230616:1330,0.0,0.0,0.0,0.0,-3.23,27.6,4.07,0.0
20230616:1430,0.0,0.0,0.0,0.0,0.0,26.42,3.93,0.0
20230616:1530,0.0,0.0,0.0,0.0,0.0,25.44,3.66,0.0
20230616:1630,0.0,0.0,0.0,0.0,0.0,24.62,3.24,0.0
20230616:1730,0.0,0.0,0.0,0.0,0.0,23.88,2.9,0.0
20230616:1830,0.0,0.0,0.0,0.0,0.0,23.21,2.69,0.0
20230616:1930,0.0,0.0,0.0,0.0,0.0,22.67,2.83,0.0
20230616:2030,0.0,0.0,0.0,0.0,0.0,22.23,2.62,0.0
20230616:2130,0.0,0.0,0.0,0.0,0.0,21.89,2.48,0.0
20230616:2230,0.0,0.0,0.0,0.0,0.0,21.58,2.21,0.0
20230616:2330,0.0,0.0,0.0,0.0,0.0,21.36,2.14,0.0
20230617:0030,0.0,0.0,0.0,0.0,-0.55,21.12,2.14,0.0
20230617:0130,76.93,61.95,61.9,0.0,12.97,21.15,1.93,0.0
20230617:0230,222.83,150.2,140.9,0.0,26.68,22.43,3.31,0.0
20230617:0330,395.77,287.0,214.8,0.0,40.44,24.12,3.66,0.0
20230617:0430,493.04,460.55,166.85,0.0,54.08,26.11,3.79,0.0
20230617:0530,643.6,643.0,196.1,0.0,67.17,27.69,3.86,0.0
20230617:0630,677.03,688.8,208.05,0.0,77.54,29.52,3.79,0.0
20230617:0730,613.39,574.3,234.65,0.0,76.03,30.68,4.07,0.0
20230617:0830,495.81,396.05,252.05,0.0,64.69,31.06,4.14,0.0
20230617:0930,425.53,328.1,226.05,0.0,51.42,30.81,4.07,0.0
20230617:1030,274.62,166.65,193.6,0.0,37.74,29.81,4.28,0.0
20230617:1130,149.36,77.8,129.6,0.0,23.98,28.7,4.62,0.0
20230617:1230,32.2,7.25,51.45,0.0,10.3,27.89,4.48,0.0
20230617:1330,0.0,0.0,0.0,0.0,-3.17,26.89,3.93,0.0
20230617:1430,0.0,0.0,0.0,0.0,0.0,25.79,4.21,0.0
20230617:1530,0.0,0.0,0.0,0.0,0.0,24.95,4.0,0.0
20230617:1630,0.0,0.0,0.0,0.0,0.0,24.24,3.59,0.0
20230617:1730,0.0,0.0,0.0,0.0,0.0,23.72,3.38,0.0
20230617:1830,0.0,0.0,0.0,0.0,0.0,23.14,3.17,0.0
20230617:1930,0.0,0.0,0.0,0.0,0.0,23.27,3.24,0.0
20230617:2030,0.0,0.0,0.0,0.0,0.0,22.9,3.24,0.0
20230617:2130,0.0,0.0,0.0,0.0,0.0,22.67,3.17,0.0
20230617:2230,0.0,0.0,0.0,0.0,0.0,22.6,2.76,0.0
20230617:2330,0.0,0.0,0.0,0.0,0.0,22.52,2.34,0.0
20230618:0030,0.0,0.0,0.0,0.0,-0.59,22.4,2.14,0.0
20230618:0130,57.75,30.5,63.8,0.0,12.93,22.33,2.21,0.0
20230618:0230,207.21,158.3,114.2,0.0,26.63,23.04,3.79,0.0
20230618:0330,325.7,224.1,188.8,0.0,40.39,24.57,4.41,0.0
20230618:0430,335.65,145.65,284.3,0.0,54.03,26.27,4.41,0.0
20230618:0530,324.8,111.95,308.6,0.0,67.12,27.53,3.93,0.0
20230618:0630,530.98,318.2,375.6,0.0,77.49,28.39,3.66,0.0
20230618:0730,453.56,145.9,452.15,0.0,76.04,29.51,3.38,0.0
20230618:0830,335.31,87.75,352.3,0.0,64.73,29.41,3.59,0.0
20230618:0930,256.73,62.9,271.8,0.0,51.47,26.83,4.0,0.0
20230618:1030,200.41,40.55,225.35,0.0,37.78,26.67,3.45,0.0
20230618:1130,80.6,15.2,103.25,0.0,24.02,25.79,3.72,0.0
20230618:1230,20.57,4.6,36.9,0.0,10.35,25.36,3.38,0.0
20230618:1330,0.0,0.0,0.0,0.0,-3.12,24.97,3.45,0.0
20230618:1430,0.0,0.0,0.0,0.0,0.0,24.28,3.38,0.0
20230618:1530,0.0,0.0,0.0,0.0,0.0,23.78,3.17,0.0
20230618:1630,0.0,0.0,0.0,0.0,0.0,23.46,2.9,0.0
20230618:1730,0.0,0.0,0.0,0.0,0.0,23.17,2.69,0.0
20230618:1830,0.0,0.0,0.0,0.0,0.0,22.96,2.83,0.0
20230618:1930,0.0,0.0,0.0,0.0,0.0,22.84,2.34,0.0
20230618:2030,0.0,0.0,0.0,0.0,0.0,22.49,2.48,0.0
20230618:2130,0.0,0.0,0.0,0.0,0.0,22.25,2.76,0.0
20230618:2230,0.0,0.0,0.0,0.0,0.0,22.05,2.55,0.0
20230618:2330,0.0,0.0,0.0,0.0,0.0,22.19,2.62,0.0
20230619:0030,0.0,0.0,0.0,0.0,-0.63,22.35,2.34,0.0
20230619:0130,38.24,24.65,43.75,0.0,12.88,22.56,2.14,0.0
20230619:0230,171.83,117.8,111.8,0.0,26.58,23.33,3.17,0.0
20230619:0330,341.03,238.1,196.6,0.0,40.34,24.7,3.24,0.0
20230619:0430,311.14,133.65,268.1,0.0,53.98,26.49,3.17,0.0
20230619:0530,521.02,373.75,303.85,0.0,67.07,27.6,3.17,0.0
20230619:0630,398.39,116.1,408.05,0.0,77.45,29.11,2.97,0.0
20230619:0730,329.14,46.5,392.45,0.0,76.05,29.26,1.59,0.0
20230619:0830,280.3,54.15,319.9,0.0,64.76,29.44,1.52,0.0
20230619:0930,193.15,15.05,247.5,0.0,51.51,29.4,1.45,0.0
20230619:1030,100.08,11.3,132.75,0.0,37.83,28.87,2.48,0.0
20230619:1130,81.2,12.25,107.55,0.0,24.07,26.97,3.1,0.0
20230619:1230,13.43,0.0,29.95,0.0,10.4,25.94,3.38,0.0
20230619:1330,0.0,0.0,0.0,0.0,-3.07,24.78,3.03,0.0
20230619:1430,0.0,0.0,0.0,0.0,0.0,23.75,2.48,0.0
20230619:1530,0.0,0.0,0.0,0.0,0.0,23.3,2.14,0.0
20230619:1630,0.0,0.0,0.0,0.0,0.0,22.97,2.07,0.0
20230619:1730,0.0,0.0,0.0,0.0,0.0,22.72,2.14,0.0
20230619:1830,0.0,0.0,0.0,0.0,0.0,22.47,2.07,0.0
20230619:1930,0.0,0.0,0.0,0.0,0.0,22.51,2.34,0.0
20230619:2030,0.0,0.0,0.0,0.0,0.0,22.31,2.28,0.0
20230619:2130,0.0,0.0,0.0,0.0,0.0,22.1,2.14,0.0
20230619:2230,0.0,0.0,0.0,0.0,0.0,22.04,2.07,0.0
20230619:2330,0.0,0.0,0.0,0.0,0.0,21.97,2.0,0.0
20230620:0030,0.0,0.0,0.0,0.0,-0.68,21.96,1.93,0.0
20230620:0130,20.72,1.85,38.45,0.0,12.84,22.07,2.07,0.0
20230620:0230,49.03,1.45,75.75,0.0,26.54,22.52,3.03,0.0
20230620:0330,85.82,1.8,121.25,0.0,40.29,23.0,3.1,0.0
20230620:0430,173.91,15.9,214.55,0.0,53.93,23.59,2.97,0.0
20230620:0530,231.25,73.9,225.7,0.0,67.02,24.67,3.31,0.0
20230620:0630,299.48,75.75,310.8,0.0,77.42,25.56,3.45,0.0
20230620:0730,418.47,242.6,295.85,0.0,76.07,25.69,2.48,0.0
20230620:0830,260.2,58.0,282.85,0.0,64.8,27.03,2.9,0.0
20230620:0930,189.1,10.4,243.2,0.0,51.56,27.18,2.76,0.0
20230620:1030,121.13,5.4,163.9,0.0,37.88,27.1,2.48,0.0
20230620:1130,70.72,1.45,104.85,0.0,24.12,26.61,2.0,0.0
20230620:1230,20.91,4.35,37.7,0.0,10.45,26.06,1.38,0.0
20230620:1330,0.0,0.0,0.0,0.0,-3.02,24.35,1.79,0.0
20230620:1430,0.0,0.0,0.0,0.0,0.0,23.48,2.14,0.0
20230620:1530,0.0,0.0,0.0,0.0,0.0,23.08,2.28,0.0
20230620:1630,0.0,0.0,0.0,0.0,0.0,22.7,2.41,0.0
20230620:1730,0.0,0.0,0.0,0.0,0.0,22.41,2.34,0.0
20230620:1830,0.0,0.0,0.0,0.0,0.0,22.17,2.21,0.0
20230620:1930,0.0,0.0,0.0,0.0,0.0,21.91,2.28,0.0
20230620:2030,0.0,0.0,0.0,0.0,0.0,21.78,2.14,0.0
20230620:2130,0.0,0.0,0.0,0.0,0.0,21.65,2.14,0.0
20230620:2230,0.0,0.0,0.0,0.0,0.0,21.47,2.21,0.0
20230620:2330,0.0,0.0,0.0,0.0,0.0,21.47,2.28,0.0
20230621:0030,0.0,0.0,0.0,0.0,-0.72,21.46,2.07,0.0
20230621:0130,41.71,5.75,63.05,0.0,12.79,21.48,1.93,0.0
20230621:0230,89.93,10.45,117.3,0.0,26.49,21.9,2.69,0.0
20230621:0330,147.5,14.45,183.5,0.0,40.24,22.89,2.62,0.0
20230621:0430,176.56,17.35,217.0,0.0,53.88,24.04,2.62,0.0
20230621:0530,318.35,68.75,343.25,0.0,66.97,24.97,2.48,0.0
20230621:0630,554.87,445.35,279.05,0.0,77.39,26.17,2.28,0.0
20230621:0730,593.78,447.9,355.7,0.0,76.1,28.8,1.52,0.0
20230621:0830,378.4,222.95,278.45,0.0,64.85,29.76,1.31,0.0
20230621:0930,276.07,110.6,250.1,0.0,51.6,27.92,2.97,0.0
20230621:1030,105.43,23.15,124.75,0.0,37.93,25.41,3.66,0.0
20230621:1130,30.96,0.55,53.85,0.0,24.17,25.09,3.03,0.0
20230621:1230,11.03,0.05,26.1,0.0,10.5,24.31,2.76,0.0
20230621:1330,0.0,0.0,0.0,0.0,-2.97,23.78,2.48,0.0
20230621:1430,0.0,0.0,0.0,0.0,0.0,23.04,2.14,0.0
20230621:1530,0.0,0.0,0.0,0.0,0.0,22.71,2.14,0.0
20230621:1630,0.0,0.0,0.0,0.0,0.0,22.47,2.14,0.0
20230621:1730,0.0,0.0,0.0,0.0,0.0,22.23,2.14,0.0
20230621:1830,0.0,0.0,0.0,0.0,0.0,22.03,2.07,0.0
20230621:1930,0.0,0.0,0.0,0.0,0.0,21.89,2.0,0.0
20230621:2030,0.0,0.0,0.0,0.0,0.0,21.72,2.0,0.0
20230621:2130,0.0,0.0,0.0,0.0,0.0,21.61,2.07,0.0
20230621:2230,0.0,0.0,0.0,0.0,0.0,21.56,2.21,0.0
20230621:2330,0.0,0.0,0.0,0.0,0.0,21.6,2.21,0.0
20230622:0030,0.0,0.0,0.0,0.0,-0.77,21.56,2.21,0.0
20230622:0130,42.2,5.15,64.15,0.0,12.74,21.56,2.41,0.0
20230622:0230,148.38,39.2,159.65,0.0,26.44,22.09,3.52,0.0
20230622:0330,235.64,75.65,228.1,0.0,40.19,23.19,3.45,0.0
20230622:0430,235.19,53.65,251.6,0.0,53.83,24.67,3.59,0.0
20230622:0530,243.59,45.3,272.15,0.0,66.93,25.71,3.59,0.0
20230622:0630,645.79,578.3,263.05,0.0,77.37,26.17,3.45,0.0
20230622:0730,511.63,390.1,279.7,0.0,76.13,29.15,3.03,0.0
20230622:0830,530.55,486.1,208.05,0.0,64.89,29.37,3.03,0.0
20230622:0930,396.99,295.45,221.25,0.0,51.65,29.47,2.97,0.0
20230622:1030,143.0,65.0,131.35,0.0,37.98,29.17,3.38,0.0
20230622:1130,106.33,27.6,123.6,0.0,24.22,26.61,3.52,0.0
20230622:1230,20.14,0.85,39.0,0.0,10.54,25.48,3.17,0.0
20230622:1330,0.0,0.0,0.0,0.0,-2.92,24.86,3.03,0.0
20230622:1430,0.0,0.0,0.0,0.0,0.0,24.03,2.76,0.0
20230622:1530,0.0,0.0,0.0,0.0,0.0,23.53,2.41,0.0
20230622:1630,0.0,0.0,0.0,0.0,0.0,23.13,2.34,0.0
20230622:1730,0.0,0.0,0.0,0.0,0.0,22.86,2.34,0.0
20230622:1830,0.0,0.0,0.0,0.0,0.0,22.64,2.28,0.0
20230622:1930,0.0,0.0,0.0,0.0,0.0,22.74,2.41,0.0
20230622:2030,0.0,0.0,0.0,0.0,0.0,22.62,2.55,0.0
20230622:2130,0.0,0.0,0.0,0.0,0.0,22.34,2.48,0.0
20230622:2230,0.0,0.0,0.0,0.0,0.0,22.13,2.34,0.0
20230622:2330,0.0,0.0,0.0,0.0,0.0,21.92,2.41,0.0
20230623:0030,0.0,0.0,0.0,0.0,-0.82,21.81,2.48,0.0
20230623:0130,56.25,28.8,63.2,0.0,12.69,21.65,2.48,0.0
20230623:0230,210.65,116.9,159.85,0.0,26.39,22.47,2.55,0.0
20230623:0330,344.39,243.15,192.45,0.0,40.15,24.12,4.21,0.0
20230623:0430,374.64,198.05,278.7,0.0,53.79,25.78,4.55,0.0
20230623:0530,448.16,309.45,262.15,0.0,66.89,26.88,4.41,0.0
20230623:0630,579.29,434.95,313.4,0.0,77.35,27.39,4.48,0.0
20230623:0730,451.22,329.8,248.65,0.0,76.17,28.56,4.76,0.0
20230623:0830,425.32,278.0,265.4,0.0,64.94,27.42,4.62,0.0
20230623:0930,236.98,143.65,162.8,0.0,51.7,27.01,4.55,0.0
20230623:1030,239.76,137.0,174.4,0.0,38.03,26.49,4.34,0.0
20230623:1130,120.46,50.75,118.1,0.0,24.27,26.36,4.55,0.0
20230623:1230,34.64,17.75,46.55,0.0,10.59,25.91,4.28,0.0
20230623:1330,0.0,0.0,0.0,0.0,-2.88,25.21,3.72,0.0
20230623:1430,0.0,0.0,0.0,0.0,0.0,24.45,3.59,0.0
20230623:1530,0.0,0.0,0.0,0.0,0.0,23.67,3.52,0.0
20230623:1630,0.0,0.0,0.0,0.0,0.0,23.06,3.24,0.0
20230623:1730,0.0,0.0,0.0,0.0,0.0,22.6,2.9,0.0
20230623:1830,0.0,0.0,0.0,0.0,0.0,22.37,2.97,0.0
20230623:1930,0.0,0.0,0.0,0.0,0.0,22.14,3.1,0.0
20230623:2030,0.0,0.0,0.0,0.0,0.0,22.04,2.76,0.0
20230623:2130,0.0,0.0,0.0,0.0,0.0,21.88,2.76,0.0
20230623:2230,0.0,0.0,0.0,0.0,0.0,21.86,2.9,0.0
20230623:2330,0.0,0.0,0.0,0.0,0.0,21.99,2.69,0.0
20230624:0030,0.0,0.0,0.0,0.0,-0.87,22.07,2.55,0.0
20230624:0130,31.11,6.7,48.7,0.0,12.64,22.25,2.41,0.0
20230624:0230,105.14,24.3,122.55,0.0,26.34,22.75,3.31,0.0
20230624:0330,255.0,101.45,225.4,0.0,40.1,23.59,4.07,0.0
20230624:0430,320.6,102.85,306.15,0.0,53.74,24.77,4.69,0.0
20230624:0530,376.77,190.85,287.45,0.0,66.85,25.76,4.97,0.0
20230624:0630,449.4,314.1,255.3,0.0,77.34,26.61,5.24,0.0
20230624:0730,523.38,280.7,391.65,0.0,76.21,27.28,5.38,0.0
20230624:0830,399.45,174.4,339.9,0.0,64.99,28.22,5.17,0.0
20230624:0930,347.63,158.85,289.1,0.0,51.75,28.14,5.03,0.0
20230624:1030,232.55,78.6,226.3,0.0,38.07,27.56,5.03,0.0
20230624:1130,105.03,28.0,121.65,0.0,24.32,27.12,4.83,0.0
20230624:1230,33.34,4.15,54.7,0.0,10.64,25.96,4.55,0.0
20230624:1330,0.0,0.0,0.0,0.0,-2.83,24.99,3.79,0.0
20230624:1430,0.0,0.0,0.0,0.0,0.0,24.13,3.03,0.0
20230624:1530,0.0,0.0,0.0,0.0,0.0,23.55,2.62,0.0
20230624:1630,0.0,0.0,0.0,0.0,0.0,23.03,2.55,0.0
20230624:1730,0.0,0.0,0.0,0.0,0.0,22.64,2.55,0.0
20230624:1830,0.0,0.0,0.0,0.0,0.0,22.37,2.69,0.0
20230624:1930,0.0,0.0,0.0,0.0,0.0,22.11,2.83,0.0
20230624:2030,0.0,0.0,0.0,0.0,0.0,21.83,2.76,0.0
20230624:2130,0.0,0.0,0.0,0.0,0.0,21.78,2.55,0.0
20230624:2230,0.0,0.0,0.0,0.0,0.0,21.4,2.41,0.0
20230624:2330,0.0,0.0,0.0,0.0,0.0,21.4,2.41,0.0
20230625:0030,0.0,0.0,0.0,0.0,-0.92,21.48,2.69,0.0
20230625:0130,52.66,6.55,76.35,0.0,12.59,21.76,2.9,0.0
20230625:0230,122.85,16.85,151.2,0.0,26.29,22.55,3.59,0.0
20230625:0330,166.48,23.95,196.95,0.0,40.05,23.7,3.93,0.0
20230625:0430,272.71,81.4,269.45,0.0,53.7,24.82,3.86,0.0
20230625:0530,418.1,251.45,281.75,0.0,66.82,26.05,3.93,0.0
20230625:0630,570.67,450.95,288.45,0.0,77.34,27.29,3.79,0.0
20230625:0730,590.69,574.8,196.25,0.0,76.26,28.71,3.52,0.0
20230625:0830,389.85,298.1,205.1,0.0,65.05,29.27,3.59,0.0
20230625:0930,372.27,231.35,241.75,0.0,51.8,25.69,4.21,0.0
20230625:1030,217.06,166.3,115.4,0.0,38.12,25.98,4.28,0.0
20230625:1130,92.39,39.35,94.4,0.0,24.36,26.03,4.21,0.0
20230625:1230,23.39,5.55,39.9,0.0,10.68,24.23,3.03,0.0
20230625:1330,0.0,0.0,0.0,0.0,-2.79,23.84,3.03,0.0
20230625:1430,0.0,0.0,0.0,0.0,0.0,23.29,2.76,0.0
20230625:1530,0.0,0.0,0.0,0.0,0.0,22.77,3.03,0.0
20230625:1630,0.0,0.0,0.0,0.0,0.0,22.43,3.03,0.0
20230625:1730,0.0,0.0,0.0,0.0,0.0,22.23,2.97,0.0
20230625:1830,0.0,0.0,0.0,0.0,0.0,22.09,3.1,0.0
20230625:1930,0.0,0.0,0.0,0.0,0.0,21.94,3.1,0.0
20230625:2030,0.0,0.0,0.0,0.0,0.0,21.76,3.1,0.0
20230625:2130,0.0,0.0,0.0,0.0,0.0,21.47,2.97,0.0
20230625:2230,0.0,0.0,0.0,0.0,0.0,21.31,2.83,0.0
20230625:2330,0.0,0.0,0.0,0.0,0.0,21.38,2.76,0.0
20230626:0030,0.0,0.0,0.0,0.0,-0.97,21.53,2.76,0.0
20230626:0130,11.99,0.1,27.25,0.0,12.54,21.65,2.9,0.0
20230626:0230,64.45,3.1,93.2,0.0,26.24,21.91,3.17,0.0
20230626:0330,148.7,41.7,156.0,0.0,40.01,22.52,3.93,0.0
20230626:0430,230.1,76.1,219.3,0.0,53.66,23.42,4.62,0.0
20230626:0530,191.92,49.75,200.9,0.0,66.79,24.34,4.9,0.0
20230626:0630,177.3,60.7,171.8,0.0,77.34,24.58,5.03,0.0
20230626:0730,196.09,20.05,238.2,0.0,76.31,25.2,4.48,0.0
20230626:0830,306.72,125.3,267.0,0.0,65.1,25.75,4.55,0.0
20230626:0930,173.93,44.6,186.9,0.0,51.86,26.55,4.76,0.0
20230626:1030,206.74,118.6,152.05,0.0,38.17,26.35,4.28,0.0
20230626:1130,83.98,22.05,101.0,0.0,24.41,26.39,4.14,0.0
20230626:1230,27.76,5.95,45.85,0.0,10.72,25.79,3.66,0.0
20230626:1330,0.0,0.0,0.0,0.0,-2.75,25.06,3.59,0.0
20230626:1430,0.0,0.0,0.0,0.0,0.0,24.11,3.52,0.0
20230626:1530,0.0,0.0,0.0,0.0,0.0,23.35,3.31,0.0
20230626:1630,0.0,0.0,0.0,0.0,0.0,22.92,3.1,0.0
20230626:1730,0.0,0.0,0.0,0.0,0.0,22.62,3.1,0.0
20230626:1830,0.0,0.0,0.0,0.0,0.0,22.4,3.1,0.0
20230626:1930,0.0,0.0,0.0,0.0,0.0,21.65,2.55,0.0
20230626:2030,0.0,0.0,0.0,0.0,0.0,21.45,2.48,0.0
20230626:2130,0.0,0.0,0.0,0.0,0.0,21.19,2.41,0.0
20230626:2230,0.0,0.0,0.0,0.0,0.0,21.16,2.41,0.0
20230626:2330,0.0,0.0,0.0,0.0,0.0,20.99,2.41,0.0
20230627:0030,0.0,0.0,0.0,0.0,-1.03,20.82,2.34,0.0
20230627:0130,65.95,31.8,72.8,0.0,12.49,20.92,2.21,0.0
20230627:0230,197.54,89.95,169.2,0.0,26.19,22.02,3.45,0.0
20230627:0330,286.71,151.4,213.5,0.0,39.96,23.69,4.14,0.0
20230627:0430,302.39,85.1,303.35,0.0,53.62,25.13,4.0,0.0
20230627:0530,406.07,155.85,366.35,0.0,66.76,26.19,3.79,0.0
20230627:0630,562.35,487.95,235.75,0.0,77.34,26.86,3.86,0.0
20230627:0730,492.43,386.0,246.55,0.0,76.37,27.99,4.21,0.0
20230627:0830,591.91,523.7,247.1,0.0,65.16,28.22,3.86,0.0
20230627:0930,471.49,384.65,225.4,0.0,51.91,28.73,3.72,0.0
20230627:1030,160.08,71.95,142.1,0.0,38.22,26.12,4.34,0.0
20230627:1130,120.33,83.9,84.85,0.0,24.45,24.98,3.52,0.0
20230627:1230,16.68,7.1,29.4,0.0,10.76,24.92,3.24,0.0
20230627:1330,0.0,0.0,0.0,0.0,-2.72,24.5,2.83,0.0
20230627:1430,0.0,0.0,0.0,0.0,0.0,23.86,2.97,0.0
20230627:1530,0.0,0.0,0.0,0.0,0.0,23.24,2.76,0.0
20230627:1630,0.0,0.0,0.0,0.0,0.0,22.79,2.76,0.0
20230627:1730,0.0,0.0,0.0,0.0,0.0,22.4,3.31,0.0
20230627:1830,0.0,0.0,0.0,0.0,0.0,21.91,3.52,0.0
20230627:1930,0.0,0.0,0.0,0.0,0.0,21.29,3.31,0.0
20230627:2030,0.0,0.0,0.0,0.0,0.0,21.01,3.17,0.0
20230627:2130,0.0,0.0,0.0,0.0,0.0,20.73,3.24,0.0
20230627:2230,0.0,0.0,0.0,0.0,0.0,20.54,3.17,0.0
20230627:2330,0.0,0.0,0.0,0.0,0.0,20.48,3.31,0.0
20230628:0030,0.0,0.0,0.0,0.0,-1.08,20.53,3.45,0.0
20230628:0130,23.55,1.55,42.35,0.0,12.44,20.76,3.45,0.0
20230628:0230,110.9,37.95,115.25,0.0,26.15,21.33,3.1,0.0
20230628:0330,349.63,225.1,213.45,0.0,39.92,22.47,4.62,0.0
20230628:0430,308.6,90.3,302.35,0.0,53.58,24.47,5.59,0.0
20230628:0530,460.45,358.05,218.25,0.0,66.73,24.75,5.45,0.0
20230628:0630,454.89,275.7,300.5,0.0,77.36,25.66,5.03,0.0
20230628:0730,575.92,486.45,246.45,0.0,76.43,26.67,5.52,0.0
20230628:0830,502.22,401.65,240.35,0.0,65.22,27.67,4.83,0.0
20230628:0930,298.56,183.85,200.75,0.0,51.96,28.26,4.69,0.0
20230628:1030,253.76,185.1,140.9,0.0,38.27,25.75,4.76,0.0
20230628:1130,92.45,59.9,73.6,0.0,24.5,24.69,4.55,0.0
20230628:1230,27.4,11.2,41.25,0.0,10.8,24.51,3.66,0.0
20230628:1330,0.0,0.0,0.0,0.0,-2.68,23.99,3.17,0.0
20230628:1430,0.0,0.0,0.0,0.0,0.0,23.41,3.17,0.0
20230628:1530,0.0,0.0,0.0,0.0,0.0,22.93,2.97,0.0
20230628:1630,0.0,0.0,0.0,0.0,0.0,22.72,2.9,0.0
20230628:1730,0.0,0.0,0.0,0.0,0.0,22.44,2.69,0.0
20230628:1830,0.0,0.0,0.0,0.0,0.0,22.14,2.62,0.0
20230628:1930,0.0,0.0,0.0,0.0,0.0,22.08,2.48,0.0
20230628:2030,0.0,0.0,0.0,0.0,0.0,21.8,2.55,0.0
20230628:2130,0.0,0.0,0.0,0.0,0.0,21.59,2.55,0.0
20230628:2230,0.0,0.0,0.0,0.0,0.0,21.5,2.48,0.0
20230628:2330,0.0,0.0,0.0,0.0,0.0,21.33,2.41,0.0
20230629:0030,0.0,0.0,0.0,0.0,-1.14,21.2,2.28,0.0
20230629:0130,51.63,27.2,58.8,0.0,12.38,21.29,2.34,0.0
20230629:0230,148.46,104.0,96.35,0.0,26.1,21.97,2.55,0.0
20230629:0330,283.58,239.4,119.05,0.0,39.87,23.02,3.31,0.0
20230629:0430,235.65,104.1,198.95,0.0,53.55,24.1,3.52,0.0
20230629:0530,193.09,66.25,186.15,0.0,66.71,24.51,3.52,0.0
20230629:0630,222.46,102.35,184.05,0.0,77.38,24.41,4.0,0.0
20230629:0730,358.07,237.95,214.85,0.0,76.5,24.67,3.45,0.0
20230629:0830,410.17,333.05,184.85,0.0,65.28,25.63,4.0,0.0
20230629:0930,315.25,220.3,177.25,0.0,52.01,24.91,4.97,0.0
20230629:1030,128.26,67.5,105.8,0.0,38.32,24.09,5.17,0.0
20230629:1130,35.62,7.15,53.15,0.0,24.54,23.36,4.41,0.0
20230629:1230,10.76,1.4,24.55,0.0,10.84,22.86,4.28,0.0
20230629:1330,0.0,0.0,0.0,0.0,-2.65,22.55,3.93,0.0
20230629:1430,0.0,0.0,0.0,0.0,0.0,22.23,3.59,0.0
20230629:1530,0.0,0.0,0.0,0.0,0.0,21.98,3.45,0.0
20230629:1630,0.0,0.0,0.0,0.0,0.0,21.77,3.31,0.0
20230629:1730,0.0,0.0,0.0,0.0,0.0,21.61,3.24,0.0
20230629:1830,0.0,0.0,0.0,0.0,0.0,21.47,2.97,0.0
20230629:1930,0.0,0.0,0.0,0.0,0.0,20.88,2.62,0.0
20230629:2030,0.0,0.0,0.0,0.0,0.0,20.91,2.55,0.0
20230629:2130,0.0,0.0,0.0,0.0,0.0,20.87,2.76,0.0
20230629:2230,0.0,0.0,0.0,0.0,0.0,20.98,2.83,0.0
20230629:2330,0.0,0.0,0.0,0.0,0.0,21.12,2.76,0.0
20230630:0030,0.0,0.0,0.0,0.0,-1.2,21.14,2.62,0.0
20230630:0130,27.73,1.55,48.1,0.0,12.33,21.33,2.55,0.0
20230630:0230,198.78,126.1,134.75,0.0,26.05,21.68,3.52,0.0
20230630:0330,294.87,171.95,201.05,0.0,39.83,23.15,4.55,0.0
20230630:0430,405.11,296.35,211.85,0.0,53.52,24.38,4.83,0.0
20230630:0530,475.18,275.25,326.95,0.0,66.69,25.54,5.31,0.0
20230630:0630,445.04,168.75,400.35,0.0,77.4,26.49,5.45,0.0
20230630:0730,560.47,504.15,213.9,0.0,76.57,28.16,5.17,0.0
20230630:0830,553.67,531.85,176.4,0.0,65.34,28.6,5.45,0.0
20230630:0930,482.0,441.0,173.8,0.0,52.07,28.45,5.38,0.0
20230630:1030,367.52,348.75,120.4,0.0,38.36,27.32,4.83,0.0
20230630:1130,164.44,143.1,82.5,0.0,24.58,26.96,4.83,0.0
20230630:1230,47.25,46.45,41.9,0.0,10.88,26.52,4.21,0.0
20230630:1330,0.0,0.0,0.0,0.0,-2.62,25.77,3.93,0.0
20230630:1430,0.0,0.0,0.0,0.0,0.0,24.85,3.45,0.0
20230630:1530,0.0,0.0,0.0,0.0,0.0,24.06,3.17,0.0
20230630:1630,0.0,0.0,0.0,0.0,0.0,23.33,3.1,0.0
20230630:1730,0.0,0.0,0.0,0.0,0.0,22.73,3.03,0.0
20230630:1830,0.0,0.0,0.0,0.0,0.0,22.53,3.1,0.0
20230630:1930,0.0,0.0,0.0,0.0,0.0,22.46,2.97,0.0
20230630:2030,0.0,0.0,0.0,0.0,0.0,22.21,2.9,0.0
20230630:2130,0.0,0.0,0.0,0.0,0.0,22.07,3.03,0.0
20230630:2230,0.0,0.0,0.0,0.0,0.0,21.9,3.03,0.0
20230630:2330,0.0,0.0,0.0,0.0,0.0,22.1,2.83,0.0
20230701:0030,0.0,0.0,0.0,0.0,-1.26,22.17,2.55,0.0
20230701:0130,51.22,27.6,58.35,0.0,12.28,22.22,2.48,0.0
20230701:0230,167.32,112.3,111.5,0.0,26.0,22.82,3.38,0.0
20230701:0330,351.41,268.15,174.8,0.0,39.79,23.6,4.14,0.0
20230701:0430,305.25,88.95,302.65,0.0,53.48,25.24,4.34,0.0
20230701:0530,303.59,61.05,331.9,0.0,66.68,26.35,4.07,0.0
20230701:0630,528.24,341.7,339.2,0.0,77.43,27.06,4.21,0.0
20230701:0730,420.07,198.6,343.8,0.0,76.65,28.91,5.1,0.0
20230701:0830,389.36,180.1,323.35,0.0,65.41,29.03,4.9,0.0
20230701:0930,444.85,349.1,222.95,0.0,52.12,28.99,4.69,0.0
20230701:1030,305.87,221.15,175.9,0.0,38.41,29.14,4.62,0.0
20230701:1130,183.19,117.85,132.4,0.0,24.62,28.66,4.28,0.0
20230701:1230,52.43,25.3,64.6,0.0,10.91,27.92,3.93,0.0
20230701:1330,0.0,0.0,0.0,0.0,-2.6,26.71,3.72,0.0
20230701:1430,0.0,0.0,0.0,0.0,0.0,25.5,3.52,0.0
20230701:1530,0.0,0.0,0.0,0.0,0.0,24.58,3.52,0.0
20230701:1630,0.0,0.0,0.0,0.0,0.0,23.84,3.31,0.0
20230701:1730,0.0,0.0,0.0,0.0,0.0,23.28,3.03,0.0
20230701:1830,0.0,0.0,0.0,0.0,0.0,22.79,2.76,0.0
20230701:1930,0.0,0.0,0.0,0.0,0.0,22.52,2.62,0.0
20230701:2030,0.0,0.0,0.0,0.0,0.0,22.27,2.55,0.0
20230701:2130,0.0,0.0,0.0,0.0,0.0,22.1,2.55,0.0
20230701:2230,0.0,0.0,0.0,0.0,0.0,22.15,2.28,0.0
20230701:2330,0.0,0.0,0.0,0.0,0.0,22.24,2.21,0.0
20230702:0030,0.0,0.0,0.0,0.0,-1.31,22.21,2.21,0.0
20230702:0130,50.56,26.35,58.55,0.0,12.22,22.19,2.07,0.0
20230702:0230,183.72,100.65,143.75,0.0,25.96,22.92,2.41,0.0
20230702:0330,239.82,126.2,182.2,0.0,39.75,24.21,4.0,0.0
20230702:0430,268.43,106.3,238.35,0.0,53.45,25.26,4.34,0.0
20230702:0530,418.09,267.95,262.15,0.0,66.67,25.93,4.62,0.0
20230702:0630,535.47,432.9,248.3,0.0,77.47,26.76,5.17,0.0
20230702:0730,612.17,536.55,251.2,0.0,76.73,27.86,5.31,0.0
20230702:0830,485.15,403.0,218.0,0.0,65.47,28.56,4.97,0.0
20230702:0930,351.65,188.0,263.2,0.0,52.18,27.74,4.97,0.0
20230702:1030,219.68,118.35,169.0,0.0,38.46,26.7,4.0,0.0
20230702:1130,107.99,24.2,127.95,0.0,24.66,25.4,4.07,0.0
20230702:1230,25.19,7.3,41.05,0.0,10.94,24.47,3.86,0.0
20230702:1330,0.0,0.0,0.0,0.0,-2.57,23.73,3.45,0.0
20230702:1430,0.0,0.0,0.0,0.0,0.0,22.98,3.1,0.0
20230702:1530,0.0,0.0,0.0,0.0,0.0,22.18,3.52,0.0
20230702:1630,0.0,0.0,0.0,0.0,0.0,22.01,3.45,0.0
20230702:1730,0.0,0.0,0.0,0.0,0.0,21.83,3.45,0.0
20230702:1830,0.0,0.0,0.0,0.0,0.0,21.69,3.45,0.0
20230702:1930,0.0,0.0,0.0,0.0,0.0,22.12,2.55,0.0
20230702:2030,0.0,0.0,0.0,0.0,0.0,22.08,2.69,0.0
20230702:2130,0.0,0.0,0.0,0.0,0.0,22.05,2.9,0.0
20230702:2230,0.0,0.0,0.0,0.0,0.0,22.06,2.97,0.0
20230702:2330,0.0,0.0,0.0,0.0,0.0,21.91,3.38,0.0
20230703:0030,0.0,0.0,0.0,0.0,-1.37,22.04,3.45,0.0
20230703:0130,25.12,4.1,42.75,0.0,12.17,22.19,3.52,0.0
20230703:0230,107.95,38.25,112.0,0.0,25.91,22.53,4.07,0.0
20230703:0330,220.71,132.4,150.0,0.0,39.71,23.15,5.17,0.0
20230703:0430,355.02,204.5,239.45,0.0,53.43,23.7,6.14,0.0
20230703:0530,293.4,150.75,220.05,0.0,66.66,24.96,6.48,0.0
20230703:0630,402.8,249.35,258.5,0.0,77.51,25.61,5.45,0.0
20230703:0730,389.69,209.15,287.85,0.0,76.81,26.88,4.9,0.0
20230703:0830,447.75,251.15,317.85,0.0,65.54,25.98,5.03,0.0
20230703:0930,113.33,32.75,123.7,0.0,52.23,25.13,4.9,0.0
20230703:1030,120.07,31.55,132.85,0.0,38.5,24.02,4.55,0.0
20230703:1130,94.87,25.15,109.45,0.0,24.7,23.24,5.24,0.0
20230703:1230,30.57,10.8,45.35,0.0,10.97,22.83,4.97,0.0
20230703:1330,0.0,0.0,0.0,0.0,-2.55,22.59,4.28,0.0
20230703:1430,0.0,0.0,0.0,0.0,0.0,22.51,4.34,0.0
20230703:1530,0.0,0.0,0.0,0.0,0.0,22.3,4.28,0.0
20230703:1630,0.0,0.0,0.0,0.0,0.0,22.18,4.21,0.0
20230703:1730,0.0,0.0,0.0,0.0,0.0,22.09,4.14,0.0
20230703:1830,0.0,0.0,0.0,0.0,0.0,22.44,4.34,0.0
20230703:1930,0.0,0.0,0.0,0.0,0.0,21.84,4.41,0.0
20230703:2030,0.0,0.0,0.0,0.0,0.0,21.85,4.34,0.0
20230703:2130,0.0,0.0,0.0,0.0,0.0,22.18,4.69,0.0
20230703:2230,0.0,0.0,0.0,0.0,0.0,22.25,5.03,0.0
20230703:2330,0.0,0.0,0.0,0.0,0.0,22.06,5.31,0.0
20230704:0030,0.0,0.0,0.0,0.0,-1.43,21.75,5.66,0.0
20230704:0130,16.66,1.6,32.9,0.0,12.12,21.79,5.45,0.0
20230704:0230,51.66,11.5,68.9,0.0,25.86,22.01,5.52,0.0
20230704:0330,129.89,55.15,118.85,0.0,39.68,22.16,5.17,0.0
20230704:0430,77.34,1.1,111.1,0.0,53.4,22.56,5.03,0.0
20230704:0530,79.72,3.35,111.65,0.0,66.65,22.45,4.62,0.0
20230704:0630,179.69,62.15,171.25,0.0,77.56,22.58,4.62,0.0
20230704:0730,161.06,16.15,197.9,0.0,76.9,23.68,4.48,0.0
20230704:0830,135.74,29.05,153.25,0.0,65.61,23.33,5.24,0.0
20230704:0930,52.76,5.2,76.55,0.0,52.29,23.11,5.45,0.0
20230704:1030,30.85,0.2,53.4,0.0,38.55,22.4,5.52,0.0
20230704:1130,16.55,1.0,33.0,0.0,24.74,21.75,5.72,0.0
20230704:1230,25.37,4.3,43.0,0.0,11.0,21.86,6.48,0.0
20230704:1330,0.0,0.0,0.0,0.0,-2.53,21.99,6.9,0.0
20230704:1430,0.0,0.0,0.0,0.0,0.0,21.85,6.41,0.0
20230704:1530,0.0,0.0,0.0,0.0,0.0,21.81,6.0,0.0
20230704:1630,0.0,0.0,0.0,0.0,0.0,21.87,5.93,0.0
20230704:1730,0.0,0.0,0.0,0.0,0.0,21.82,6.0,0.0
20230704:1830,0.0,0.0,0.0,0.0,0.0,21.64,5.38,0.0
20230704:1930,0.0,0.0,0.0,0.0,0.0,21.52,4.48,0.0
20230704:2030,0.0,0.0,0.0,0.0,0.0,21.48,4.0,0.0
20230704:2130,0.0,0.0,0.0,0.0,0.0,21.38,3.24,0.0
20230704:2230,0.0,0.0,0.0,0.0,0.0,21.2,3.52,0.0
20230704:2330,0.0,0.0,0.0,0.0,0.0,21.38,4.28,0.0
20230705:0030,0.0,0.0,0.0,0.0,-1.5,21.53,3.59,0.0
20230705:0130,2.18,0.1,10.85,0.0,12.06,21.52,3.24,0.0
20230705:0230,17.01,0.95,33.7,0.0,25.82,21.74,4.62,0.0
20230705:0330,43.31,0.0,69.65,0.0,39.64,21.97,5.17,0.0
20230705:0430,48.87,2.0,74.65,0.0,53.38,22.08,5.1,0.0
20230705:0530,62.4,1.55,91.9,0.0,66.65,21.69,4.55,0.0
20230705:0630,225.65,104.9,182.05,0.0,77.61,22.11,4.21,0.0
20230705:0730,238.18,77.55,225.75,0.0,77.0,22.38,4.83,0.0
20230705:0830,167.32,20.7,199.6,0.0,65.68,22.6,4.69,0.0
20230705:0930,159.36,57.1,152.55,0.0,52.34,22.86,4.48,0.0
20230705:1030,44.98,0.8,71.25,0.0,38.59,22.98,4.97,0.0
20230705:1130,22.39,0.9,41.3,0.0,24.77,22.06,5.45,0.0
20230705:1230,6.6,0.0,18.9,0.0,11.03,21.75,5.24,0.0
20230705:1330,0.0,0.0,0.0,0.0,-2.51,21.6,4.97,0.0
20230705:1430,0.0,0.0,0.0,0.0,0.0,21.42,4.97,0.0
20230705:1530,0.0,0.0,0.0,0.0,0.0,21.43,4.83,0.0
20230705:1630,0.0,0.0,0.0,0.0,0.0,21.46,4.9,0.0
20230705:1730,0.0,0.0,0.0,0.0,0.0,21.46,5.03,0.0
20230705:1830,0.0,0.0,0.0,0.0,0.0,21.5,4.97,0.0
20230705:1930,0.0,0.0,0.0,0.0,0.0,20.75,4.34,0.0
20230705:2030,0.0,0.0,0.0,0.0,0.0,20.93,4.62,0.0
20230705:2130,0.0,0.0,0.0,0.0,0.0,21.16,4.9,0.0
20230705:2230,0.0,0.0,0.0,0.0,0.0,21.35,5.03,0.0
20230705:2330,0.0,0.0,0.0,0.0,0.0,21.32,5.31,0.0
20230706:0030,0.0,0.0,0.0,0.0,-1.56,21.33,5.03,0.0
20230706:0130,4.32,0.0,14.95,0.0,12.01,21.25,4.97,0.0
20230706:0230,29.79,0.25,51.75,0.0,25.77,21.34,4.55,0.0
20230706:0330,106.02,15.95,130.2,0.0,39.61,21.55,4.34,0.0
20230706:0430,129.39,14.65,159.85,0.0,53.35,21.93,4.14,0.0
20230706:0530,125.73,10.7,160.05,0.0,66.65,22.57,3.93,0.0
20230706:0630,162.65,4.5,210.15,0.0,77.67,21.71,4.34,0.0
20230706:0730,221.88,75.05,208.2,0.0,77.1,22.23,5.03,0.0
20230706:0830,94.47,0.0,133.0,0.0,65.75,22.34,5.1,0.0
20230706:0930,143.52,22.05,169.15,0.0,52.4,22.16,4.83,0.0
20230706:1030,45.45,1.5,70.8,0.0,38.64,21.89,5.45,0.0
20230706:1130,28.9,0.4,50.5,0.0,24.8,21.67,4.76,0.0
20230706:1230,3.57,0.0,13.6,0.0,11.05,21.57,4.76,0.0
20230706:1330,0.0,0.0,0.0,0.0,-2.5,21.4,4.55,0.0
20230706:1430,0.0,0.0,0.0,0.0,0.0,21.31,4.28,0.0
20230706:1530,0.0,0.0,0.0,0.0,0.0,21.22,3.79,0.0
20230706:1630,0.0,0.0,0.0,0.0,0.0,21.18,3.93,0.0
20230706:1730,0.0,0.0,0.0,0.0,0.0,21.3,4.41,0.0
20230706:1830,0.0,0.0,0.0,0.0,0.0,21.38,4.34,0.0
20230706:1930,0.0,0.0,0.0,0.0,0.0,21.12,3.66,0.0
20230706:2030,0.0,0.0,0.0,0.0,0.0,21.19,3.72,0.0
20230706:2130,0.0,0.0,0.0,0.0,0.0,21.2,3.93,0.0
20230706:2230,0.0,0.0,0.0,0.0,0.0,21.23,4.07,0.0
20230706:2330,0.0,0.0,0.0,0.0,0.0,21.14,4.07,0.0
20230707:0030,0.0,0.0,0.0,0.0,-1.62,21.08,3.86,0.0
20230707:0130,53.16,40.25,50.85,0.0,11.96,21.15,3.72,0.0
20230707:0230,189.81,122.7,127.55,0.0,25.73,21.75,3.52,0.0
20230707:0330,270.58,184.75,156.55,0.0,39.57,22.63,4.97,0.0
20230707:0430,357.69,267.95,179.75,0.0,53.34,23.82,4.55,0.0
20230707:0530,280.09,105.1,251.6,0.0,66.66,24.88,5.86,0.0
20230707:0630,236.49,87.15,216.05,0.0,77.73,24.36,5.38,0.0
20230707:0730,184.55,67.0,172.5,0.0,77.21,23.39,5.59,0.0
20230707:0830,230.41,71.75,223.8,0.0,65.83,23.16,4.41,0.0
20230707:0930,98.64,3.0,135.45,0.0,52.45,23.2,5.1,0.0
20230707:1030,147.6,37.25,158.95,0.0,38.68,22.31,4.48,0.0
20230707:1130,47.59,3.25,72.05,0.0,24.84,22.41,5.1,0.0
20230707:1230,18.48,4.65,33.3,0.0,11.07,22.04,4.28,0.0
20230707:1330,0.0,0.0,0.0,0.0,-2.49,21.77,4.0,0.0
20230707:1430,0.0,0.0,0.0,0.0,0.0,21.45,3.79,0.0
20230707:1530,0.0,0.0,0.0,0.0,0.0,21.4,3.72,0.0
20230707:1630,0.0,0.0,0.0,0.0,0.0,21.37,3.66,0.0
20230707:1730,0.0,0.0,0.0,0.0,0.0,21.4,3.38,0.0
20230707:1830,0.0,0.0,0.0,0.0,0.0,21.32,3.1,0.0
20230707:1930,0.0,0.0,0.0,0.0,0.0,21.83,3.03,0.0
20230707:2030,0.0,0.0,0.0,0.0,0.0,21.71,2.9,0.0
20230707:2130,0.0,0.0,0.0,0.0,0.0,21.48,3.1,0.0
20230707:2230,0.0,0.0,0.0,0.0,0.0,21.41,3.31,0.0
20230707:2330,0.0,0.0,0.0,0.0,0.0,21.29,2.76,0.0
20230708:0030,0.0,0.0,0.0,0.0,-1.68,21.32,2.69,0.0
20230708:0130,15.87,0.8,32.35,0.0,11.91,21.3,3.03,0.0
20230708:0230,50.29,3.4,75.15,0.0,25.69,21.64,3.1,0.0
20230708:0330,121.43,16.15,149.25,0.0,39.54,22.16,3.38,0.0
20230708:0430,154.7,35.8,169.35,0.0,53.32,22.72,3.45,0.0
20230708:0530,229.97,74.1,221.95,0.0,66.66,23.51,3.66,0.0
20230708:0630,207.4,57.25,212.7,0.0,77.8,24.28,3.66,0.0
20230708:0730,168.59,58.6,163.55,0.0,77.31,23.97,3.38,0.0
20230708:0830,262.73,48.2,289.6,0.0,65.9,23.45,3.52,0.0
20230708:0930,134.51,41.2,139.1,0.0,52.51,22.98,4.69,0.0
20230708:1030,88.54,10.3,115.4,0.0,38.72,22.51,4.34,0.0
20230708:1130,117.62,40.25,121.85,0.0,24.87,22.18,3.79,0.0
20230708:1230,13.84,1.15,29.3,0.0,11.09,22.47,3.86,0.0
20230708:1330,0.0,0.0,0.0,0.0,-2.48,22.18,3.79,0.0
20230708:1430,0.0,0.0,0.0,0.0,0.0,21.88,3.45,0.0
20230708:1530,0.0,0.0,0.0,0.0,0.0,21.72,3.17,0.0
20230708:1630,0.0,0.0,0.0,0.0,0.0,21.6,2.97,0.0
20230708:1730,0.0,0.0,0.0,0.0,0.0,21.47,2.97,0.0
20230708:1830,0.0,0.0,0.0,0.0,0.0,21.19,2.83,0.0
20230708:1930,0.0,0.0,0.0,0.0,0.0,21.12,2.55,0.0
20230708:2030,0.0,0.0,0.0,0.0,0.0,21.02,2.48,0.0
20230708:2130,0.0,0.0,0.0,0.0,0.0,20.93,2.55,0.0
20230708:2230,0.0,0.0,0.0,0.0,0.0,20.92,2.55,0.0
20230708:2330,0.0,0.0,0.0,0.0,0.0,20.97,2.28,0.0
20230709:0030,0.0,0.0,0.0,0.0,-1.74,20.96,2.28,0.0
20230709:0130,31.73,8.6,47.95,0.0,11.85,21.07,2.48,0.0
20230709:0230,161.74,101.85,113.9,0.0,25.65,21.35,3.24,0.0
20230709:0330,278.28,175.5,176.15,0.0,39.51,22.62,4.41,0.0
20230709:0430,336.03,182.55,242.4,0.0,53.3,24.04,4.07,0.0
20230709:0530,374.91,137.4,341.0,0.0,66.67,25.14,4.21,0.0
20230709:0630,516.98,365.9,290.15,0.0,77.88,25.8,5.03,0.0
20230709:0730,555.81,455.0,254.9,0.0,77.43,26.82,4.9,0.0
20230709:0830,494.21,428.35,201.6,0.0,65.97,27.62,4.76,0.0
20230709:0930,470.38,388.25,213.75,0.0,52.56,27.84,4.55,0.0
20230709:1030,288.9,203.15,170.05,0.0,38.76,27.81,4.62,0.0
20230709:1130,124.12,69.2,104.55,0.0,24.89,26.41,3.93,0.0
20230709:1230,17.33,3.45,33.05,0.0,11.11,25.53,3.24,0.0
20230709:1330,0.0,0.0,0.0,0.0,-2.47,24.86,2.9,0.0
20230709:1430,0.0,0.0,0.0,0.0,0.0,24.09,2.83,0.0
20230709:1530,0.0,0.0,0.0,0.0,0.0,23.53,2.69,0.0
20230709:1630,0.0,0.0,0.0,0.0,0.0,23.01,2.48,0.0
20230709:1730,0.0,0.0,0.0,0.0,0.0,22.41,2.28,0.0
20230709:1830,0.0,0.0,0.0,0.0,0.0,22.01,2.14,0.0
20230709:1930,0.0,0.0,0.0,0.0,0.0,21.52,2.14,0.0
20230709:2030,0.0,0.0,0.0,0.0,0.0,21.09,2.14,0.0
20230709:2130,0.0,0.0,0.0,0.0,0.0,20.91,2.14,0.0
20230709:2230,0.0,0.0,0.0,0.0,0.0,20.72,2.34,0.0
20230709:2330,0.0,0.0,0.0,0.0,0.0,20.64,2.34,0.0
20230710:0030,0.0,0.0,0.0,0.0,-1.81,20.5,1.86,0.0
20230710:0130,46.18,16.65,60.25,0.0,11.8,20.42,1.79,0.0
20230710:0230,143.46,39.9,152.95,0.0,25.6,20.99,2.07,0.0
20230710:0330,240.55,90.0,219.55,0.0,39.48,22.17,2.21,0.0
20230710:0430,363.01,219.5,242.1,0.0,53.29,23.47,2.28,0.0
20230710:0530,421.08,234.8,306.75,0.0,66.69,24.76,2.14,0.0
20230710:0630,503.2,279.9,374.35,0.0,77.96,25.91,2.55,0.0
20230710:0730,504.73,296.15,359.2,0.0,77.54,27.17,3.31,0.0
20230710:0830,432.26,224.15,337.6,0.0,66.05,27.98,3.17,0.0
20230710:0930,343.52,133.75,314.45,0.0,52.61,28.21,2.97,0.0
20230710:1030,179.02,34.3,205.9,0.0,38.8,27.25,3.24,0.0
20230710:1130,75.41,11.65,100.4,0.0,24.92,26.06,2.76,0.0
20230710:1230,31.57,5.65,51.15,0.0,11.12,25.77,2.83,0.0
20230710:1330,0.0,0.0,0.0,0.0,-2.47,25.04,2.97,0.0
20230710:1430,0.0,0.0,0.0,0.0,0.0,24.2,2.97,0.0
20230710:1530,0.0,0.0,0.0,0.0,0.0,23.7,2.9,0.0
20230710:1630,0.0,0.0,0.0,0.0,0.0,23.22,2.83,0.0
20230710:1730,0.0,0.0,0.0,0.0,0.0,22.64,2.76,0.0
20230710:1830,0.0,0.0,0.0,0.0,0.0,22.38,2.69,0.0
20230710:1930,0.0,0.0,0.0,0.0,0.0,21.91,2.34,0.0
20230710:2030,0.0,0.0,0.0,0.0,0.0,21.65,2.21,0.0
20230710:2130,0.0,0.0,0.0,0.0,0.0,21.45,2.21,0.0
20230710:2230,0.0,0.0,0.0,0.0,0.0,21.29,2.14,0.0
20230710:2330,0.0,0.0,0.0,0.0,0.0,21.28,2.14,0.0
20230711:0030,0.0,0.0,0.0,0.0,-1.87,21.31,2.34,0.0
20230711:0130,38.1,2.7,60.85,0.0,11.75,21.37,2.41,0.0
20230711:0230,137.43,34.7,150.95,0.0,25.56,21.96,3.52,0.0
20230711:0330,180.1,21.45,215.4,0.0,39.45,23.09,4.07,0.0
20230711:0430,202.74,20.9,244.7,0.0,53.28,24.15,3.86,0.0
20230711:0530,245.74,48.4,270.6,0.0,66.7,24.94,3.45,0.0
20230711:0630,297.52,97.6,285.35,0.0,78.04,25.42,3.38,0.0
20230711:0730,341.51,96.35,344.9,0.0,77.66,26.4,3.52,0.0
20230711:0830,304.58,132.55,256.85,0.0,66.12,25.08,3.66,0.0
20230711:0930,275.92,118.3,237.4,0.0,52.66,25.43,3.03,0.0
20230711:1030,196.09,91.05,167.5,0.0,38.83,25.78,2.76,0.0
20230711:1130,83.68,25.2,96.8,0.0,24.94,24.91,3.38,0.0
20230711:1230,26.76,5.7,44.2,0.0,11.14,23.67,2.97,0.0
20230711:1330,0.0,0.0,0.0,0.0,-2.47,23.08,2.48,0.0
20230711:1430,0.0,0.0,0.0,0.0,0.0,22.5,2.97,0.0
20230711:1530,0.0,0.0,0.0,0.0,0.0,22.06,2.83,0.0
20230711:1630,0.0,0.0,0.0,0.0,0.0,21.65,2.55,0.0
20230711:1730,0.0,0.0,0.0,0.0,0.0,21.33,2.41,0.0
20230711:1830,0.0,0.0,0.0,0.0,0.0,21.08,2.41,0.0
20230711:1930,0.0,0.0,0.0,0.0,0.0,21.48,2.34,0.0
20230711:2030,0.0,0.0,0.0,0.0,0.0,21.33,2.34,0.0
20230711:2130,0.0,0.0,0.0,0.0,0.0,21.13,2.21,0.0
20230711:2230,0.0,0.0,0.0,0.0,0.0,20.74,2.14,0.0
20230711:2330,0.0,0.0,0.0,0.0,0.0,20.66,2.14,0.0
20230712:0030,0.0,0.0,0.0,0.0,-1.93,20.33,2.28,0.0
20230712:0130,59.43,23.7,71.35,0.0,11.7,20.12,2.34,0.0
20230712:0230,200.48,145.15,118.15,0.0,25.53,21.17,3.24,0.0
20230712:0330,341.31,229.7,200.25,0.0,39.43,22.61,3.79,0.0
20230712:0430,360.82,163.4,294.45,0.0,53.27,24.31,4.14,0.0
20230712:0530,391.0,138.65,361.9,0.0,66.72,25.51,4.07,0.0
20230712:0630,517.84,346.35,320.6,0.0,78.13,26.56,3.72,0.0
20230712:0730,629.88,534.0,288.4,0.0,77.79,27.42,3.79,0.0
20230712:0830,440.42,277.75,291.45,0.0,66.2,28.28,3.72,0.0
20230712:0930,223.9,134.0,156.0,0.0,52.71,26.13,3.66,0.0
20230712:1030,272.8,159.9,191.1,0.0,38.87,25.37,3.66,0.0
20230712:1130,149.06,61.35,141.65,0.0,24.97,24.9,3.66,0.0
20230712:1230,30.63,6.95,48.7,0.0,11.15,24.77,3.1,0.0
20230712:1330,0.0,0.0,0.0,0.0,-2.48,24.07,3.03,0.0
20230712:1430,0.0,0.0,0.0,0.0,0.0,23.45,3.38,0.0
20230712:1530,0.0,0.0,0.0,0.0,0.0,22.81,3.1,0.0
20230712:1630,0.0,0.0,0.0,0.0,0.0,22.25,2.83,0.0
20230712:1730,0.0,0.0,0.0,0.0,0.0,22.03,2.83,0.0
20230712:1830,0.0,0.0,0.0,0.0,0.0,22.02,2.62,0.0
20230712:1930,0.0,0.0,0.0,0.0,0.0,21.17,2.69,0.0
20230712:2030,0.0,0.0,0.0,0.0,0.0,21.28,2.83,0.0
20230712:2130,0.0,0.0,0.0,0.0,0.0,21.36,2.62,0.0
20230712:2230,0.0,0.0,0.0,0.0,0.0,21.4,2.41,0.0
20230712:2330,0.0,0.0,0.0,0.0,0.0,21.39,2.14,0.0
20230713:0030,0.0,0.0,0.0,0.0,-1.99,21.47,2.07,0.0
20230713:0130,7.95,0.5,20.7,0.0,11.65,21.5,2.21,0.0
20230713:0230,94.86,20.6,113.25,0.0,25.49,21.63,2.76,0.0
20230713:0330,195.85,82.35,171.05,0.0,39.4,22.24,3.86,0.0
20230713:0430,294.47,120.85,252.25,0.0,53.26,23.07,4.14,0.0
20230713:0530,348.77,178.6,261.1,0.0,66.75,23.85,4.41,0.0
20230713:0630,412.1,202.5,319.35,0.0,78.23,24.43,4.28,0.0
20230713:0730,478.9,332.4,272.85,0.0,77.92,24.81,4.41,0.0
20230713:0830,351.18,144.2,303.6,0.0,66.28,25.46,4.41,0.0
20230713:0930,345.0,226.25,210.3,0.0,52.76,25.22,4.41,0.0
20230713:1030,95.1,28.85,105.85,0.0,38.9,25.1,4.14,0.0
20230713:1130,55.84,8.7,77.55,0.0,24.99,23.44,3.59,0.0
20230713:1230,3.96,0.85,13.75,0.0,11.15,22.59,3.72,0.0
20230713:1330,0.0,0.0,0.0,0.0,-2.48,22.09,3.93,0.0
20230713:1430,0.0,0.0,0.0,0.0,0.0,21.91,4.28,0.0
20230713:1530,0.0,0.0,0.0,0.0,0.0,21.88,4.41,0.0
20230713:1630,0.0,0.0,0.0,0.0,0.0,21.88,3.72,0.0
20230713:1730,0.0,0.0,0.0,0.0,0.0,21.72,3.38,0.0
20230713:1830,0.0,0.0,0.0,0.0,0.0,21.58,3.17,0.0
20230713:1930,0.0,0.0,0.0,0.0,0.0,21.32,3.17,0.0
20230713:2030,0.0,0.0,0.0,0.0,0.0,21.35,3.03,0.0
20230713:2130,0.0,0.0,0.0,0.0,0.0,21.43,2.76,0.0
20230713:2230,0.0,0.0,0.0,0.0,0.0,21.44,2.69,0.0
20230713:2330,0.0,0.0,0.0,0.0,0.0,21.43,2.69,0.0
20230714:0030,0.0,0.0,0.0,0.0,-2.06,21.49,2.69,0.0
20230714:0130,13.95,0.55,29.8,0.0,11.6,21.53,2.69,0.0
20230714:0230,76.63,22.4,89.3,0.0,25.45,21.78,2.76,0.0
20230714:0330,154.54,17.15,188.15,0.0,39.38,22.27,3.86,0.0
20230714:0430,177.43,56.55,175.35,0.0,53.26,23.04,4.07,0.0
20230714:0530,270.66,52.5,294.35,0.0,66.77,23.69,4.34,0.0
20230714:0630,604.18,484.8,286.3,0.0,78.33,24.79,4.41,0.0
20230714:0730,556.06,422.85,286.4,0.0,78.05,26.37,5.03,0.0
20230714:0830,455.23,335.7,240.65,0.0,66.35,26.63,5.31,0.0
20230714:0930,378.89,332.8,144.55,0.0,52.81,26.49,5.17,0.0
20230714:1030,306.14,252.85,137.45,0.0,38.93,26.21,4.9,0.0
20230714:1130,171.31,137.05,95.45,0.0,25.0,25.91,4.62,0.0
20230714:1230,47.72,48.95,39.75,0.0,11.16,25.07,4.07,0.0
20230714:1330,0.0,0.0,0.0,0.0,-2.49,24.25,4.07,0.0
20230714:1430,0.0,0.0,0.0,0.0,0.0,23.46,3.59,0.0
20230714:1530,0.0,0.0,0.0,0.0,0.0,23.08,3.31,0.0
20230714:1630,0.0,0.0,0.0,0.0,0.0,22.79,3.03,0.0
20230714:1730,0.0,0.0,0.0,0.0,0.0,22.51,2.76,0.0
20230714:1830,0.0,0.0,0.0,0.0,0.0,22.23,2.55,0.0
20230714:1930,0.0,0.0,0.0,0.0,0.0,22.02,2.83,0.0
20230714:2030,0.0,0.0,0.0,0.0,0.0,21.65,2.62,0.0
20230714:2130,0.0,0.0,0.0,0.0,0.0,21.42,2.48,0.0
20230714:2230,0.0,0.0,0.0,0.0,0.0,21.34,2.28,0.0
20230714:2330,0.0,0.0,0.0,0.0,0.0,21.38,2.21,0.0
20230715:0030,0.0,0.0,0.0,0.0,-2.12,21.49,2.21,0.0
20230715:0130,37.69,18.95,48.05,0.0,11.55,21.51,2.28,0.0
20230715:0230,191.83,120.2,133.8,0.0,25.41,22.03,2.48,0.0
20230715:0330,337.54,267.75,157.1,0.0,39.36,23.35,4.21,0.0
20230715:0430,302.44,76.7,311.1,0.0,53.25,24.84,4.34,0.0
20230715:0530,370.85,153.45,320.3,0.0,66.8,25.62,4.14,0.0
20230715:0630,419.74,283.7,249.9,0.0,78.43,26.32,4.21,0.0
20230715:0730,504.77,422.85,219.9,0.0,78.18,27.35,4.9,0.0
20230715:0830,527.2,494.25,178.9,0.0,66.43,27.8,4.76,0.0
20230715:0930,387.43,308.3,185.35,0.0,52.86,28.08,5.03,0.0
20230715:1030,277.52,189.15,167.25,0.0,38.96,26.36,4.76,0.0
20230715:1130,139.11,105.1,87.35,0.0,25.02,25.87,4.07,0.0
20230715:1230,53.02,33.3,58.4,0.0,11.16,25.66,4.0,0.0
20230715:1330,0.0,0.0,0.0,0.0,-2.5,24.9,3.24,0.0
20230715:1430,0.0,0.0,0.0,0.0,0.0,24.04,3.24,0.0
20230715:1530,0.0,0.0,0.0,0.0,0.0,23.31,3.1,0.0
20230715:1630,0.0,0.0,0.0,0.0,0.0,22.85,2.97,0.0
20230715:1730,0.0,0.0,0.0,0.0,0.0,22.52,2.83,0.0
20230715:1830,0.0,0.0,0.0,0.0,0.0,22.3,2.69,0.0
20230715:1930,0.0,0.0,0.0,0.0,0.0,22.44,2.55,0.0
20230715:2030,0.0,0.0,0.0,0.0,0.0,22.21,2.34,0.0
20230715:2130,0.0,0.0,0.0,0.0,0.0,22.25,2.34,0.0
20230715:2230,0.0,0.0,0.0,0.0,0.0,22.16,2.28,0.0
20230715:2330,0.0,0.0,0.0,0.0,0.0,22.14,2.28,0.0
20230716:0030,0.0,0.0,0.0,0.0,-2.18,22.12,2.14,0.0
20230716:0130,28.77,2.55,48.95,0.0,11.5,22.12,1.93,0.0
20230716:0230,137.77,33.8,153.4,0.0,25.38,22.57,2.07,0.0
20230716:0330,255.37,114.25,213.45,0.0,39.34,23.49,3.38,0.0
20230716:0430,377.18,211.55,267.05,0.0,53.25,24.55,3.72,0.0
20230716:0530,435.81,236.7,320.15,0.0,66.83,25.67,3.79,0.0
20230716:0630,557.91,385.7,332.15,0.0,78.54,26.57,4.34,0.0
20230716:0730,398.17,200.25,311.55,0.0,78.32,27.33,4.07,0.0
20230716:0830,508.55,271.2,388.1,0.0,66.5,27.55,4.07,0.0
20230716:0930,337.5,137.65,299.35,0.0,52.91,28.02,4.14,0.0
20230716:1030,187.92,77.4,171.15,0.0,38.99,26.51,4.28,0.0
20230716:1130,88.49,10.3,117.25,0.0,25.03,24.86,3.52,0.0
20230716:1230,35.98,3.85,58.05,0.0,11.16,24.62,3.38,0.0
20230716:1330,0.0,0.0,0.0,0.0,-2.52,24.25,3.52,0.0
20230716:1430,0.0,0.0,0.0,0.0,0.0,23.56,3.31,0.0
20230716:1530,0.0,0.0,0.0,0.0,0.0,23.04,3.17,0.0
20230716:1630,0.0,0.0,0.0,0.0,0.0,22.62,3.03,0.0
20230716:1730,0.0,0.0,0.0,0.0,0.0,22.27,2.9,0.0
20230716:1830,0.0,0.0,0.0,0.0,0.0,21.99,2.83,0.0
20230716:1930,0.0,0.0,0.0,0.0,0.0,22.36,2.9,0.0
20230716:2030,0.0,0.0,0.0,0.0,0.0,22.29,2.9,0.0
20230716:2130,0.0,0.0,0.0,0.0,0.0,22.23,2.9,0.0
20230716:2230,0.0,0.0,0.0,0.0,0.0,21.99,2.62,0.0
20230716:2330,0.0,0.0,0.0,0.0,0.0,21.92,2.69,0.0
20230717:0030,0.0,0.0,0.0,0.0,-2.24,21.81,2.76,0.0
20230717:0130,26.79,2.05,46.6,0.0,11.46,21.88,2.83,0.0
20230717:0230,104.34,16.95,128.55,0.0,25.35,22.18,3.45,0.0
20230717:0330,151.71,14.7,187.75,0.0,39.32,23.05,4.41,0.0
20230717:0430,307.52,76.4,315.65,0.0,53.25,23.75,4.41,0.0
20230717:0530,340.15,87.2,347.65,0.0,66.87,25.04,4.62,0.0
20230717:0630,398.81,179.4,327.4,0.0,78.66,25.6,4.97,0.0
20230717:0730,421.68,191.75,344.7,0.0,78.46,26.29,5.59,0.0
20230717:0830,363.99,154.55,309.75,0.0,66.58,26.64,5.59,0.0
20230717:0930,364.08,156.35,309.35,0.0,52.95,26.69,5.17,0.0
20230717:1030,225.0,85.2,208.55,0.0,39.01,26.56,5.1,0.0
20230717:1130,139.04,50.95,139.85,0.0,25.04,25.72,4.76,0.0
20230717:1230,38.44,7.7,58.5,0.0,11.15,25.1,4.48,0.0
20230717:1330,0.0,0.0,0.0,0.0,-2.54,24.24,4.28,0.0
20230717:1430,0.0,0.0,0.0,0.0,0.0,23.45,3.93,0.0
20230717:1530,0.0,0.0,0.0,0.0,0.0,22.92,3.59,0.0
20230717:1630,0.0,0.0,0.0,0.0,0.0,22.51,3.17,0.0
20230717:1730,0.0,0.0,0.0,0.0,0.0,22.46,3.03,0.0
20230717:1830,0.0,0.0,0.0,0.0,0.0,22.25,3.17,0.0
20230717:1930,0.0,0.0,0.0,0.0,0.0,22.12,3.31,0.0
20230717:2030,0.0,0.0,0.0,0.0,0.0,22.3,3.45,0.0
20230717:2130,0.0,0.0,0.0,0.0,0.0,22.16,3.45,0.0
20230717:2230,0.0,0.0,0.0,0.0,0.0,22.01,3.66,0.0
20230717:2330,0.0,0.0,0.0,0.0,0.0,21.82,4.0,0.0
20230718:0030,0.0,0.0,0.0,0.0,-2.3,21.66,3.72,0.0
20230718:0130,45.85,16.95,60.05,0.0,11.41,21.6,3.59,0.0
20230718:0230,188.51,117.85,131.05,0.0,25.32,21.9,3.79,0.0
20230718:0330,281.92,195.3,159.8,0.0,39.3,22.8,5.17,0.0
20230718:0430,459.44,327.65,247.05,0.0,53.26,23.86,5.45,0.0
20230718:0530,559.96,393.65,313.95,0.0,66.9,25.35,6.14,0.0
20230718:0630,640.01,511.35,302.4,0.0,78.78,26.17,6.62,0.0
20230718:0730,660.37,587.3,254.15,0.0,78.6,27.16,7.03,0.0
20230718:0830,409.03,300.75,213.95,0.0,66.65,27.45,7.59,0.0
20230718:0930,388.51,300.35,187.95,0.0,52.99,26.54,6.76,0.0
20230718:1030,275.51,220.65,130.35,0.0,39.04,26.21,6.55,0.0
20230718:1130,166.66,85.15,139.45,0.0,25.05,25.37,5.86,0.0
20230718:1230,44.59,21.6,55.95,0.0,11.15,24.71,6.0,0.0
20230718:1330,0.0,0.0,0.0,0.0,-2.56,23.53,5.38,0.0
20230718:1430,0.0,0.0,0.0,0.0,0.0,22.73,4.83,0.0
20230718:1530,0.0,0.0,0.0,0.0,0.0,22.47,4.55,0.0
20230718:1630,0.0,0.0,0.0,0.0,0.0,22.21,4.34,0.0
20230718:1730,0.0,0.0,0.0,0.0,0.0,22.1,4.34,0.0
20230718:1830,0.0,0.0,0.0,0.0,0.0,22.27,4.48,0.0
20230718:1930,0.0,0.0,0.0,0.0,0.0,22.13,3.93,0.0
20230718:2030,0.0,0.0,0.0,0.0,0.0,21.99,4.55,0.0
20230718:2130,0.0,0.0,0.0,0.0,0.0,21.86,4.55,0.0
20230718:2230,0.0,0.0,0.0,0.0,0.0,21.76,5.03,0.0
20230718:2330,0.0,0.0,0.0,0.0,0.0,21.74,4.62,0.0
20230719:0030,0.0,0.0,0.0,0.0,-2.36,21.65,4.76,0.0
20230719:0130,48.08,18.9,61.4,0.0,11.37,21.72,5.03,0.0
20230719:0230,160.69,60.35,153.75,0.0,25.28,22.13,4.41,0.0
20230719:0330,330.4,187.4,226.95,0.0,39.29,22.91,6.21,0.0
20230719:0430,427.81,291.8,239.75,0.0,53.26,23.96,7.24,0.0
20230719:0530,416.03,229.65,289.6,0.0,66.94,24.59,7.66,0.0
20230719:0630,325.12,98.85,313.2,0.0,78.9,25.22,7.38,0.0
20230719:0730,363.19,108.55,351.05,0.0,78.75,25.29,7.31,0.0
20230719:0830,400.7,151.0,354.9,0.0,66.72,25.52,7.38,0.0
20230719:0930,236.86,49.6,256.65,0.0,53.03,25.69,7.24,0.0
20230719:1030,167.7,40.9,181.45,0.0,39.06,25.07,6.41,0.0
20230719:1130,102.1,22.5,121.35,0.0,25.05,24.36,6.07,0.0
20230719:1230,33.92,2.25,56.3,0.0,11.14,23.83,5.31,0.0
20230719:1330,0.0,0.0,0.0,0.0,-2.59,23.15,5.38,0.0
20230719:1430,0.0,0.0,0.0,0.0,0.0,22.61,4.83,0.0
20230719:1530,0.0,0.0,0.0,0.0,0.0,22.29,4.55,0.0
20230719:1630,0.0,0.0,0.0,0.0,0.0,22.23,4.41,0.0
20230719:1730,0.0,0.0,0.0,0.0,0.0,21.88,4.14,0.0
20230719:1830,0.0,0.0,0.0,0.0,0.0,21.73,4.21,0.0
20230719:1930,0.0,0.0,0.0,0.0,0.0,22.0,4.69,0.0
20230719:2030,0.0,0.0,0.0,0.0,0.0,21.82,4.62,0.0
20230719:2130,0.0,0.0,0.0,0.0,0.0,21.64,4.83,0.0
20230719:2230,0.0,0.0,0.0,0.0,0.0,21.46,4.76,0.0
20230719:2330,0.0,0.0,0.0,0.0,0.0,21.22,4.48,0.0
20230720:0030,0.0,0.0,0.0,0.0,-2.42,20.97,4.76,0.0
20230720:0130,34.99,12.55,49.3,0.0,11.32,21.0,4.76,0.0
20230720:0230,138.04,38.95,146.75,0.0,25.26,21.49,5.03,0.0
20230720:0330,186.91,70.3,172.05,0.0,39.28,22.29,5.03,0.0
20230720:0430,385.43,160.45,322.55,0.0,53.27,22.87,5.66,0.0
20230720:0530,384.3,139.9,341.6,0.0,66.98,23.95,7.59,0.0
20230720:0630,594.15,500.4,240.4,0.0,79.03,24.75,7.72,0.0
20230720:0730,572.07,468.65,246.8,0.0,78.89,26.13,8.48,0.0
20230720:0830,563.22,467.4,236.75,0.0,66.79,26.3,8.69,0.0
20230720:0930,445.05,307.4,250.95,0.0,53.07,26.45,8.14,0.0
20230720:1030,236.33,117.65,187.25,0.0,39.08,26.4,8.0,0.0
20230720:1130,187.66,122.35,128.15,0.0,25.06,25.13,6.48,0.0
20230720:1230,50.33,22.15,62.75,0.0,11.12,24.29,6.07,0.0
20230720:1330,0.0,0.0,0.0,0.0,-2.62,23.54,5.52,0.0
20230720:1430,0.0,0.0,0.0,0.0,0.0,22.81,5.24,0.0
20230720:1530,0.0,0.0,0.0,0.0,0.0,22.52,4.9,0.0
20230720:1630,0.0,0.0,0.0,0.0,0.0,22.6,4.9,0.0
20230720:1730,0.0,0.0,0.0,0.0,0.0,22.53,4.97,0.0
20230720:1830,0.0,0.0,0.0,0.0,0.0,22.45,4.97,0.0
20230720:1930,0.0,0.0,0.0,0.0,0.0,22.29,5.38,0.0
20230720:2030,0.0,0.0,0.0,0.0,0.0,22.23,5.31,0.0
20230720:2130,0.0,0.0,0.0,0.0,0.0,22.08,5.31,0.0
20230720:2230,0.0,0.0,0.0,0.0,0.0,21.82,5.17,0.0
20230720:2330,0.0,0.0,0.0,0.0,0.0,21.76,5.1,0.0
20230721:0030,0.0,0.0,0.0,0.0,-2.48,21.9,5.03,0.0
20230721:0130,61.54,44.5,59.1,0.0,11.28,21.8,5.03,0.0
20230721:0230,223.41,181.2,111.7,0.0,25.23,22.36,4.28,0.0
20230721:0330,341.75,273.85,152.3,0.0,39.27,23.53,7.17,0.0
20230721:0430,512.38,417.25,220.55,0.0,53.28,24.57,7.31,0.0
20230721:0530,621.48,579.45,199.2,0.0,67.03,25.6,7.66,0.0
20230721:0630,664.87,670.2,165.5,0.0,79.16,26.3,8.0,0.0
20230721:0730,594.44,591.6,153.25,0.0,79.04,27.11,8.21,0.0
20230721:0830,578.12,581.1,143.4,0.0,66.86,27.1,7.93,0.0
20230721:0930,359.68,335.9,113.4,0.0,53.11,26.91,8.0,0.0
20230721:1030,247.92,217.9,98.55,0.0,39.09,26.13,7.03,0.0
20230721:1130,154.44,132.55,78.15,0.0,25.06,25.33,5.93,0.0
20230721:1230,37.0,36.85,34.8,0.0,11.11,24.74,5.86,0.0
20230721:1330,0.0,0.0,0.0,0.0,-2.65,23.7,5.45,0.0
20230721:1430,0.0,0.0,0.0,0.0,0.0,23.07,5.24,0.0
20230721:1530,0.0,0.0,0.0,0.0,0.0,22.75,5.24,0.0
20230721:1630,0.0,0.0,0.0,0.0,0.0,22.4,5.1,0.0
20230721:1730,0.0,0.0,0.0,0.0,0.0,22.15,4.83,0.0
20230721:1830,0.0,0.0,0.0,0.0,0.0,22.13,4.9,0.0
20230721:1930,0.0,0.0,0.0,0.0,0.0,21.95,4.48,0.0
20230721:2030,0.0,0.0,0.0,0.0,0.0,22.04,4.76,0.0
20230721:2130,0.0,0.0,0.0,0.0,0.0,22.08,4.9,0.0
20230721:2230,0.0,0.0,0.0,0.0,0.0,21.99,5.1,0.0
20230721:2330,0.0,0.0,0.0,0.0,0.0,21.84,4.97,0.0
20230722:0030,0.0,0.0,0.0,0.0,-2.54,21.75,4.97,0.0
20230722:0130,37.41,15.15,50.7,0.0,11.24,21.82,5.17,0.0
20230722:0230,206.16,146.2,124.55,0.0,25.2,22.12,4.55,0.0
20230722:0330,333.4,189.55,228.6,0.0,39.26,23.29,6.76,0.0
20230722:0430,412.63,298.45,213.85,0.0,53.29,24.23,7.45,0.0
20230722:0530,504.86,362.7,266.25,0.0,67.07,25.13,8.07,0.0
20230722:0630,592.05,466.75,277.15,0.0,79.3,25.95,7.79,0.0
20230722:0730,480.57,333.2,267.35,0.0,79.19,25.93,8.14,0.0
20230722:0830,361.82,192.1,263.4,0.0,66.93,26.07,7.79,0.0
20230722:0930,333.26,204.2,213.95,0.0,53.14,24.88,6.97,0.0
20230722:1030,130.33,38.0,138.6,0.0,39.11,24.4,6.07,0.0
20230722:1130,87.23,46.75,79.05,0.0,25.05,23.57,5.93,0.0
20230722:1230,23.33,5.2,39.75,0.0,11.09,22.94,4.69,0.0
20230722:1330,0.0,0.0,0.0,0.0,-2.69,22.73,4.69,0.0
20230722:1430,0.0,0.0,0.0,0.0,0.0,22.23,4.55,0.0
20230722:1530,0.0,0.0,0.0,0.0,0.0,21.86,4.41,0.0
20230722:1630,0.0,0.0,0.0,0.0,0.0,21.65,4.07,0.0
20230722:1730,0.0,0.0,0.0,0.0,0.0,21.59,3.93,0.0
20230722:1830,0.0,0.0,0.0,0.0,0.0,21.41,3.86,0.0
20230722:1930,0.0,0.0,0.0,0.0,0.0,21.78,5.1,0.0
20230722:2030,0.0,0.0,0.0,0.0,0.0,21.52,5.17,0.0
20230722:2130,0.0,0.0,0.0,0.0,0.0,21.33,5.17,0.0
20230722:2230,0.0,0.0,0.0,0.0,0.0,21.24,5.1,0.0
20230722:2330,0.0,0.0,0.0,0.0,0.0,21.21,4.97,0.0
20230723:0030,0.0,0.0,0.0,0.0,-2.6,21.26,4.62,0.0
20230723:0130,14.41,1.35,29.85,0.0,11.19,21.41,4.48,0.0
20230723:0230,49.24,4.6,72.6,0.0,25.18,21.68,4.41,0.0
20230723:0330,114.92,19.35,137.6,0.0,39.25,21.81,4.41,0.0
20230723:0430,263.12,62.05,274.2,0.0,53.31,22.75,3.93,0.0
20230723:0530,386.71,179.75,306.75,0.0,67.12,24.0,5.38,0.0
20230723:0630,594.86,477.8,273.2,0.0,79.43,24.96,5.86,0.0
20230723:0730,478.95,329.35,276.05,0.0,79.34,26.35,5.86,0.0
20230723:0830,292.91,98.75,273.9,0.0,67.0,24.97,6.28,0.0
20230723:0930,226.42,59.05,233.1,0.0,53.18,24.42,5.79,0.0
20230723:1030,190.63,75.2,173.4,0.0,39.12,24.02,5.17,0.0
20230723:1130,56.67,14.8,72.55,0.0,25.05,23.45,4.76,0.0
20230723:1230,12.72,3.65,25.8,0.0,11.06,22.57,4.28,0.0
20230723:1330,0.0,0.0,0.0,0.0,-2.73,22.09,4.07,0.0
20230723:1430,0.0,0.0,0.0,0.0,0.0,21.79,3.72,0.0
20230723:1530,0.0,0.0,0.0,0.0,0.0,21.58,3.66,0.0
20230723:1630,0.0,0.0,0.0,0.0,0.0,21.46,3.86,0.0
20230723:1730,0.0,0.0,0.0,0.0,0.0,21.33,3.86,0.0
20230723:1830,0.0,0.0,0.0,0.0,0.0,21.24,3.59,0.0
20230723:1930,0.0,0.0,0.0,0.0,0.0,21.58,4.0,0.0
20230723:2030,0.0,0.0,0.0,0.0,0.0,21.36,4.0,0.0
20230723:2130,0.0,0.0,0.0,0.0,0.0,21.31,3.86,0.0
20230723:2230,0.0,0.0,0.0,0.0,0.0,21.39,4.48,0.0
20230723:2330,0.0,0.0,0.0,0.0,0.0,21.27,4.21,0.0
20230724:0030,0.0,0.0,0.0,0.0,-2.66,21.16,3.86,0.0
20230724:0130,37.35,10.85,53.75,0.0,11.15,21.12,3.52,0.0
20230724:0230,136.18,44.35,139.5,0.0,25.15,21.35,3.79,0.0
20230724:0330,266.16,156.35,180.7,0.0,39.24,22.17,4.0,0.0
20230724:0430,422.15,294.1,233.5,0.0,53.32,23.24,4.76,0.0
20230724:0530,336.68,208.5,215.25,0.0,67.17,24.47,4.76,0.0
20230724:0630,258.4,130.25,199.1,0.0,79.58,24.75,4.83,0.0
20230724:0730,295.63,118.95,254.7,0.0,79.5,23.45,5.03,0.0
20230724:0830,116.67,10.35,149.95,0.0,67.06,23.5,4.62,0.0
20230724:0930,178.11,62.7,168.6,0.0,53.2,22.62,5.72,0.0
20230724:1030,51.56,1.35,79.0,0.0,39.13,22.69,3.86,0.0
20230724:1130,35.1,0.4,58.75,0.0,25.04,22.12,4.41,0.0
20230724:1230,3.18,0.0,12.9,0.0,11.04,21.94,4.14,0.0
20230724:1330,0.0,0.0,0.0,0.0,-2.77,21.58,4.14,0.0
20230724:1430,0.0,0.0,0.0,0.0,0.0,21.35,4.0,0.0
20230724:1530,0.0,0.0,0.0,0.0,0.0,21.28,4.34,0.0
20230724:1630,0.0,0.0,0.0,0.0,0.0,21.15,4.34,0.0
20230724:1730,0.0,0.0,0.0,0.0,0.0,21.12,4.55,0.0
20230724:1830,0.0,0.0,0.0,0.0,0.0,21.16,4.41,0.0
20230724:1930,0.0,0.0,0.0,0.0,0.0,20.76,4.14,0.0
20230724:2030,0.0,0.0,0.0,0.0,0.0,20.64,4.34,0.0
20230724:2130,0.0,0.0,0.0,0.0,0.0,20.56,4.62,0.0
20230724:2230,0.0,0.0,0.0,0.0,0.0,20.58,4.69,0.0
20230724:2330,0.0,0.0,0.0,0.0,0.0,20.72,4.48,0.0
20230725:0030,0.0,0.0,0.0,0.0,-2.71,20.82,4.28,0.0
20230725:0130,16.22,0.2,33.25,0.0,11.12,20.84,4.14,0.0
20230725:0230,84.76,2.5,118.2,0.0,25.13,21.05,4.14,0.0
20230725:0330,113.54,7.45,148.1,0.0,39.24,21.59,4.07,0.0
20230725:0430,238.65,29.2,277.4,0.0,53.34,22.26,4.07,0.0
20230725:0530,148.94,2.75,197.0,0.0,67.23,23.24,3.93,0.0
20230725:0630,89.13,0.95,125.65,0.0,79.72,22.52,4.9,0.0
20230725:0730,93.23,2.5,129.05,0.0,79.65,22.42,4.21,0.0
20230725:0830,119.83,3.75,159.85,0.0,67.12,22.38,4.69,0.0
20230725:0930,165.51,17.25,200.95,0.0,53.23,22.39,4.48,0.0
20230725:1030,99.37,1.55,137.2,0.0,39.13,22.07,4.97,0.0
20230725:1130,75.62,5.0,105.05,0.0,25.02,22.04,4.62,0.0
20230725:1230,16.41,0.35,33.55,0.0,11.01,21.95,4.55,0.0
20230725:1330,0.0,0.0,0.0,0.0,-2.82,21.51,4.28,0.0
20230725:1430,0.0,0.0,0.0,0.0,0.0,21.15,4.07,0.0
20230725:1530,0.0,0.0,0.0,0.0,0.0,20.89,3.86,0.0
20230725:1630,0.0,0.0,0.0,0.0,0.0,20.64,3.86,0.0
20230725:1730,0.0,0.0,0.0,0.0,0.0,20.64,3.93,0.0
20230725:1830,0.0,0.0,0.0,0.0,0.0,20.74,4.0,0.0
20230725:1930,0.0,0.0,0.0,0.0,0.0,20.87,3.86,0.0
20230725:2030,0.0,0.0,0.0,0.0,0.0,20.94,4.07,0.0
20230725:2130,0.0,0.0,0.0,0.0,0.0,20.91,4.14,0.0
20230725:2230,0.0,0.0,0.0,0.0,0.0,20.77,4.21,0.0
20230725:2330,0.0,0.0,0.0,0.0,0.0,20.63,4.0,0.0
20230726:0030,0.0,0.0,0.0,0.0,-2.77,20.74,3.79,0.0
20230726:0130,30.59,6.45,48.15,0.0,11.08,20.68,3.59,0.0
20230726:0230,107.1,18.65,129.6,0.0,25.11,21.08,3.24,0.0
20230726:0330,246.13,74.6,240.1,0.0,39.23,21.69,3.38,0.0
20230726:0430,188.38,14.45,231.65,0.0,53.36,22.61,4.62,0.0
20230726:0530,140.48,9.6,179.0,0.0,67.28,22.83,4.69,0.0
20230726:0630,202.06,35.75,226.25,0.0,79.87,22.85,4.55,0.0
20230726:0730,183.31,14.15,225.45,0.0,79.8,22.55,5.17,0.0
20230726:0830,171.18,10.15,214.9,0.0,67.18,22.53,5.45,0.0
20230726:0930,149.22,6.2,192.85,0.0,53.26,22.58,4.83,0.0
20230726:1030,95.22,2.8,131.05,0.0,39.13,22.38,5.1,0.0
20230726:1130,51.52,6.3,73.95,0.0,25.01,22.14,4.69,0.0
20230726:1230,7.37,0.35,19.9,0.0,10.98,21.86,4.28,0.0
20230726:1330,0.0,0.0,0.0,0.0,-2.87,21.4,4.0,0.0
20230726:1430,0.0,0.0,0.0,0.0,0.0,21.05,3.79,0.0
20230726:1530,0.0,0.0,0.0,0.0,0.0,20.72,3.72,0.0
20230726:1630,0.0,0.0,0.0,0.0,0.0,20.45,3.45,0.0
20230726:1730,0.0,0.0,0.0,0.0,0.0,20.33,3.52,0.0
20230726:1830,0.0,0.0,0.0,0.0,0.0,20.35,3.66,0.0
20230726:1930,0.0,0.0,0.0,0.0,0.0,20.7,4.55,0.0
20230726:2030,0.0,0.0,0.0,0.0,0.0,20.74,4.55,0.0
20230726:2130,0.0,0.0,0.0,0.0,0.0,20.78,4.55,0.0
20230726:2230,0.0,0.0,0.0,0.0,0.0,20.67,4.21,0.0
20230726:2330,0.0,0.0,0.0,0.0,0.0,20.52,4.0,0.0
20230727:0030,0.0,0.0,0.0,0.0,-2.82,20.41,3.79,0.0
20230727:0130,30.64,3.0,50.75,0.0,11.04,20.53,3.66,0.0
20230727:0230,121.48,21.8,143.7,0.0,25.09,20.96,3.52,0.0
20230727:0330,216.96,81.6,196.25,0.0,39.23,21.68,4.62,0.0
20230727:0430,332.62,153.85,263.25,0.0,53.38,22.93,5.59,0.0
20230727:0530,448.27,223.05,339.85,0.0,67.34,24.11,6.0,0.0
20230727:0630,367.18,159.3,304.05,0.0,80.03,25.04,6.21,0.0
20230727:0730,434.3,156.4,396.25,0.0,79.95,25.36,5.31,0.0
20230727:0830,307.73,73.15,321.45,0.0,67.24,25.92,5.72,0.0
20230727:0930,196.47,38.15,218.65,0.0,53.28,24.42,5.1,0.0
20230727:1030,155.72,35.55,172.1,0.0,39.13,24.17,4.69,0.0
20230727:1130,102.69,22.35,122.3,0.0,24.99,24.15,4.69,0.0
20230727:1230,33.22,0.8,56.45,0.0,10.94,23.71,4.48,0.0
20230727:1330,0.0,0.0,0.0,0.0,-2.92,22.92,4.14,0.0
20230727:1430,0.0,0.0,0.0,0.0,0.0,22.25,4.07,0.0
20230727:1530,0.0,0.0,0.0,0.0,0.0,21.91,4.0,0.0
20230727:1630,0.0,0.0,0.0,0.0,0.0,21.7,3.86,0.0
20230727:1730,0.0,0.0,0.0,0.0,0.0,21.51,3.72,0.0
20230727:1830,0.0,0.0,0.0,0.0,0.0,21.36,3.72,0.0
20230727:1930,0.0,0.0,0.0,0.0,0.0,21.78,3.79,0.0
20230727:2030,0.0,0.0,0.0,0.0,0.0,21.69,3.79,0.0
20230727:2130,0.0,0.0,0.0,0.0,0.0,21.7,3.79,0.0
20230727:2230,0.0,0.0,0.0,0.0,0.0,21.59,3.86,0.0
20230727:2330,0.0,0.0,0.0,0.0,0.0,21.6,3.79,0.0
20230728:0030,0.0,0.0,0.0,0.0,-2.88,21.46,3.66,0.0
20230728:0130,39.91,26.3,45.7,0.0,11.01,21.32,3.52,0.0
20230728:0230,169.08,94.35,130.95,0.0,25.07,21.69,3.03,0.0
20230728:0330,343.56,247.35,182.85,0.0,39.23,22.96,5.45,0.0
20230728:0430,418.34,283.7,240.0,0.0,53.4,24.41,5.79,0.0
20230728:0530,449.93,287.75,277.9,0.0,67.4,25.64,6.41,0.0
20230728:0630,454.78,362.3,207.65,0.0,80.18,26.38,6.69,0.0
20230728:0730,611.19,589.5,182.1,0.0,80.1,26.6,6.69,0.0
20230728:0830,594.49,520.6,233.2,0.0,67.29,27.32,6.97,0.0
20230728:0930,421.3,395.9,132.45,0.0,53.29,27.09,6.69,0.0
20230728:1030,254.25,200.7,125.7,0.0,39.13,26.88,6.28,0.0
20230728:1130,198.69,185.85,81.25,0.0,24.97,26.12,5.45,0.0
20230728:1230,47.65,42.4,45.0,0.0,10.9,25.47,4.83,0.0
20230728:1330,0.0,0.0,0.0,0.0,-2.98,24.57,4.21,0.0
20230728:1430,0.0,0.0,0.0,0.0,0.0,23.55,4.0,0.0
20230728:1530,0.0,0.0,0.0,0.0,0.0,22.76,3.79,0.0
20230728:1630,0.0,0.0,0.0,0.0,0.0,22.1,3.38,0.0
20230728:1730,0.0,0.0,0.0,0.0,0.0,21.63,3.1,0.0
20230728:1830,0.0,0.0,0.0,0.0,0.0,21.35,2.97,0.0
20230728:1930,0.0,0.0,0.0,0.0,0.0,21.25,3.17,0.0
20230728:2030,0.0,0.0,0.0,0.0,0.0,21.35,3.17,0.0
20230728:2130,0.0,0.0,0.0,0.0,0.0,21.36,3.17,0.0
20230728:2230,0.0,0.0,0.0,0.0,0.0,21.38,3.24,0.0
20230728:2330,0.0,0.0,0.0,0.0,0.0,21.35,3.17,0.0
20230729:0030,0.0,0.0,0.0,0.0,-2.93,21.18,3.1,0.0
20230729:0130,37.83,31.2,39.4,0.0,10.97,21.1,3.03,0.0
20230729:0230,178.24,100.85,135.7,0.0,25.06,21.61,2.9,0.0
20230729:0330,283.42,175.25,182.5,0.0,39.24,23.09,5.45,0.0
20230729:0430,392.18,232.7,259.35,0.0,53.42,24.16,5.52,0.0
20230729:0530,453.14,254.6,317.25,0.0,67.45,25.43,5.93,0.0
20230729:0630,559.82,490.35,216.25,0.0,80.34,26.08,5.86,0.0
20230729:0730,544.8,448.0,241.2,0.0,80.25,26.99,6.41,0.0
20230729:0830,434.17,337.05,210.35,0.0,67.34,27.29,6.48,0.0
20230729:0930,498.08,467.5,160.1,0.0,53.31,26.93,6.21,0.0
20230729:1030,341.41,283.95,150.25,0.0,39.12,27.03,6.07,0.0
20230729:1130,226.57,210.3,92.5,0.0,24.94,26.64,5.38,0.0
20230729:1230,47.61,43.0,44.75,0.0,10.86,26.05,4.69,0.0
20230729:1330,0.0,0.0,0.0,0.0,-3.04,24.96,4.07,0.0
20230729:1430,0.0,0.0,0.0,0.0,0.0,24.15,3.72,0.0
20230729:1530,0.0,0.0,0.0,0.0,0.0,23.24,3.45,0.0
20230729:1630,0.0,0.0,0.0,0.0,0.0,22.57,3.1,0.0
20230729:1730,0.0,0.0,0.0,0.0,0.0,21.93,2.9,0.0
20230729:1830,0.0,0.0,0.0,0.0,0.0,21.37,2.83,0.0
20230729:1930,0.0,0.0,0.0,0.0,0.0,20.87,2.76,0.0
20230729:2030,0.0,0.0,0.0,0.0,0.0,20.57,2.69,0.0
20230729:2130,0.0,0.0,0.0,0.0,0.0,20.4,2.69,0.0
20230729:2230,0.0,0.0,0.0,0.0,0.0,20.5,2.76,0.0
20230729:2330,0.0,0.0,0.0,0.0,0.0,20.75,2.83,0.0
20230730:0030,0.0,0.0,0.0,0.0,-2.98,21.1,2.9,0.0
20230730:0130,35.3,22.25,42.85,0.0,10.94,21.46,3.03,0.0
20230730:0230,174.42,107.3,125.05,0.0,25.04,22.0,3.1,0.0
20230730:0330,324.17,219.25,188.1,0.0,39.24,23.02,5.1,0.0
20230730:0430,374.44,202.0,269.5,0.0,53.45,24.37,5.31,0.0
20230730:0530,404.52,204.65,306.85,0.0,67.52,25.39,5.52,0.0
20230730:0630,419.23,123.4,412.05,0.0,80.5,26.11,5.72,0.0
20230730:0730,458.5,222.75,363.0,0.0,80.4,26.83,5.38,0.0
20230730:0830,543.29,445.0,247.4,0.0,67.39,27.41,5.59,0.0
20230730:0930,452.65,406.9,166.55,0.0,53.32,27.75,5.66,0.0
20230730:1030,283.46,213.15,151.6,0.0,39.11,27.71,5.45,0.0
20230730:1130,184.29,135.3,114.4,0.0,24.91,27.11,4.9,0.0
20230730:1230,50.38,29.8,58.2,0.0,10.81,26.35,4.28,0.0
20230730:1330,0.0,0.0,0.0,0.0,-3.11,25.24,3.72,0.0
20230730:1430,0.0,0.0,0.0,0.0,0.0,24.24,3.45,0.0
20230730:1530,0.0,0.0,0.0,0.0,0.0,23.46,3.31,0.0
20230730:1630,0.0,0.0,0.0,0.0,0.0,22.69,2.97,0.0
20230730:1730,0.0,0.0,0.0,0.0,0.0,22.13,2.83,0.0
20230730:1830,0.0,0.0,0.0,0.0,0.0,21.77,2.83,0.0
20230730:1930,0.0,0.0,0.0,0.0,0.0,21.61,3.45,0.0
20230730:2030,0.0,0.0,0.0,0.0,0.0,21.5,3.45,0.0
20230730:2130,0.0,0.0,0.0,0.0,0.0,21.31,3.24,0.0
20230730:2230,0.0,0.0,0.0,0.0,0.0,21.26,3.03,0.0
20230730:2330,0.0,0.0,0.0,0.0,0.0,21.37,2.97,0.0
20230731:0030,0.0,0.0,0.0,0.0,-3.03,21.52,3.03,0.0
20230731:0130,47.22,26.95,54.7,0.0,10.91,21.53,3.17,0.0
20230731:0230,216.66,152.9,131.95,0.0,25.03,22.03,3.1,0.0
20230731:0330,380.48,280.9,196.8,0.0,39.24,23.2,4.76,0.0
20230731:0430,467.83,348.8,238.45,0.0,53.48,24.46,5.24,0.0
20230731:0530,450.97,255.8,315.1,0.0,67.58,25.73,5.52,0.0
20230731:0630,488.64,288.55,333.25,0.0,80.66,26.6,5.59,0.0
20230731:0730,577.18,394.45,346.45,0.0,80.54,27.57,5.79,0.0
20230731:0830,559.58,436.4,282.0,0.0,67.43,28.38,5.72,0.0
20230731:0930,459.46,342.55,246.2,0.0,53.33,28.88,5.59,0.0
20230731:1030,291.14,214.9,161.55,0.0,39.09,28.74,5.31,0.0
20230731:1130,167.61,135.9,94.05,0.0,24.88,27.88,4.9,0.0
20230731:1230,48.32,45.5,44.25,0.0,10.76,26.86,4.48,0.0
20230731:1330,0.0,0.0,0.0,0.0,-3.17,25.53,4.21,0.0
20230731:1430,0.0,0.0,0.0,0.0,0.0,24.37,4.14,0.0
20230731:1530,0.0,0.0,0.0,0.0,0.0,23.54,3.93,0.0
20230731:1630,0.0,0.0,0.0,0.0,0.0,22.86,3.72,0.0
20230731:1730,0.0,0.0,0.0,0.0,0.0,22.59,3.45,0.0
20230731:1830,0.0,0.0,0.0,0.0,0.0,22.45,3.45,0.0
20230731:1930,0.0,0.0,0.0,0.0,0.0,22.27,3.1,0.0
20230731:2030,0.0,0.0,0.0,0.0,0.0,22.43,2.97,0.0
20230731:2130,0.0,0.0,0.0,0.0,0.0,22.27,3.1,0.0
20230731:2230,0.0,0.0,0.0,0.0,0.0,22.24,3.24,0.0
20230731:2330,0.0,0.0,0.0,0.0,0.0,22.29,3.72,0.0
20230801:0030,0.0,0.0,0.0,0.0,-3.08,22.1,3.52,0.0
20230801:0130,32.52,2.6,53.85,0.0,10.88,22.0,3.59,0.0
20230801:0230,146.41,39.9,157.25,0.0,25.02,22.35,3.31,0.0
20230801:0330,311.11,179.4,213.25,0.0,39.25,23.12,4.9,0.0
20230801:0430,455.41,327.75,241.45,0.0,53.51,24.23,5.93,0.0
20230801:0530,565.18,414.8,298.7,0.0,67.64,25.28,6.14,0.0
20230801:0630,567.12,466.95,250.85,0.0,80.83,26.27,6.0,0.0
20230801:0730,594.38,440.6,318.55,0.0,80.69,27.05,6.14,0.0
20230801:0830,465.23,263.9,329.5,0.0,67.47,27.68,6.21,0.0
20230801:0930,352.89,113.3,340.85,0.0,53.33,27.62,5.72,0.0
20230801:1030,247.95,82.45,240.55,0.0,39.08,27.22,5.52,0.0
20230801:1130,132.37,42.1,141.0,0.0,24.85,26.54,4.97,0.0
20230801:1230,39.71,10.25,58.6,0.0,10.71,25.78,4.34,0.0
20230801:1330,0.0,0.0,0.0,0.0,-3.25,24.93,4.14,0.0
20230801:1430,0.0,0.0,0.0,0.0,0.0,24.08,4.14,0.0
20230801:1530,0.0,0.0,0.0,0.0,0.0,23.3,3.86,0.0
20230801:1630,0.0,0.0,0.0,0.0,0.0,22.63,3.72,0.0
20230801:1730,0.0,0.0,0.0,0.0,0.0,22.11,3.66,0.0
20230801:1830,0.0,0.0,0.0,0.0,0.0,21.82,3.52,0.0
20230801:1930,0.0,0.0,0.0,0.0,0.0,21.48,3.72,0.0
20230801:2030,0.0,0.0,0.0,0.0,0.0,21.47,3.72,0.0
20230801:2130,0.0,0.0,0.0,0.0,0.0,21.28,3.66,0.0
20230801:2230,0.0,0.0,0.0,0.0,0.0,20.96,3.66,0.0
20230801:2330,0.0,0.0,0.0,0.0,0.0,20.97,3.59,0.0
20230802:0030,0.0,0.0,0.0,0.0,-3.12,21.02,3.52,0.0
20230802:0130,36.01,19.3,45.95,0.0,10.86,21.26,3.52,0.0
20230802:0230,192.22,128.75,124.95,0.0,25.01,21.88,4.07,0.0
20230802:0330,337.77,250.1,172.6,0.0,39.26,23.12,5.79,0.0
20230802:0430,390.68,217.0,273.6,0.0,53.54,24.52,6.07,0.0
20230802:0530,426.24,191.15,350.0,0.0,67.71,25.7,5.52,0.0
20230802:0630,574.76,402.9,330.4,0.0,80.99,26.59,5.79,0.0
20230802:0730,469.03,242.9,355.85,0.0,80.83,27.67,6.34,0.0
20230802:0830,417.49,193.15,340.9,0.0,67.51,27.91,6.21,0.0
20230802:0930,354.34,189.0,264.15,0.0,53.33,28.07,6.28,0.0
20230802:1030,279.41,166.4,194.65,0.0,39.06,27.99,5.86,0.0
20230802:1130,125.58,56.7,119.0,0.0,24.81,27.35,5.17,0.0
20230802:1230,50.92,23.55,63.6,0.0,10.65,26.32,4.28,0.0
20230802:1330,0.0,0.0,0.0,0.0,-3.32,25.16,4.07,0.0
20230802:1430,0.0,0.0,0.0,0.0,0.0,24.15,3.79,0.0
20230802:1530,0.0,0.0,0.0,0.0,0.0,23.34,3.79,0.0
20230802:1630,0.0,0.0,0.0,0.0,0.0,22.57,3.52,0.0
20230802:1730,0.0,0.0,0.0,0.0,0.0,22.09,3.31,0.0
20230802:1830,0.0,0.0,0.0,0.0,0.0,21.76,3.24,0.0
20230802:1930,0.0,0.0,0.0,0.0,0.0,21.41,3.31,0.0
20230802:2030,0.0,0.0,0.0,0.0,0.0,21.38,3.45,0.0
20230802:2130,0.0,0.0,0.0,0.0,0.0,21.33,3.52,0.0
20230802:2230,0.0,0.0,0.0,0.0,0.0,21.5,3.52,0.0
20230802:2330,0.0,0.0,0.0,0.0,0.0,21.77,3.79,0.0
20230803:0030,0.0,0.0,0.0,0.0,-3.17,22.0,4.0,0.0
20230803:0130,39.82,8.95,58.7,0.0,10.83,22.15,3.93,0.0
20230803:0230,156.37,63.8,145.85,0.0,25.0,22.4,3.66,0.0
20230803:0330,312.54,194.45,200.0,0.0,39.27,23.1,4.55,0.0
20230803:0430,408.04,260.9,250.45,0.0,53.57,24.19,5.52,0.0
20230803:0530,509.42,362.1,280.05,0.0,67.77,25.55,5.93,0.0
20230803:0630,617.84,548.9,237.2,0.0,81.15,26.72,6.07,0.0
20230803:0730,522.5,404.05,260.05,0.0,80.96,27.78,6.28,0.0
20230803:0830,484.71,382.45,232.75,0.0,67.54,28.09,6.34,0.0
20230803:0930,357.57,256.65,197.85,0.0,53.33,27.94,6.14,0.0
20230803:1030,348.05,299.05,143.75,0.0,39.03,27.03,5.72,0.0
20230803:1130,182.98,143.1,104.2,0.0,24.76,26.42,5.66,0.0
20230803:1230,49.54,40.15,49.55,0.0,10.59,25.56,4.48,0.0
20230803:1330,0.0,0.0,0.0,0.0,-3.4,24.58,4.28,0.0
20230803:1430,0.0,0.0,0.0,0.0,0.0,23.63,4.0,0.0
20230803:1530,0.0,0.0,0.0,0.0,0.0,22.87,3.59,0.0
20230803:1630,0.0,0.0,0.0,0.0,0.0,22.34,3.24,0.0
20230803:1730,0.0,0.0,0.0,0.0,0.0,21.88,3.1,0.0
20230803:1830,0.0,0.0,0.0,0.0,0.0,21.91,3.1,0.0
20230803:1930,0.0,0.0,0.0,0.0,0.0,22.07,3.03,0.0
20230803:2030,0.0,0.0,0.0,0.0,0.0,22.24,3.03,0.0
20230803:2130,0.0,0.0,0.0,0.0,0.0,22.22,2.97,0.0
20230803:2230,0.0,0.0,0.0,0.0,0.0,22.17,2.83,0.0
20230803:2330,0.0,0.0,0.0,0.0,0.0,22.16,2.69,0.0
20230804:0030,0.0,0.0,0.0,0.0,-3.21,22.23,2.69,0.0
20230804:0130,29.88,5.2,48.55,0.0,10.8,22.24,2.48,0.0
20230804:0230,171.51,103.8,125.75,0.0,24.99,22.5,2.69,0.0
20230804:0330,310.57,253.25,137.7,0.0,39.28,23.54,4.69,0.0
20230804:0430,406.17,364.5,140.7,0.0,53.6,24.36,5.52,0.0
20230804:0530,554.8,495.1,202.15,0.0,67.84,25.28,5.79,0.0
20230804:0630,630.8,588.75,212.2,0.0,81.32,26.35,6.07,0.0
20230804:0730,559.22,489.65,219.1,0.0,81.09,27.16,6.14,0.0
20230804:0830,452.75,372.9,199.1,0.0,67.56,27.47,6.0,0.0
20230804:0930,447.0,397.55,168.25,0.0,53.32,27.45,5.52,0.0
20230804:1030,344.91,313.2,126.05,0.0,39.0,27.33,5.59,0.0
20230804:1130,169.93,145.9,86.3,0.0,24.72,26.69,4.41,0.0
20230804:1230,44.28,36.8,45.35,0.0,10.53,25.61,3.86,0.0
20230804:1330,0.0,0.0,0.0,0.0,-3.48,24.78,3.59,0.0
20230804:1430,0.0,0.0,0.0,0.0,0.0,23.91,3.24,0.0
20230804:1530,0.0,0.0,0.0,0.0,0.0,23.36,3.17,0.0
20230804:1630,0.0,0.0,0.0,0.0,0.0,22.53,2.97,0.0
20230804:1730,0.0,0.0,0.0,0.0,0.0,21.87,2.76,0.0
20230804:1830,0.0,0.0,0.0,0.0,0.0,21.26,2.62,0.0
20230804:1930,0.0,0.0,0.0,0.0,0.0,21.2,3.1,0.0
20230804:2030,0.0,0.0,0.0,0.0,0.0,21.11,3.31,0.0
20230804:2130,0.0,0.0,0.0,0.0,0.0,21.2,3.17,0.0
20230804:2230,0.0,0.0,0.0,0.0,0.0,21.49,2.9,0.0
20230804:2330,0.0,0.0,0.0,0.0,0.0,21.65,2.76,0.0
20230805:0030,0.0,0.0,0.0,0.0,-3.26,21.63,3.03,0.0
20230805:0130,43.04,17.6,56.4,0.0,10.78,21.65,3.03,0.0
20230805:0230,191.16,128.75,123.85,0.0,24.99,21.84,3.72,0.0
20230805:0330,280.02,187.2,166.1,0.0,39.29,22.9,5.03,0.0
20230805:0430,303.97,154.45,229.8,0.0,53.63,24.14,5.1,0.0
20230805:0530,349.92,143.0,301.35,0.0,67.9,24.97,4.83,0.0
20230805:0630,530.34,383.15,291.6,0.0,81.49,25.91,4.83,0.0
20230805:0730,481.56,362.9,248.95,0.0,81.21,26.84,4.97,0.0
20230805:0830,536.77,380.1,308.8,0.0,67.59,27.32,4.9,0.0
20230805:0930,417.01,254.8,279.45,0.0,53.31,27.89,5.03,0.0
20230805:1030,273.11,188.65,164.55,0.0,38.97,27.69,4.69,0.0
20230805:1130,151.93,83.0,125.6,0.0,24.67,26.69,4.21,0.0
20230805:1230,28.12,14.45,40.25,0.0,10.46,25.74,3.66,0.0
20230805:1330,0.0,0.0,0.0,0.0,-3.57,24.9,3.45,0.0
20230805:1430,0.0,0.0,0.0,0.0,0.0,23.93,3.17,0.0
20230805:1530,0.0,0.0,0.0,0.0,0.0,23.24,3.1,0.0
20230805:1630,0.0,0.0,0.0,0.0,0.0,22.7,2.9,0.0
20230805:1730,0.0,0.0,0.0,0.0,0.0,22.25,2.83,0.0
20230805:1830,0.0,0.0,0.0,0.0,0.0,22.12,2.69,0.0
20230805:1930,0.0,0.0,0.0,0.0,0.0,21.92,2.69,0.0
20230805:2030,0.0,0.0,0.0,0.0,0.0,21.79,2.62,0.0
20230805:2130,0.0,0.0,0.0,0.0,0.0,21.67,2.48,0.0
20230805:2230,0.0,0.0,0.0,0.0,0.0,21.45,2.28,0.0
20230805:2330,0.0,0.0,0.0,0.0,0.0,21.4,2.28,0.0
20230806:0030,0.0,0.0,0.0,0.0,-3.3,21.44,2.34,0.0
20230806:0130,40.57,21.45,50.35,0.0,10.76,21.21,2.28,0.0
20230806:0230,195.5,123.05,135.45,0.0,24.99,21.78,2.62,0.0
20230806:0330,309.59,178.65,213.35,0.0,39.31,23.02,3.93,0.0
20230806:0430,415.47,202.95,325.25,0.0,53.67,24.56,4.0,0.0
20230806:0530,430.45,233.65,316.05,0.0,67.97,25.97,4.07,0.0
20230806:0630,563.86,493.45,229.2,0.0,81.65,26.68,4.21,0.0
20230806:0730,576.58,498.8,244.55,0.0,81.33,27.61,4.34,0.0
20230806:0830,612.53,626.8,164.6,0.0,67.6,28.06,4.41,0.0
20230806:0930,406.86,322.2,198.75,0.0,53.3,28.69,4.76,0.0
20230806:1030,326.14,298.95,119.85,0.0,38.94,27.96,4.41,0.0
20230806:1130,190.01,154.05,103.2,0.0,24.62,26.99,5.17,0.0
20230806:1230,36.57,31.85,39.1,0.0,10.39,25.98,4.28,0.0
20230806:1330,0.0,0.0,0.0,0.0,-3.66,25.03,3.72,0.0
20230806:1430,0.0,0.0,0.0,0.0,0.0,24.23,3.31,0.0
20230806:1530,0.0,0.0,0.0,0.0,0.0,23.5,3.03,0.0
20230806:1630,0.0,0.0,0.0,0.0,0.0,22.86,2.9,0.0
20230806:1730,0.0,0.0,0.0,0.0,0.0,22.36,2.62,0.0
20230806:1830,0.0,0.0,0.0,0.0,0.0,21.99,2.48,0.0
20230806:1930,0.0,0.0,0.0,0.0,0.0,22.09,2.9,0.0
20230806:2030,0.0,0.0,0.0,0.0,0.0,21.9,2.62,0.0
20230806:2130,0.0,0.0,0.0,0.0,0.0,21.85,2.55,0.0
20230806:2230,0.0,0.0,0.0,0.0,0.0,21.79,2.34,0.0
20230806:2330,0.0,0.0,0.0,0.0,0.0,21.61,2.21,0.0
20230807:0030,0.0,0.0,0.0,0.0,-3.34,21.63,2.34,0.0
20230807:0130,30.86,7.6,48.0,0.0,10.74,21.73,2.34,0.0
20230807:0230,195.86,150.15,109.35,0.0,24.98,22.07,3.1,0.0
20230807:0330,278.25,158.1,195.35,0.0,39.32,23.19,4.14,0.0
20230807:0430,251.16,49.95,274.8,0.0,53.7,24.53,3.86,0.0
20230807:0530,482.65,345.95,267.0,0.0,68.04,25.31,4.07,0.0
20230807:0630,591.41,450.1,312.55,0.0,81.81,26.75,4.41,0.0
20230807:0730,633.3,559.25,265.05,0.0,81.44,27.87,4.28,0.0
20230807:0830,575.17,511.95,233.2,0.0,67.61,28.57,4.34,0.0
20230807:0930,461.54,365.45,228.8,0.0,53.28,28.87,4.48,0.0
20230807:1030,321.54,238.75,177.35,0.0,38.9,28.71,4.41,0.0
20230807:1130,167.37,107.15,122.75,0.0,24.56,28.26,4.28,0.0
20230807:1230,38.84,25.15,47.4,0.0,10.32,27.51,3.79,0.0
20230807:1330,0.0,0.0,0.0,0.0,-3.75,26.31,3.31,0.0
20230807:1430,0.0,0.0,0.0,0.0,0.0,25.28,3.38,0.0
20230807:1530,0.0,0.0,0.0,0.0,0.0,24.15,3.31,0.0
20230807:1630,0.0,0.0,0.0,0.0,0.0,23.26,3.03,0.0
20230807:1730,0.0,0.0,0.0,0.0,0.0,22.56,2.83,0.0
20230807:1830,0.0,0.0,0.0,0.0,0.0,21.95,2.62,0.0
20230807:1930,0.0,0.0,0.0,0.0,0.0,21.58,2.55,0.0
20230807:2030,0.0,0.0,0.0,0.0,0.0,21.26,2.48,0.0
20230807:2130,0.0,0.0,0.0,0.0,0.0,21.17,2.41,0.0
20230807:2230,0.0,0.0,0.0,0.0,0.0,20.92,2.28,0.0
20230807:2330,0.0,0.0,0.0,0.0,0.0,20.89,2.28,0.0
20230808:0030,0.0,0.0,0.0,0.0,-3.38,21.1,2.41,0.0
20230808:0130,31.57,4.5,51.1,0.0,10.72,21.25,2.41,0.0
20230808:0230,140.17,62.55,127.0,0.0,24.98,21.73,3.45,0.0
20230808:0330,268.08,124.6,216.8,0.0,39.34,22.8,3.93,0.0
20230808:0430,306.25,88.35,303.6,0.0,53.74,24.41,3.93,0.0
20230808:0530,458.91,356.85,223.7,0.0,68.1,25.25,4.0,0.0
20230808:0630,452.13,327.05,246.7,0.0,81.97,26.18,4.41,0.0
20230808:0730,596.74,465.15,311.3,0.0,81.54,27.08,3.66,0.0
20230808:0830,339.2,219.55,218.1,0.0,67.62,28.31,3.31,0.0
20230808:0930,420.3,325.15,209.05,0.0,53.25,26.45,4.21,0.0
20230808:1030,214.78,102.3,177.3,0.0,38.85,25.25,4.14,0.0
20230808:1130,176.73,132.15,107.2,0.0,24.5,25.23,3.59,0.0
20230808:1230,29.6,17.15,40.35,0.0,10.24,25.28,3.52,0.0
20230808:1330,0.0,0.0,0.0,0.0,-3.85,24.57,2.69,0.0
20230808:1430,0.0,0.0,0.0,0.0,0.0,23.73,2.48,0.0
20230808:1530,0.0,0.0,0.0,0.0,0.0,23.08,2.41,0.0
20230808:1630,0.0,0.0,0.0,0.0,0.0,22.45,2.21,0.0
20230808:1730,0.0,0.0,0.0,0.0,0.0,21.94,2.0,0.0
20230808:1830,0.0,0.0,0.0,0.0,0.0,21.48,2.07,0.0
20230808:1930,0.0,0.0,0.0,0.0,0.0,21.47,2.14,0.0
20230808:2030,0.0,0.0,0.0,0.0,0.0,21.13,2.14,0.0
20230808:2130,0.0,0.0,0.0,0.0,0.0,20.88,2.14,0.0
20230808:2230,0.0,0.0,0.0,0.0,0.0,20.57,2.07,0.0
20230808:2330,0.0,0.0,0.0,0.0,0.0,20.31,2.14,0.0
20230809:0030,0.0,0.0,0.0,0.0,-3.41,20.12,2.07,0.0
20230809:0130,58.99,43.85,56.85,0.0,10.7,19.99,1.93,0.0
20230809:0230,217.44,155.5,129.15,0.0,24.98,20.85,2.83,0.0
20230809:0330,364.75,266.8,194.45,0.0,39.36,22.68,2.9,0.0
20230809:0430,467.51,342.25,252.1,0.0,53.78,24.36,3.24,0.0
20230809:0530,520.39,403.9,265.15,0.0,68.17,25.75,3.1,0.0
20230809:0630,682.63,714.5,183.6,0.0,82.13,26.66,3.03,0.0
20230809:0730,611.69,621.85,180.8,0.0,81.63,28.33,3.03,0.0
20230809:0830,582.23,536.25,229.85,0.0,67.62,28.88,2.97,0.0
20230809:0930,388.02,335.4,168.6,0.0,53.22,29.47,2.62,0.0
20230809:1030,277.16,220.15,139.65,0.0,38.8,27.99,3.38,0.0
20230809:1130,156.53,110.2,104.1,0.0,24.43,25.59,3.72,0.0
20230809:1230,45.83,39.0,46.35,0.0,10.16,25.65,2.83,0.0
20230809:1330,0.0,0.0,0.0,0.0,-3.95,25.18,2.14,0.0
20230809:1430,0.0,0.0,0.0,0.0,0.0,24.34,2.28,0.0
20230809:1530,0.0,0.0,0.0,0.0,0.0,23.72,1.93,0.0
20230809:1630,0.0,0.0,0.0,0.0,0.0,23.11,1.72,0.0
20230809:1730,0.0,0.0,0.0,0.0,0.0,22.74,1.72,0.0
20230809:1830,0.0,0.0,0.0,0.0,0.0,22.34,1.86,0.0
20230809:1930,0.0,0.0,0.0,0.0,0.0,22.04,2.21,0.0
20230809:2030,0.0,0.0,0.0,0.0,0.0,21.75,2.14,0.0
20230809:2130,0.0,0.0,0.0,0.0,0.0,21.6,1.93,0.0
20230809:2230,0.0,0.0,0.0,0.0,0.0,21.35,1.72,0.0
20230809:2330,0.0,0.0,0.0,0.0,0.0,21.45,1.59,0.0
20230810:0030,0.0,0.0,0.0,0.0,-3.45,21.28,1.24,0.0
20230810:0130,41.06,11.3,58.55,0.0,10.69,21.28,0.97,0.0
20230810:0230,163.2,79.95,139.25,0.0,24.99,21.86,1.38,0.0
20230810:0330,339.42,188.3,246.2,0.0,39.38,22.97,1.86,0.0
20230810:0430,464.64,328.75,269.3,0.0,53.81,24.7,2.14,0.0
20230810:0530,531.57,400.95,292.55,0.0,68.24,26.21,2.21,0.0
20230810:0630,567.59,473.35,274.4,0.0,82.29,27.26,2.14,0.0
20230810:0730,636.41,576.85,279.45,0.0,81.72,28.34,1.93,0.0
20230810:0830,482.86,304.9,332.2,0.0,67.62,29.12,2.34,0.0
20230810:0930,369.97,225.55,259.8,0.0,53.19,28.87,1.86,0.0
20230810:1030,235.43,109.0,201.0,0.0,38.75,28.11,3.31,0.0
20230810:1130,131.35,55.4,127.0,0.0,24.37,25.97,3.31,0.0
20230810:1230,32.28,12.65,47.3,0.0,10.07,25.55,3.31,0.0
20230810:1330,0.0,0.0,0.0,0.0,-4.05,24.88,2.21,0.0
20230810:1430,0.0,0.0,0.0,0.0,0.0,24.22,2.0,0.0
20230810:1530,0.0,0.0,0.0,0.0,0.0,23.54,1.86,0.0
20230810:1630,0.0,0.0,0.0,0.0,0.0,23.09,1.72,0.0
20230810:1730,0.0,0.0,0.0,0.0,0.0,22.64,1.59,0.0
20230810:1830,0.0,0.0,0.0,0.0,0.0,22.23,1.52,0.0
20230810:1930,0.0,0.0,0.0,0.0,0.0,22.17,1.79,0.0
20230810:2030,0.0,0.0,0.0,0.0,0.0,21.86,1.79,0.0
20230810:2130,0.0,0.0,0.0,0.0,0.0,21.5,1.66,0.0
20230810:2230,0.0,0.0,0.0,0.0,0.0,21.12,1.45,0.0
20230810:2330,0.0,0.0,0.0,0.0,0.0,20.69,1.31,0.0
20230811:0030,0.0,0.0,0.0,0.0,-3.48,20.43,1.24,0.0
20230811:0130,53.03,21.65,65.8,0.0,10.68,20.15,1.31,0.0
20230811:0230,207.95,129.5,145.45,0.0,24.99,21.45,1.31,0.0
20230811:0330,393.21,330.5,173.1,0.0,39.4,22.97,1.38,0.0
20230811:0430,534.59,483.85,212.55,0.0,53.85,24.66,1.52,0.0
20230811:0530,587.3,550.65,220.55,0.0,68.3,26.37,2.07,0.0
20230811:0630,599.68,546.6,248.55,0.0,82.44,27.59,2.07,0.0
20230811:0730,540.1,506.25,204.35,0.0,81.79,28.5,2.14,0.0
20230811:0830,506.89,403.65,264.2,0.0,67.61,28.93,2.21,0.0
20230811:0930,426.43,340.7,218.15,0.0,53.15,29.25,2.07,0.0
20230811:1030,321.67,239.1,183.0,0.0,38.7,29.21,2.28,0.0
20230811:1130,174.47,113.15,127.9,0.0,24.29,29.06,2.55,0.0
20230811:1230,38.14,8.5,58.6,0.0,9.99,27.58,2.21,0.0
20230811:1330,0.0,0.0,0.0,0.0,-4.16,26.63,2.41,0.0
20230811:1430,0.0,0.0,0.0,0.0,0.0,25.8,2.69,0.0
20230811:1530,0.0,0.0,0.0,0.0,0.0,25.07,2.55,0.0
20230811:1630,0.0,0.0,0.0,0.0,0.0,24.28,2.34,0.0
20230811:1730,0.0,0.0,0.0,0.0,0.0,23.7,2.21,0.0
20230811:1830,0.0,0.0,0.0,0.0,0.0,23.28,2.07,0.0
20230811:1930,0.0,0.0,0.0,0.0,0.0,22.96,2.07,0.0
20230811:2030,0.0,0.0,0.0,0.0,0.0,22.5,1.79,0.0
20230811:2130,0.0,0.0,0.0,0.0,0.0,22.16,1.66,0.0
20230811:2230,0.0,0.0,0.0,0.0,0.0,21.91,1.38,0.0
20230811:2330,0.0,0.0,0.0,0.0,0.0,21.7,1.31,0.0
20230812:0030,0.0,0.0,0.0,0.0,-3.51,21.48,1.52,0.0
20230812:0130,38.34,18.85,49.5,0.0,10.66,21.26,1.59,0.0
20230812:0230,139.77,79.3,110.75,0.0,24.99,21.82,2.21,0.0
20230812:0330,336.04,247.7,178.85,0.0,39.42,22.79,2.34,0.0
20230812:0430,512.5,473.05,184.35,0.0,53.89,24.58,2.34,0.0
20230812:0530,599.29,607.0,171.3,0.0,68.37,26.31,2.83,0.0
20230812:0630,601.63,541.65,243.75,0.0,82.59,27.61,3.31,0.0
20230812:0730,637.72,621.4,217.7,0.0,81.85,28.49,3.38,0.0
20230812:0830,588.82,579.45,190.75,0.0,67.59,29.23,3.59,0.0
20230812:0930,487.64,471.6,159.1,0.0,53.11,29.49,3.86,0.0
20230812:1030,349.14,307.5,145.0,0.0,38.64,29.4,4.07,0.0
20230812:1130,188.13,151.75,105.9,0.0,24.22,28.56,4.21,0.0
20230812:1230,22.0,16.05,31.3,0.0,9.89,27.43,3.79,0.0
20230812:1330,0.0,0.0,0.0,0.0,-4.27,26.19,3.03,0.0
20230812:1430,0.0,0.0,0.0,0.0,0.0,25.18,2.9,0.0
20230812:1530,0.0,0.0,0.0,0.0,0.0,24.45,2.83,0.0
20230812:1630,0.0,0.0,0.0,0.0,0.0,23.94,2.62,0.0
20230812:1730,0.0,0.0,0.0,0.0,0.0,23.19,2.34,0.0
20230812:1830,0.0,0.0,0.0,0.0,0.0,22.61,2.21,0.0
20230812:1930,0.0,0.0,0.0,0.0,0.0,22.27,2.41,0.0
20230812:2030,0.0,0.0,0.0,0.0,0.0,21.85,2.28,0.0
20230812:2130,0.0,0.0,0.0,0.0,0.0,21.42,2.14,0.0
20230812:2230,0.0,0.0,0.0,0.0,0.0,20.95,1.93,0.0
20230812:2330,0.0,0.0,0.0,0.0,0.0,20.54,1.86,0.0
20230813:0030,0.0,0.0,0.0,0.0,-3.54,20.4,1.93,0.0
20230813:0130,49.62,27.4,57.3,0.0,10.65,20.15,1.86,0.0
20230813:0230,188.23,95.7,152.2,0.0,25.0,20.84,2.69,0.0
20230813:0330,352.83,241.05,204.5,0.0,39.44,22.21,2.9,0.0
20230813:0430,418.42,219.4,313.25,0.0,53.93,24.08,3.24,0.0
20230813:0530,408.43,217.5,305.3,0.0,68.43,25.75,3.38,0.0
20230813:0630,582.54,568.0,185.35,0.0,82.73,26.93,3.31,0.0
20230813:0730,639.89,637.85,200.5,0.0,81.9,27.81,3.38,0.0
20230813:0830,627.11,609.3,213.5,0.0,67.57,28.6,3.59,0.0
20230813:0930,446.06,401.5,173.35,0.0,53.07,28.95,3.72,0.0
20230813:1030,271.34,228.35,123.6,0.0,38.58,28.24,3.86,0.0
20230813:1130,145.4,92.1,109.95,0.0,24.14,27.4,3.52,0.0
20230813:1230,30.82,25.9,36.5,0.0,9.8,26.74,3.1,0.0
20230813:1330,0.0,0.0,0.0,0.0,-4.39,25.56,2.55,0.0
20230813:1430,0.0,0.0,0.0,0.0,0.0,24.86,2.55,0.0
20230813:1530,0.0,0.0,0.0,0.0,0.0,24.09,2.69,0.0
20230813:1630,0.0,0.0,0.0,0.0,0.0,23.48,2.62,0.0
20230813:1730,0.0,0.0,0.0,0.0,0.0,22.77,2.48,0.0
20230813:1830,0.0,0.0,0.0,0.0,0.0,22.17,2.28,0.0
20230813:1930,0.0,0.0,0.0,0.0,0.0,21.86,2.28,0.0
20230813:2030,0.0,0.0,0.0,0.0,0.0,21.45,2.0,0.0
20230813:2130,0.0,0.0,0.0,0.0,0.0,20.96,1.86,0.0
20230813:2230,0.0,0.0,0.0,0.0,0.0,20.59,1.86,0.0
20230813:2330,0.0,0.0,0.0,0.0,0.0,20.51,1.72,0.0
20230814:0030,0.0,0.0,0.0,0.0,-3.57,20.44,1.66,0.0
20230814:0130,39.81,10.75,57.1,0.0,10.64,20.46,1.52,0.0
20230814:0230,156.68,56.05,153.35,0.0,25.01,20.87,1.86,0.0
20230814:0330,370.64,238.9,229.35,0.0,39.46,21.63,2.55,0.0
20230814:0430,520.26,418.0,250.05,0.0,53.97,23.88,2.34,0.0
20230814:0530,648.8,630.6,226.3,0.0,68.49,25.61,2.14,0.0
20230814:0630,563.29,428.6,311.0,0.0,82.86,27.33,2.55,0.0
20230814:0730,527.0,332.8,357.2,0.0,81.94,28.13,3.1,0.0
20230814:0830,485.87,317.25,315.8,0.0,67.54,28.57,3.31,0.0
20230814:0930,473.65,371.2,244.55,0.0,53.01,28.94,3.38,0.0
20230814:1030,315.95,264.45,146.3,0.0,38.51,29.1,3.52,0.0
20230814:1130,160.14,133.05,89.7,0.0,24.06,28.67,3.72,0.0
20230814:1230,39.64,34.7,42.5,0.0,9.7,27.77,3.52,0.0
20230814:1330,0.0,0.0,0.0,0.0,-4.5,26.3,3.38,0.0
20230814:1430,0.0,0.0,0.0,0.0,0.0,25.08,3.31,0.0
20230814:1530,0.0,0.0,0.0,0.0,0.0,24.09,3.17,0.0
20230814:1630,0.0,0.0,0.0,0.0,0.0,23.26,2.9,0.0
20230814:1730,0.0,0.0,0.0,0.0,0.0,22.59,2.76,0.0
20230814:1830,0.0,0.0,0.0,0.0,0.0,21.9,2.55,0.0
20230814:1930,0.0,0.0,0.0,0.0,0.0,21.49,2.62,0.0
20230814:2030,0.0,0.0,0.0,0.0,0.0,21.12,2.41,0.0
20230814:2130,0.0,0.0,0.0,0.0,0.0,20.77,2.34,0.0
20230814:2230,0.0,0.0,0.0,0.0,0.0,20.54,2.28,0.0
20230814:2330,0.0,0.0,0.0,0.0,0.0,20.45,2.07,0.0
20230815:0030,0.0,0.0,0.0,0.0,-3.6,20.24,1.79,0.0
20230815:0130,43.11,17.2,56.5,0.0,10.64,20.09,1.79,0.0
20230815:0230,210.4,149.25,127.05,0.0,25.02,20.29,1.79,0.0
20230815:0330,412.95,356.55,165.4,0.0,39.49,21.64,2.14,0.0
20230815:0430,567.72,525.35,205.45,0.0,54.01,23.69,2.34,0.0
20230815:0530,675.67,691.0,197.6,0.0,68.56,25.72,2.69,0.0
20230815:0630,720.98,753.5,207.55,0.0,82.99,27.35,2.97,0.0
20230815:0730,706.69,752.95,192.7,0.0,81.96,28.79,3.03,0.0
20230815:0830,659.39,695.1,181.25,0.0,67.5,29.56,3.24,0.0
20230815:0930,544.34,525.75,188.5,0.0,52.96,29.93,3.31,0.0
20230815:1030,382.19,321.45,177.85,0.0,38.44,29.99,3.45,0.0
20230815:1130,201.39,149.25,127.25,0.0,23.97,29.69,3.38,0.0
20230815:1230,48.05,33.95,54.55,0.0,9.6,28.85,3.1,0.0
20230815:1330,0.0,0.0,0.0,0.0,-4.62,26.99,3.17,0.0
20230815:1430,0.0,0.0,0.0,0.0,0.0,25.37,3.45,0.0
20230815:1530,0.0,0.0,0.0,0.0,0.0,24.21,3.52,0.0
20230815:1630,0.0,0.0,0.0,0.0,0.0,23.26,3.17,0.0
20230815:1730,0.0,0.0,0.0,0.0,0.0,22.53,2.83,0.0
20230815:1830,0.0,0.0,0.0,0.0,0.0,21.83,2.48,0.0
20230815:1930,0.0,0.0,0.0,0.0,0.0,21.32,2.34,0.0
20230815:2030,0.0,0.0,0.0,0.0,0.0,20.97,2.21,0.0
20230815:2130,0.0,0.0,0.0,0.0,0.0,20.65,2.14,0.0
20230815:2230,0.0,0.0,0.0,0.0,0.0,20.37,2.28,0.0
20230815:2330,0.0,0.0,0.0,0.0,0.0,20.33,2.28,0.0
20230816:0030,0.0,0.0,0.0,0.0,-3.62,20.1,2.28,0.0
20230816:0130,49.56,34.55,51.95,0.0,10.63,19.93,2.07,0.0
20230816:0230,250.16,222.75,104.05,0.0,25.03,20.4,1.93,0.0
20230816:0330,445.86,439.6,125.4,0.0,39.51,22.12,2.14,0.0
20230816:0430,591.98,622.0,142.45,0.0,54.05,24.21,2.34,0.0
20230816:0530,689.14,754.85,155.45,0.0,68.62,26.21,2.62,0.0
20230816:0630,735.25,831.85,153.35,0.0,83.11,27.79,2.83,0.0
20230816:0730,718.29,807.95,159.05,0.0,81.97,29.15,2.83,0.0
20230816:0830,631.28,663.35,174.15,0.0,67.46,29.99,3.17,0.0
20230816:0930,427.63,339.75,218.15,0.0,52.9,30.55,3.45,0.0
20230816:1030,333.55,266.5,169.35,0.0,38.36,30.25,3.72,0.0
20230816:1130,171.87,137.7,101.0,0.0,23.88,29.7,3.93,0.0
20230816:1230,34.8,32.45,38.1,0.0,9.49,28.62,3.79,0.0
20230816:1330,0.0,0.0,0.0,0.0,-4.75,27.14,3.72,0.0
20230816:1430,0.0,0.0,0.0,0.0,0.0,25.85,3.72,0.0
20230816:1530,0.0,0.0,0.0,0.0,0.0,24.81,3.59,0.0
20230816:1630,0.0,0.0,0.0,0.0,0.0,23.93,3.31,0.0
20230816:1730,0.0,0.0,0.0,0.0,0.0,23.13,2.97,0.0
20230816:1830,0.0,0.0,0.0,0.0,0.0,22.67,2.69,0.0
20230816:1930,0.0,0.0,0.0,0.0,0.0,21.99,2.62,0.0
20230816:2030,0.0,0.0,0.0,0.0,0.0,21.63,2.62,0.0
20230816:2130,0.0,0.0,0.0,0.0,0.0,21.51,2.69,0.0
20230816:2230,0.0,0.0,0.0,0.0,0.0,21.5,2.69,0.0
20230816:2330,0.0,0.0,0.0,0.0,0.0,21.42,2.55,0.0
20230817:0030,0.0,0.0,0.0,0.0,-3.65,21.38,2.69,0.0
20230817:0130,43.8,28.95,49.05,0.0,10.62,20.96,2.34,0.0
20230817:0230,222.78,175.1,117.3,0.0,25.04,21.44,2.76,0.0
20230817:0330,417.29,369.6,155.8,0.0,39.54,22.97,3.52,0.0
20230817:0430,526.03,472.55,194.65,0.0,54.09,24.93,4.0,0.0
20230817:0530,577.53,503.65,237.75,0.0,68.67,26.54,4.21,0.0
20230817:0630,632.52,548.3,276.25,0.0,83.22,27.46,3.93,0.0
20230817:0730,626.99,613.35,201.2,0.0,81.97,28.4,4.34,0.0
20230817:0830,577.6,572.15,174.25,0.0,67.41,28.87,4.48,0.0
20230817:0930,445.07,395.1,175.7,0.0,52.83,28.97,4.55,0.0
20230817:1030,365.38,327.2,143.45,0.0,38.28,28.63,4.55,0.0
20230817:1130,135.42,82.3,107.75,0.0,23.79,28.24,4.34,0.0
20230817:1230,37.25,23.85,47.1,0.0,9.38,27.57,3.93,0.0
20230817:1330,0.0,0.0,0.0,0.0,-4.87,26.6,3.72,0.0
20230817:1430,0.0,0.0,0.0,0.0,0.0,25.51,3.52,0.0
20230817:1530,0.0,0.0,0.0,0.0,0.0,24.58,3.38,0.0
20230817:1630,0.0,0.0,0.0,0.0,0.0,23.77,3.17,0.0
20230817:1730,0.0,0.0,0.0,0.0,0.0,23.06,2.83,0.0
20230817:1830,0.0,0.0,0.0,0.0,0.0,22.51,2.62,0.0
20230817:1930,0.0,0.0,0.0,0.0,0.0,22.11,2.76,0.0
20230817:2030,0.0,0.0,0.0,0.0,0.0,21.72,2.55,0.0
20230817:2130,0.0,0.0,0.0,0.0,0.0,21.38,2.41,0.0
20230817:2230,0.0,0.0,0.0,0.0,0.0,21.15,2.34,0.0
20230817:2330,0.0,0.0,0.0,0.0,0.0,20.92,2.34,0.0
20230818:0030,0.0,0.0,0.0,0.0,-3.67,20.76,2.41,0.0
20230818:0130,44.3,10.65,62.9,0.0,10.62,20.59,2.28,0.0
20230818:0230,178.58,84.0,152.35,0.0,25.05,21.33,2.83,0.0
20230818:0330,346.76,194.55,244.05,0.0,39.56,22.76,3.59,0.0
20230818:0430,415.48,220.25,306.15,0.0,54.13,24.54,4.34,0.0
20230818:0530,466.8,254.6,340.75,0.0,68.73,25.93,4.62,0.0
20230818:0630,641.75,511.9,318.65,0.0,83.32,26.9,4.76,0.0
20230818:0730,594.14,481.35,285.45,0.0,81.95,28.05,5.03,0.0
20230818:0830,544.17,420.45,280.6,0.0,67.36,28.63,5.17,0.0
20230818:0930,423.72,298.6,244.95,0.0,52.76,28.97,5.38,0.0
20230818:1030,346.55,256.55,190.05,0.0,38.2,28.74,5.45,0.0
20230818:1130,168.2,108.3,122.95,0.0,23.69,28.32,5.45,0.0
20230818:1230,33.56,14.9,48.25,0.0,9.27,27.33,4.83,0.0
20230818:1330,0.0,0.0,0.0,0.0,-5.0,26.01,4.34,0.0
20230818:1430,0.0,0.0,0.0,0.0,0.0,24.89,4.07,0.0
20230818:1530,0.0,0.0,0.0,0.0,0.0,24.14,3.79,0.0
20230818:1630,0.0,0.0,0.0,0.0,0.0,23.35,3.45,0.0
20230818:1730,0.0,0.0,0.0,0.0,0.0,22.73,3.31,0.0
20230818:1830,0.0,0.0,0.0,0.0,0.0,22.5,3.45,0.0
20230818:1930,0.0,0.0,0.0,0.0,0.0,22.21,3.31,0.0
20230818:2030,0.0,0.0,0.0,0.0,0.0,21.92,3.17,0.0
20230818:2130,0.0,0.0,0.0,0.0,0.0,21.74,3.24,0.0
20230818:2230,0.0,0.0,0.0,0.0,0.0,21.69,3.24,0.0
20230818:2330,0.0,0.0,0.0,0.0,0.0,21.55,3.1,0.0
20230819:0030,0.0,0.0,0.0,0.0,-3.69,21.54,3.03,0.0
20230819:0130,48.27,23.1,59.1,0.0,10.62,21.5,2.9,0.0
20230819:0230,144.64,73.05,122.15,0.0,25.06,22.1,4.14,0.0
20230819:0330,272.69,186.65,158.3,0.0,39.59,23.18,4.76,0.0
20230819:0430,399.16,271.95,228.35,0.0,54.17,24.31,5.24,0.0
20230819:0530,502.18,385.5,249.1,0.0,68.78,25.49,4.97,0.0
20230819:0630,515.89,446.75,206.3,0.0,83.4,26.5,5.1,0.0
20230819:0730,597.34,548.7,214.4,0.0,81.92,26.98,5.17,0.0
20230819:0830,370.26,226.3,245.4,0.0,67.3,27.58,5.45,0.0
20230819:0930,238.24,104.75,202.3,0.0,52.69,25.98,5.79,0.0
20230819:1030,205.44,97.45,170.25,0.0,38.11,25.39,5.45,0.0
20230819:1130,100.59,28.9,114.1,0.0,23.59,25.09,5.45,0.0
20230819:1230,18.66,4.5,34.35,0.0,9.16,24.53,4.62,0.0
20230819:1330,0.0,0.0,0.0,0.0,-5.14,23.86,4.14,0.0
20230819:1430,0.0,0.0,0.0,0.0,0.0,23.12,3.59,0.0
20230819:1530,0.0,0.0,0.0,0.0,0.0,22.67,3.17,0.0
20230819:1630,0.0,0.0,0.0,0.0,0.0,22.3,2.9,0.0
20230819:1730,0.0,0.0,0.0,0.0,0.0,22.02,2.76,0.0
20230819:1830,0.0,0.0,0.0,0.0,0.0,21.57,2.48,0.0
20230819:1930,0.0,0.0,0.0,0.0,0.0,21.69,2.9,0.0
20230819:2030,0.0,0.0,0.0,0.0,0.0,21.56,2.83,0.0
20230819:2130,0.0,0.0,0.0,0.0,0.0,21.51,2.62,0.0
20230819:2230,0.0,0.0,0.0,0.0,0.0,21.36,2.48,0.0
20230819:2330,0.0,0.0,0.0,0.0,0.0,21.32,2.48,0.0
20230820:0030,0.0,0.0,0.0,0.0,-3.71,21.38,2.34,0.0
20230820:0130,26.1,6.65,42.3,0.0,10.62,21.38,2.41,0.0
20230820:0230,151.33,75.5,127.9,0.0,25.08,21.86,3.38,0.0
20230820:0330,217.38,55.75,225.8,0.0,39.62,23.18,3.86,0.0
20230820:0430,332.21,163.05,259.55,0.0,54.21,24.51,3.66,0.0
20230820:0530,409.6,171.75,352.85,0.0,68.83,25.69,3.86,0.0
20230820:0630,469.66,320.1,280.85,0.0,83.48,26.82,4.07,0.0
20230820:0730,591.78,537.5,225.1,0.0,81.87,27.64,4.48,0.0
20230820:0830,463.32,406.0,185.75,0.0,67.23,28.47,4.69,0.0
20230820:0930,380.85,348.2,137.0,0.0,52.61,28.41,4.62,0.0
20230820:1030,289.58,253.25,120.75,0.0,38.02,28.31,4.55,0.0
20230820:1130,160.63,130.9,90.85,0.0,23.48,26.67,4.07,0.0
20230820:1230,33.81,31.05,37.8,0.0,9.04,26.49,3.79,0.0
20230820:1330,0.0,0.0,0.0,0.0,-5.27,25.72,3.45,0.0
20230820:1430,0.0,0.0,0.0,0.0,0.0,24.83,3.38,0.0
20230820:1530,0.0,0.0,0.0,0.0,0.0,23.98,3.17,0.0
20230820:1630,0.0,0.0,0.0,0.0,0.0,23.33,2.9,0.0
20230820:1730,0.0,0.0,0.0,0.0,0.0,22.66,2.62,0.0
20230820:1830,0.0,0.0,0.0,0.0,0.0,22.0,2.41,0.0
20230820:1930,0.0,0.0,0.0,0.0,0.0,21.53,2.55,0.0
20230820:2030,0.0,0.0,0.0,0.0,0.0,21.21,2.41,0.0
20230820:2130,0.0,0.0,0.0,0.0,0.0,20.89,2.21,0.0
20230820:2230,0.0,0.0,0.0,0.0,0.0,20.9,2.07,0.0
20230820:2330,0.0,0.0,0.0,0.0,0.0,21.04,1.66,0.0
20230821:0030,0.0,0.0,0.0,0.0,-3.73,20.99,1.59,0.0
20230821:0130,40.03,14.55,54.75,0.0,10.62,20.91,1.45,0.0
20230821:0230,171.34,79.45,148.95,0.0,25.09,21.47,1.72,0.0
20230821:0330,375.38,300.15,175.7,0.0,39.64,22.5,2.21,0.0
20230821:0430,478.73,335.1,281.05,0.0,54.25,24.61,2.28,0.0
20230821:0530,561.62,437.4,297.0,0.0,68.88,26.52,2.48,0.0
20230821:0630,575.48,506.25,251.55,0.0,83.54,28.03,2.48,0.0
20230821:0730,634.34,640.8,202.2,0.0,81.8,28.61,2.55,0.0
20230821:0830,573.54,596.25,159.65,0.0,67.15,29.36,2.62,0.0
20230821:0930,429.21,402.0,156.05,0.0,52.52,29.66,2.76,0.0
20230821:1030,334.29,300.95,135.8,0.0,37.92,29.54,2.83,0.0
20230821:1130,171.62,143.7,95.8,0.0,23.38,29.43,2.9,0.0
20230821:1230,31.0,29.85,35.55,0.0,8.92,28.82,2.69,0.0
20230821:1330,0.0,0.0,0.0,0.0,-5.41,27.66,2.41,0.0
20230821:1430,0.0,0.0,0.0,0.0,0.0,26.48,2.62,0.0
20230821:1530,0.0,0.0,0.0,0.0,0.0,25.31,2.83,0.0
20230821:1630,0.0,0.0,0.0,0.0,0.0,24.48,2.83,0.0
20230821:1730,0.0,0.0,0.0,0.0,0.0,23.97,2.55,0.0
20230821:1830,0.0,0.0,0.0,0.0,0.0,23.14,2.21,0.0
20230821:1930,0.0,0.0,0.0,0.0,0.0,22.71,2.21,0.0
20230821:2030,0.0,0.0,0.0,0.0,0.0,22.34,2.14,0.0
20230821:2130,0.0,0.0,0.0,0.0,0.0,22.0,2.0,0.0
20230821:2230,0.0,0.0,0.0,0.0,0.0,21.59,1.86,0.0
20230821:2330,0.0,0.0,0.0,0.0,0.0,21.12,1.59,0.0
20230822:0030,0.0,0.0,0.0,0.0,-3.74,20.68,1.45,0.0
20230822:0130,49.51,38.45,49.3,0.0,10.62,20.45,1.31,0.0
20230822:0230,200.84,137.75,128.05,0.0,25.11,21.3,1.52,0.0
20230822:0330,336.32,261.8,169.05,0.0,39.67,23.03,1.17,0.0
20230822:0430,542.6,537.1,177.25,0.0,54.29,24.64,0.83,0.0
20230822:0530,638.47,707.8,159.75,0.0,68.93,26.7,0.76,0.0
20230822:0630,630.28,658.05,194.85,0.0,83.58,28.27,1.31,0.0
20230822:0730,631.5,669.9,178.85,0.0,81.72,29.19,1.93,0.0
20230822:0830,619.1,646.45,182.5,0.0,67.07,29.94,2.34,0.0
20230822:0930,398.32,380.15,138.5,0.0,52.43,30.5,2.76,0.0
20230822:1030,308.77,270.1,134.35,0.0,37.82,30.13,3.1,0.0
20230822:1130,156.95,130.0,90.45,0.0,23.26,29.56,3.59,0.0
20230822:1230,32.19,24.45,40.85,0.0,8.79,28.83,3.17,0.0
20230822:1330,0.0,0.0,0.0,0.0,-5.55,27.59,2.76,0.0
20230822:1430,0.0,0.0,0.0,0.0,0.0,26.41,2.69,0.0
20230822:1530,0.0,0.0,0.0,0.0,0.0,25.35,2.76,0.0
20230822:1630,0.0,0.0,0.0,0.0,0.0,24.6,2.69,0.0
20230822:1730,0.0,0.0,0.0,0.0,0.0,24.03,2.48,0.0
20230822:1830,0.0,0.0,0.0,0.0,0.0,23.44,2.21,0.0
20230822:1930,0.0,0.0,0.0,0.0,0.0,23.12,2.14,0.0
20230822:2030,0.0,0.0,0.0,0.0,0.0,22.54,1.93,0.0
20230822:2130,0.0,0.0,0.0,0.0,0.0,21.97,1.86,0.0
20230822:2230,0.0,0.0,0.0,0.0,0.0,21.51,1.86,0.0
20230822:2330,0.0,0.0,0.0,0.0,0.0,21.41,1.59,0.0
20230823:0030,0.0,0.0,0.0,0.0,-3.76,21.22,1.45,0.0
20230823:0130,32.81,13.45,46.25,0.0,10.62,21.18,1.45,0.0
20230823:0230,164.17,68.8,150.8,0.0,25.12,21.51,1.52,0.0
20230823:0330,402.99,326.0,188.25,0.0,39.7,22.7,1.72,0.0
20230823:0430,547.48,501.0,212.5,0.0,54.32,24.77,1.66,0.0
20230823:0530,649.33,647.9,221.6,0.0,68.97,26.81,1.72,0.0
20230823:0630,687.5,712.0,219.7,0.0,83.61,28.48,2.0,0.0
20230823:0730,657.03,635.55,257.95,0.0,81.63,29.44,1.86,0.0
20230823:0830,511.25,484.7,189.6,0.0,66.98,30.18,2.34,0.0
20230823:0930,460.19,352.25,253.75,0.0,52.33,30.35,2.69,0.0
20230823:1030,333.59,303.25,134.4,0.0,37.72,30.51,2.97,0.0
20230823:1130,161.73,126.7,100.75,0.0,23.15,30.33,3.17,0.0
20230823:1230,31.98,34.5,34.3,0.0,8.66,29.42,3.24,0.0
20230823:1330,0.0,0.0,0.0,0.0,-5.7,28.01,2.97,0.0
20230823:1430,0.0,0.0,0.0,0.0,0.0,26.75,3.1,0.0
20230823:1530,0.0,0.0,0.0,0.0,0.0,25.76,3.24,0.0
20230823:1630,0.0,0.0,0.0,0.0,0.0,24.86,3.03,0.0
20230823:1730,0.0,0.0,0.0,0.0,0.0,24.0,2.83,0.0
20230823:1830,0.0,0.0,0.0,0.0,0.0,23.22,2.62,0.0
20230823:1930,0.0,0.0,0.0,0.0,0.0,22.51,2.76,0.0
20230823:2030,0.0,0.0,0.0,0.0,0.0,21.78,2.62,0.0
20230823:2130,0.0,0.0,0.0,0.0,0.0,21.22,2.69,0.0
20230823:2230,0.0,0.0,0.0,0.0,0.0,20.94,2.55,0.0
20230823:2330,0.0,0.0,0.0,0.0,0.0,20.77,2.28,0.0
20230824:0030,0.0,0.0,0.0,0.0,-3.77,20.42,2.28,0.0
20230824:0130,51.32,29.0,58.3,0.0,10.63,20.24,2.14,0.0
20230824:0230,216.88,144.0,140.0,0.0,25.14,20.75,2.28,0.0
20230824:0330,410.82,342.5,178.1,0.0,39.73,22.43,2.34,0.0
20230824:0430,568.77,531.65,203.15,0.0,54.36,24.69,2.48,0.0
20230824:0530,670.76,676.8,206.6,0.0,69.01,26.75,2.97,0.0
20230824:0630,706.09,675.9,266.7,0.0,83.62,28.33,3.24,0.0
20230824:0730,698.3,689.5,247.8,0.0,81.52,29.51,3.17,0.0
20230824:0830,627.58,613.05,220.55,0.0,66.89,30.33,3.38,0.0
20230824:0930,508.67,434.35,234.1,0.0,52.23,30.66,3.45,0.0
20230824:1030,361.13,314.45,158.65,0.0,37.61,30.74,3.59,0.0
20230824:1130,195.43,162.95,108.25,0.0,23.03,30.36,3.72,0.0
20230824:1230,31.35,33.2,34.45,0.0,8.53,29.36,3.72,0.0
20230824:1330,0.0,0.0,0.0,0.0,-5.84,27.74,3.72,0.0
20230824:1430,0.0,0.0,0.0,0.0,0.0,26.25,3.66,0.0
20230824:1530,0.0,0.0,0.0,0.0,0.0,25.17,3.38,0.0
20230824:1630,0.0,0.0,0.0,0.0,0.0,24.24,3.1,0.0
20230824:1730,0.0,0.0,0.0,0.0,0.0,23.45,2.9,0.0
20230824:1830,0.0,0.0,0.0,0.0,0.0,22.64,2.69,0.0
20230824:1930,0.0,0.0,0.0,0.0,0.0,22.06,2.62,0.0
20230824:2030,0.0,0.0,0.0,0.0,0.0,21.53,2.48,0.0
20230824:2130,0.0,0.0,0.0,0.0,0.0,21.03,2.41,0.0
20230824:2230,0.0,0.0,0.0,0.0,0.0,20.65,2.41,0.0
20230824:2330,0.0,0.0,0.0,0.0,0.0,20.56,2.34,0.0
20230825:0030,0.0,0.0,0.0,0.0,-3.78,20.35,2.34,0.0
20230825:0130,49.4,31.0,54.45,0.0,10.63,20.28,2.0,0.0
20230825:0230,217.52,148.4,136.55,0.0,25.16,20.69,2.14,0.0
20230825:0330,439.52,406.85,150.4,0.0,39.75,22.25,2.21,0.0
20230825:0430,589.03,598.15,163.65,0.0,54.39,24.72,2.48,0.0
20230825:0530,684.8,727.0,180.8,0.0,69.05,26.97,2.69,0.0
20230825:0630,729.52,804.1,178.7,0.0,83.62,28.73,2.83,0.0
20230825:0730,721.15,774.35,198.1,0.0,81.39,29.95,3.17,0.0
20230825:0830,621.38,570.15,258.05,0.0,66.78,30.78,3.38,0.0
20230825:0930,454.31,340.2,256.3,0.0,52.13,31.22,3.59,0.0
20230825:1030,346.0,279.05,175.35,0.0,37.5,31.19,3.79,0.0
20230825:1130,155.96,103.25,116.2,0.0,22.91,30.66,4.0,0.0
20230825:1230,37.47,20.4,51.05,0.0,8.4,29.32,4.28,0.0
20230825:1330,0.0,0.0,0.0,0.0,-5.99,27.58,4.14,0.0
20230825:1430,0.0,0.0,0.0,0.0,0.0,26.12,4.07,0.0
20230825:1530,0.0,0.0,0.0,0.0,0.0,25.06,3.79,0.0
20230825:1630,0.0,0.0,0.0,0.0,0.0,24.21,3.45,0.0
20230825:1730,0.0,0.0,0.0,0.0,0.0,23.44,3.1,0.0
20230825:1830,0.0,0.0,0.0,0.0,0.0,22.85,2.69,0.0
20230825:1930,0.0,0.0,0.0,0.0,0.0,22.32,2.48,0.0
20230825:2030,0.0,0.0,0.0,0.0,0.0,21.9,2.28,0.0
20230825:2130,0.0,0.0,0.0,0.0,0.0,21.58,2.14,0.0
20230825:2230,0.0,0.0,0.0,0.0,0.0,21.35,2.07,0.0
20230825:2330,0.0,0.0,0.0,0.0,0.0,21.53,2.0,0.0
20230826:0030,0.0,0.0,0.0,0.0,-3.79,21.53,1.86,0.0
20230826:0130,38.06,10.75,55.1,0.0,10.64,21.46,1.72,0.0
20230826:0230,176.79,69.7,165.1,0.0,25.18,21.8,2.14,0.0
20230826:0330,390.17,300.35,195.2,0.0,39.78,22.95,2.41,0.0
20230826:0430,527.98,461.95,219.25,0.0,54.43,25.41,2.55,0.0
20230826:0530,581.02,554.35,204.15,0.0,69.08,27.14,2.69,0.0
20230826:0630,660.75,698.55,179.6,0.0,83.59,28.33,2.69,0.0
20230826:0730,564.26,507.55,238.5,0.0,81.25,29.51,2.62,0.0
20230826:0830,595.92,627.9,159.55,0.0,66.67,29.96,2.97,0.0
20230826:0930,461.82,428.35,173.8,0.0,52.02,30.06,3.1,0.0
20230826:1030,370.56,361.8,119.15,0.0,37.38,29.14,3.52,0.0
20230826:1130,126.23,87.15,91.8,0.0,22.79,27.37,4.0,0.0
20230826:1230,25.09,15.25,37.0,0.0,8.26,26.16,3.24,0.0
20230826:1330,0.0,0.0,0.0,0.0,-6.14,25.42,2.62,0.0
20230826:1430,0.0,0.0,0.0,0.0,0.0,24.94,2.55,0.0
20230826:1530,0.0,0.0,0.0,0.0,0.0,24.58,2.21,0.0
20230826:1630,0.0,0.0,0.0,0.0,0.0,24.09,2.07,0.0
20230826:1730,0.0,0.0,0.0,0.0,0.0,23.6,1.72,0.0
20230826:1830,0.0,0.0,0.0,0.0,0.0,23.18,1.72,0.0
20230826:1930,0.0,0.0,0.0,0.0,0.0,22.84,1.86,0.0
20230826:2030,0.0,0.0,0.0,0.0,0.0,22.34,1.86,0.0
20230826:2130,0.0,0.0,0.0,0.0,0.0,22.03,1.86,0.0
20230826:2230,0.0,0.0,0.0,0.0,0.0,21.83,1.79,0.0
20230826:2330,0.0,0.0,0.0,0.0,0.0,21.61,1.66,0.0
20230827:0030,0.0,0.0,0.0,0.0,-3.8,21.31,1.66,0.0
20230827:0130,55.08,33.9,59.8,0.0,10.65,21.17,1.45,0.0
20230827:0230,197.0,134.35,127.55,0.0,25.2,22.26,1.66,0.0
20230827:0330,370.49,293.95,181.1,0.0,39.81,23.89,1.66,0.0
20230827:0430,517.32,423.75,251.95,0.0,54.46,25.76,1.72,0.0
20230827:0530,471.83,293.75,324.65,0.0,69.1,27.27,1.93,0.0
20230827:0630,491.51,313.25,332.55,0.0,83.55,27.97,2.21,0.0
20230827:0730,516.46,357.9,326.3,0.0,81.1,28.97,2.14,0.0
20230827:0830,480.94,297.3,339.9,0.0,66.56,29.7,2.28,0.0
20230827:0930,376.64,204.75,291.55,0.0,51.91,30.11,2.41,0.0
20230827:1030,230.94,82.0,227.2,0.0,37.26,30.03,2.41,0.0
20230827:1130,122.72,55.65,119.4,0.0,22.66,29.26,3.38,0.0
20230827:1230,20.36,3.7,37.8,0.0,8.12,26.74,3.72,0.0
20230827:1330,0.0,0.0,0.0,0.0,-6.3,25.46,2.69,0.0
20230827:1430,0.0,0.0,0.0,0.0,0.0,24.88,2.21,0.0
20230827:1530,0.0,0.0,0.0,0.0,0.0,24.45,1.93,0.0
20230827:1630,0.0,0.0,0.0,0.0,0.0,24.0,1.86,0.0
20230827:1730,0.0,0.0,0.0,0.0,0.0,23.6,1.79,0.0
20230827:1830,0.0,0.0,0.0,0.0,0.0,23.07,1.86,0.0
20230827:1930,0.0,0.0,0.0,0.0,0.0,22.96,2.21,0.0
20230827:2030,0.0,0.0,0.0,0.0,0.0,22.5,2.07,0.0
20230827:2130,0.0,0.0,0.0,0.0,0.0,22.25,2.14,0.0
20230827:2230,0.0,0.0,0.0,0.0,0.0,22.11,2.07,0.0
20230827:2330,0.0,0.0,0.0,0.0,0.0,21.79,1.86,0.0
20230828:0030,0.0,0.0,0.0,0.0,-3.81,21.74,1.79,0.0
20230828:0130,45.11,21.3,56.5,0.0,10.66,21.66,1.86,0.0
20230828:0230,176.12,96.95,138.05,0.0,25.22,22.19,2.07,0.0
20230828:0330,397.3,352.2,154.0,0.0,39.84,23.35,2.0,0.0
20230828:0430,563.71,566.55,166.9,0.0,54.49,25.53,2.07,0.0
20230828:0530,657.18,697.6,172.0,0.0,69.13,27.63,2.69,0.0
20230828:0630,688.54,708.0,211.15,0.0,83.49,29.16,3.17,0.0
20230828:0730,654.69,639.15,238.3,0.0,80.93,30.02,2.9,0.0
20230828:0830,560.39,538.5,202.5,0.0,66.43,30.74,3.03,0.0
20230828:0930,487.67,429.65,211.45,0.0,51.79,30.99,3.24,0.0
20230828:1030,330.93,276.4,159.95,0.0,37.14,31.08,2.97,0.0
20230828:1130,82.11,30.55,91.8,0.0,22.53,28.21,4.28,0.0
20230828:1230,13.42,9.9,23.8,0.0,7.98,26.0,3.79,0.0
20230828:1330,0.0,0.0,0.0,0.0,0.0,25.37,3.38,0.0
20230828:1430,0.0,0.0,0.0,0.0,0.0,24.61,3.38,0.0
20230828:1530,0.0,0.0,0.0,0.0,0.0,23.95,3.1,0.0
20230828:1630,0.0,0.0,0.0,0.0,0.0,23.54,2.48,0.0
20230828:1730,0.0,0.0,0.0,0.0,0.0,23.18,2.34,0.0
20230828:1830,0.0,0.0,0.0,0.0,0.0,22.7,2.62,0.0
20230828:1930,0.0,0.0,0.0,0.0,0.0,22.76,2.41,0.0
20230828:2030,0.0,0.0,0.0,0.0,0.0,22.56,2.28,0.0
20230828:2130,0.0,0.0,0.0,0.0,0.0,22.16,1.93,0.0
20230828:2230,0.0,0.0,0.0,0.0,0.0,21.79,1.59,0.0
20230828:2330,0.0,0.0,0.0,0.0,0.0,21.66,1.66,0.0
20230829:0030,0.0,0.0,0.0,0.0,-3.81,21.41,1.72,0.0
20230829:0130,44.03,28.5,49.8,0.0,10.66,21.4,1.66,0.0
20230829:0230,202.25,153.9,114.45,0.0,25.24,22.12,1.86,0.0
20230829:0330,387.56,330.9,163.8,0.0,39.86,23.57,1.93,0.0
20230829:0430,548.97,544.4,168.95,0.0,54.52,25.52,2.0,0.0
20230829:0530,629.1,665.75,166.5,0.0,69.15,27.28,2.21,0.0
20230829:0630,605.48,597.45,203.15,0.0,83.41,28.58,2.55,0.0
20230829:0730,627.04,653.0,182.0,0.0,80.74,29.89,2.76,0.0
20230829:0830,572.79,551.15,210.75,0.0,66.3,30.54,2.62,0.0
20230829:0930,386.56,293.6,213.9,0.0,51.66,30.84,2.62,0.0
20230829:1030,256.78,193.95,138.45,0.0,37.01,26.73,3.93,0.0
20230829:1130,133.08,93.8,93.1,0.0,22.39,25.82,3.59,0.0
20230829:1230,26.25,20.1,35.85,0.0,7.84,25.77,3.17,0.0
20230829:1330,0.0,0.0,0.0,0.0,-6.61,25.32,2.62,0.0
20230829:1430,0.0,0.0,0.0,0.0,0.0,24.6,2.34,0.0
20230829:1530,0.0,0.0,0.0,0.0,0.0,24.02,2.21,0.0
20230829:1630,0.0,0.0,0.0,0.0,0.0,23.59,2.07,0.0
20230829:1730,0.0,0.0,0.0,0.0,0.0,23.2,2.07,0.0
20230829:1830,0.0,0.0,0.0,0.0,0.0,22.66,1.93,0.0
20230829:1930,0.0,0.0,0.0,0.0,0.0,22.6,1.86,0.0
20230829:2030,0.0,0.0,0.0,0.0,0.0,22.23,1.93,0.0
20230829:2130,0.0,0.0,0.0,0.0,0.0,21.85,2.07,0.0
20230829:2230,0.0,0.0,0.0,0.0,0.0,21.56,2.07,0.0
20230829:2330,0.0,0.0,0.0,0.0,0.0,21.26,2.0,0.0
20230830:0030,0.0,0.0,0.0,0.0,-3.81,20.88,1.93,0.0
20230830:0130,43.2,17.7,56.45,0.0,10.67,20.87,1.72,0.0
20230830:0230,182.57,96.0,145.8,0.0,25.26,21.44,2.34,0.0
20230830:0330,373.67,259.95,213.3,0.0,39.89,22.78,2.83,0.0
20230830:0430,543.16,464.25,233.6,0.0,54.54,24.95,2.97,0.0
20230830:0530,601.84,515.45,271.8,0.0,69.16,27.04,3.03,0.0
20230830:0630,661.94,687.0,192.35,0.0,83.31,28.28,2.76,0.0
20230830:0730,691.69,757.45,173.45,0.0,80.55,29.53,2.69,0.0
20230830:0830,591.47,641.9,141.4,0.0,66.17,30.35,2.83,0.0
20230830:0930,492.31,486.1,158.65,0.0,51.53,30.41,3.03,0.0
20230830:1030,349.91,353.8,104.25,0.0,36.88,30.22,2.97,0.0
20230830:1130,196.15,188.9,84.9,0.0,22.26,29.55,3.24,0.0
20230830:1230,26.91,28.8,32.05,0.0,7.69,27.91,3.72,0.0
20230830:1330,0.0,0.0,0.0,0.0,0.0,26.67,3.24,0.0
20230830:1430,0.0,0.0,0.0,0.0,0.0,25.69,2.83,0.0
20230830:1530,0.0,0.0,0.0,0.0,0.0,24.9,2.14,0.0
20230830:1630,0.0,0.0,0.0,0.0,0.0,24.37,1.93,0.0
20230830:1730,0.0,0.0,0.0,0.0,0.0,23.78,1.86,0.0
20230830:1830,0.0,0.0,0.0,0.0,0.0,23.26,1.79,0.0
20230830:1930,0.0,0.0,0.0,0.0,0.0,23.17,2.41,0.0
20230830:2030,0.0,0.0,0.0,0.0,0.0,22.68,2.41,0.0
20230830:2130,0.0,0.0,0.0,0.0,0.0,22.45,2.41,0.0
20230830:2230,0.0,0.0,0.0,0.0,0.0,22.19,2.21,0.0
20230830:2330,0.0,0.0,0.0,0.0,0.0,22.02,2.0,0.0
20230831:0030,0.0,0.0,0.0,0.0,-3.82,21.94,1.86,0.0
20230831:0130,43.93,13.2,60.95,0.0,10.69,21.82,1.59,0.0
20230831:0230,166.15,103.7,119.7,0.0,25.28,22.3,1.59,0.0
20230831:0330,382.05,316.8,172.15,0.0,39.92,23.31,1.52,0.0
20230831:0430,533.79,521.1,179.75,0.0,54.57,25.31,1.1,0.0
20230831:0530,586.16,593.7,190.45,0.0,69.17,27.15,1.1,0.0
20230831:0630,610.44,576.25,248.2,0.0,83.2,28.44,1.38,0.0
20230831:0730,551.53,526.2,218.1,0.0,80.34,29.28,0.97,0.0
20230831:0830,583.75,577.65,213.15,0.0,66.02,29.88,1.31,0.0
20230831:0930,455.71,441.35,163.3,0.0,51.4,30.68,1.59,0.0
20230831:1030,244.86,187.1,139.3,0.0,36.75,30.8,2.14,0.0
20230831:1130,82.44,55.05,69.4,0.0,22.12,28.53,2.55,0.0
20230831:1230,16.88,7.8,30.6,0.0,7.54,27.6,2.55,0.0
20230831:1330,0.0,0.0,0.0,0.0,0.0,26.53,1.93,0.0
20230831:1430,0.0,0.0,0.0,0.0,0.0,25.9,1.31,0.0
20230831:1530,0.0,0.0,0.0,0.0,0.0,25.18,1.17,0.0
20230831:1630,0.0,0.0,0.0,0.0,0.0,24.65,1.24,0.0
20230831:1730,0.0,0.0,0.0,0.0,0.0,24.08,1.52,0.0
20230831:1830,0.0,0.0,0.0,0.0,0.0,23.69,1.72,0.0
20230831:1930,0.0,0.0,0.0,0.0,0.0,22.62,1.52,0.0
20230831:2030,0.0,0.0,0.0,0.0,0.0,22.19,1.31,0.0
20230831:2130,0.0,0.0,0.0,0.0,0.0,22.04,1.31,0.0
20230831:2230,0.0,0.0,0.0,0.0,0.0,21.97,1.1,0.0
20230831:2330,0.0,0.0,0.0,0.0,0.0,21.88,0.97,0.0
20230901:0030,0.0,0.0,0.0,0.0,-3.82,21.82,0.83,0.0
20230901:0130,47.09,22.75,58.05,0.0,10.7,21.77,0.9,0.0
20230901:0230,187.86,115.5,135.0,0.0,25.3,22.49,1.59,0.0
20230901:0330,317.58,174.1,235.6,0.0,39.94,23.94,1.45,0.0
20230901:0430,389.68,200.6,307.3,0.0,54.59,25.5,1.17,0.0
20230901:0530,540.72,428.75,289.35,0.0,69.17,27.01,1.31,0.0
20230901:0630,569.52,497.6,269.05,0.0,83.07,28.63,1.24,0.0
20230901:0730,473.86,444.05,182.25,0.0,80.12,29.08,1.24,0.0
20230901:0830,611.02,665.05,163.75,0.0,65.87,29.53,1.31,0.0
20230901:0930,488.68,472.6,180.95,0.0,51.26,30.43,1.31,0.0
20230901:1030,313.51,288.1,127.95,0.0,36.61,30.63,1.59,0.0
20230901:1130,158.34,141.85,83.5,0.0,21.97,30.0,2.48,0.0
20230901:1230,18.14,23.55,23.25,0.0,7.39,27.99,3.17,0.0
20230901:1330,0.0,0.0,0.0,0.0,0.0,26.77,2.55,0.0
20230901:1430,0.0,0.0,0.0,0.0,0.0,25.92,2.62,0.0
20230901:1530,0.0,0.0,0.0,0.0,0.0,25.21,2.97,0.0
20230901:1630,0.0,0.0,0.0,0.0,0.0,24.62,3.24,0.0
20230901:1730,0.0,0.0,0.0,0.0,0.0,23.82,3.1,0.0
20230901:1830,0.0,0.0,0.0,0.0,0.0,23.13,2.83,0.0
20230901:1930,0.0,0.0,0.0,0.0,0.0,22.5,2.83,0.0
20230901:2030,0.0,0.0,0.0,0.0,0.0,22.23,2.34,0.0
20230901:2130,0.0,0.0,0.0,0.0,0.0,21.98,1.93,0.0
20230901:2230,0.0,0.0,0.0,0.0,0.0,21.79,1.86,0.0
20230901:2330,0.0,0.0,0.0,0.0,0.0,21.59,1.93,0.0
20230902:0030,0.0,0.0,0.0,0.0,-3.82,21.47,2.14,0.0
20230902:0130,55.14,33.9,59.8,0.0,10.71,21.39,2.14,0.0
20230902:0230,227.13,183.45,114.45,0.0,25.32,22.02,3.17,0.0
20230902:0330,387.14,282.75,207.1,0.0,39.96,23.63,3.59,0.0
20230902:0430,503.66,443.9,198.25,0.0,54.61,25.56,3.52,0.0
20230902:0530,512.97,346.9,318.25,0.0,69.17,27.36,3.38,0.0
20230902:0630,603.37,625.7,161.75,0.0,82.92,28.33,3.31,0.0
20230902:0730,594.12,584.25,195.3,0.0,79.89,29.35,3.38,0.0
20230902:0830,538.86,487.2,218.85,0.0,65.72,30.23,3.52,0.0
20230902:0930,389.03,345.9,155.75,0.0,51.12,29.62,3.79,0.0
20230902:1030,150.89,60.6,143.35,0.0,36.47,26.98,4.62,0.0
20230902:1130,133.78,98.35,90.1,0.0,21.83,25.85,3.79,0.0
20230902:1230,21.56,16.1,32.25,0.0,7.23,25.57,3.93,0.0
20230902:1330,0.0,0.0,0.0,0.0,0.0,24.95,3.17,0.0
20230902:1430,0.0,0.0,0.0,0.0,0.0,24.33,3.1,0.0
20230902:1530,0.0,0.0,0.0,0.0,0.0,23.95,2.83,0.0
20230902:1630,0.0,0.0,0.0,0.0,0.0,23.4,2.62,0.0
20230902:1730,0.0,0.0,0.0,0.0,0.0,23.07,2.48,0.0
20230902:1830,0.0,0.0,0.0,0.0,0.0,22.92,2.48,0.0
20230902:1930,0.0,0.0,0.0,0.0,0.0,22.48,2.48,0.0
20230902:2030,0.0,0.0,0.0,0.0,0.0,22.34,2.34,0.0
20230902:2130,0.0,0.0,0.0,0.0,0.0,22.26,2.14,0.0
20230902:2230,0.0,0.0,0.0,0.0,0.0,22.18,2.0,0.0
20230902:2330,0.0,0.0,0.0,0.0,0.0,22.02,1.86,0.0
20230903:0030,0.0,0.0,0.0,0.0,-3.82,21.56,2.07,0.0
20230903:0130,52.19,20.15,66.15,0.0,10.72,21.39,2.07,0.0
20230903:0230,163.07,83.8,134.45,0.0,25.34,22.08,2.62,0.0
20230903:0330,335.74,196.35,230.65,0.0,39.99,23.17,2.83,0.0
20230903:0430,533.58,423.1,261.55,0.0,54.63,24.85,3.1,0.0
20230903:0530,615.27,504.4,298.5,0.0,69.16,26.71,3.38,0.0
20230903:0630,554.31,358.8,366.15,0.0,82.75,28.19,3.59,0.0
20230903:0730,601.24,493.9,296.1,0.0,79.65,29.08,3.72,0.0
20230903:0830,465.63,344.2,262.15,0.0,65.56,29.89,3.66,0.0
20230903:0930,354.59,211.05,251.5,0.0,50.98,30.05,3.59,0.0
20230903:1030,264.94,133.35,216.2,0.0,36.33,29.79,3.86,0.0
20230903:1130,109.69,54.0,104.85,0.0,21.68,29.12,4.28,0.0
20230903:1230,19.43,5.25,35.85,0.0,7.08,27.24,4.48,0.0
20230903:1330,0.0,0.0,0.0,0.0,0.0,25.71,4.21,0.0
20230903:1430,0.0,0.0,0.0,0.0,0.0,24.66,4.0,0.0
20230903:1530,0.0,0.0,0.0,0.0,0.0,23.95,3.93,0.0
20230903:1630,0.0,0.0,0.0,0.0,0.0,23.32,3.86,0.0
20230903:1730,0.0,0.0,0.0,0.0,0.0,22.77,3.66,0.0
20230903:1830,0.0,0.0,0.0,0.0,0.0,22.38,3.31,0.0
20230903:1930,0.0,0.0,0.0,0.0,0.0,22.09,3.45,0.0
20230903:2030,0.0,0.0,0.0,0.0,0.0,21.88,3.38,0.0
20230903:2130,0.0,0.0,0.0,0.0,0.0,21.56,3.31,0.0
20230903:2230,0.0,0.0,0.0,0.0,0.0,21.43,3.17,0.0
20230903:2330,0.0,0.0,0.0,0.0,0.0,21.31,3.03,0.0
20230904:0030,0.0,0.0,0.0,0.0,-3.82,21.21,2.97,0.0
20230904:0130,35.22,6.05,54.7,0.0,10.74,21.18,2.9,0.0
20230904:0230,114.66,16.3,141.25,0.0,25.36,21.68,3.86,0.0
20230904:0330,244.68,82.5,230.55,0.0,40.01,22.62,4.28,0.0
20230904:0430,367.6,121.4,345.85,0.0,54.65,24.23,4.48,0.0
20230904:0530,385.94,113.4,380.55,0.0,69.15,26.01,5.03,0.0
20230904:0630,634.61,452.5,367.2,0.0,82.57,26.82,5.17,0.0
20230904:0730,607.06,423.15,367.8,0.0,79.4,28.26,4.69,0.0
20230904:0830,460.83,226.9,370.1,0.0,65.39,28.89,4.83,0.0
20230904:0930,361.35,185.5,281.25,0.0,50.82,28.69,4.69,0.0
20230904:1030,168.5,28.05,199.4,0.0,36.18,28.02,4.76,0.0
20230904:1130,60.2,3.95,88.85,0.0,21.53,26.36,4.41,0.0
20230904:1230,8.65,2.65,20.95,0.0,6.92,24.73,3.66,0.0
20230904:1330,0.0,0.0,0.0,0.0,0.0,23.48,3.17,0.0
20230904:1430,0.0,0.0,0.0,0.0,0.0,22.74,2.76,0.0
20230904:1530,0.0,0.0,0.0,0.0,0.0,22.27,2.69,0.0
20230904:1630,0.0,0.0,0.0,0.0,0.0,21.66,2.55,0.0
20230904:1730,0.0,0.0,0.0,0.0,0.0,21.49,2.55,0.0
20230904:1830,0.0,0.0,0.0,0.0,0.0,21.29,2.55,0.0
20230904:1930,0.0,0.0,0.0,0.0,0.0,21.22,2.83,0.0
20230904:2030,0.0,0.0,0.0,0.0,0.0,21.07,2.9,0.0
20230904:2130,0.0,0.0,0.0,0.0,0.0,21.07,3.03,0.0
20230904:2230,0.0,0.0,0.0,0.0,0.0,21.0,3.24,0.0
20230904:2330,0.0,0.0,0.0,0.0,0.0,20.95,3.24,0.0
20230905:0030,0.0,0.0,0.0,0.0,-3.82,20.93,3.1,0.0
20230905:0130,26.55,4.9,44.05,0.0,10.75,20.86,3.03,0.0
20230905:0230,101.72,36.5,105.75,0.0,25.38,21.32,3.1,0.0
20230905:0330,260.14,110.7,220.1,0.0,40.03,22.12,3.93,0.0
20230905:0430,405.13,234.1,273.7,0.0,54.66,23.82,5.45,0.0
20230905:0530,401.25,226.85,280.8,0.0,69.13,25.7,5.24,0.0
20230905:0630,411.71,218.4,306.35,0.0,82.38,26.56,4.83,0.0
20230905:0730,566.66,472.7,254.9,0.0,79.14,27.2,4.55,0.0
20230905:0830,427.42,337.35,209.05,0.0,65.21,28.33,4.55,0.0
20230905:0930,236.32,155.95,148.25,0.0,50.67,26.27,4.48,0.0
20230905:1030,137.88,52.65,133.4,0.0,36.03,24.22,4.0,0.0
20230905:1130,54.45,5.4,79.15,0.0,21.38,23.52,4.62,0.0
20230905:1230,8.36,5.7,18.65,0.0,6.76,22.68,3.79,0.0
20230905:1330,0.0,0.0,0.0,0.0,0.0,22.1,3.52,0.0
20230905:1430,0.0,0.0,0.0,0.0,0.0,21.74,3.38,0.0
20230905:1530,0.0,0.0,0.0,0.0,0.0,21.56,3.03,0.0
20230905:1630,0.0,0.0,0.0,0.0,0.0,21.5,2.9,0.0
20230905:1730,0.0,0.0,0.0,0.0,0.0,21.5,3.1,0.0
20230905:1830,0.0,0.0,0.0,0.0,0.0,21.43,3.52,0.0
20230905:1930,0.0,0.0,0.0,0.0,0.0,21.0,3.1,0.0
20230905:2030,0.0,0.0,0.0,0.0,0.0,20.92,3.17,0.0
20230905:2130,0.0,0.0,0.0,0.0,0.0,20.89,3.17,0.0
20230905:2230,0.0,0.0,0.0,0.0,0.0,20.83,3.1,0.0
20230905:2330,0.0,0.0,0.0,0.0,0.0,20.81,3.03,0.0
20230906:0030,0.0,0.0,0.0,0.0,-3.81,20.8,2.9,0.0
20230906:0130,9.77,1.2,23.0,0.0,10.76,20.88,3.1,0.0
20230906:0230,68.51,24.15,77.3,0.0,25.4,21.19,3.24,0.0
20230906:0330,145.65,32.45,161.4,0.0,40.05,22.04,4.0,0.0
20230906:0430,240.98,62.85,246.6,0.0,54.67,23.22,4.07,0.0
20230906:0530,245.98,19.9,299.55,0.0,69.11,24.76,4.21,0.0
20230906:0630,574.71,440.3,296.4,0.0,82.17,25.33,3.93,0.0
20230906:0730,363.54,264.45,198.15,0.0,78.88,27.53,4.62,0.0
20230906:0830,208.78,89.25,181.05,0.0,65.03,24.73,4.48,0.0
20230906:0930,240.21,68.6,241.7,0.0,50.51,24.49,4.0,0.0
20230906:1030,93.15,19.05,113.45,0.0,35.87,24.95,4.76,0.0
20230906:1130,76.06,27.55,85.55,0.0,21.22,24.3,4.14,0.0
20230906:1230,6.35,0.3,18.45,0.0,6.6,23.79,3.86,0.0
20230906:1330,0.0,0.0,0.0,0.0,0.0,22.9,3.79,0.0
20230906:1430,0.0,0.0,0.0,0.0,0.0,22.42,3.66,0.0
20230906:1530,0.0,0.0,0.0,0.0,0.0,22.14,3.31,0.0
20230906:1630,0.0,0.0,0.0,0.0,0.0,21.95,3.1,0.0
20230906:1730,0.0,0.0,0.0,0.0,0.0,21.81,3.17,0.0
20230906:1830,0.0,0.0,0.0,0.0,0.0,21.63,3.17,0.0
20230906:1930,0.0,0.0,0.0,0.0,0.0,21.59,3.17,0.0
20230906:2030,0.0,0.0,0.0,0.0,0.0,21.47,2.83,0.0
20230906:2130,0.0,0.0,0.0,0.0,0.0,21.38,2.62,0.0
20230906:2230,0.0,0.0,0.0,0.0,0.0,21.31,2.34,0.0
20230906:2330,0.0,0.0,0.0,0.0,0.0,21.33,2.28,0.0
20230907:0030,0.0,0.0,0.0,0.0,-3.81,21.4,2.14,0.0
20230907:0130,16.22,6.55,28.7,0.0,10.78,21.47,1.86,0.0
20230907:0230,101.84,41.65,101.25,0.0,25.42,21.8,2.62,0.0
20230907:0330,240.17,115.9,190.95,0.0,40.07,22.62,3.93,0.0
20230907:0430,361.38,187.8,269.5,0.0,54.68,23.88,3.79,0.0
20230907:0530,451.91,314.0,258.25,0.0,69.08,25.09,4.07,0.0
20230907:0630,361.07,187.15,272.9,0.0,81.94,26.09,4.34,0.0
20230907:0730,275.07,47.95,306.85,0.0,78.6,25.49,4.97,0.0
20230907:0830,190.02,41.8,207.75,0.0,64.85,25.04,4.76,0.0
20230907:0930,151.26,71.85,129.25,0.0,50.35,24.88,4.69,0.0
20230907:1030,105.25,53.0,93.5,0.0,35.72,24.65,4.28,0.0
20230907:1130,38.57,7.05,57.5,0.0,21.06,24.07,4.28,0.0
20230907:1230,4.41,5.9,12.05,0.0,6.44,23.38,3.93,0.0
20230907:1330,0.0,0.0,0.0,0.0,0.0,22.6,3.79,0.0
20230907:1430,0.0,0.0,0.0,0.0,0.0,22.16,3.45,0.0
20230907:1530,0.0,0.0,0.0,0.0,0.0,21.93,3.38,0.0
20230907:1630,0.0,0.0,0.0,0.0,0.0,21.74,3.17,0.0
20230907:1730,0.0,0.0,0.0,0.0,0.0,21.56,2.97,0.0
20230907:1830,0.0,0.0,0.0,0.0,0.0,21.42,3.1,0.0
20230907:1930,0.0,0.0,0.0,0.0,0.0,21.75,3.72,0.0
20230907:2030,0.0,0.0,0.0,0.0,0.0,21.64,4.0,0.0
20230907:2130,0.0,0.0,0.0,0.0,0.0,21.46,3.79,0.0
20230907:2230,0.0,0.0,0.0,0.0,0.0,21.36,3.31,0.0
20230907:2330,0.0,0.0,0.0,0.0,0.0,21.35,3.17,0.0
20230908:0030,0.0,0.0,0.0,0.0,-3.8,21.37,3.24,0.0
20230908:0130,12.1,2.0,26.0,0.0,10.79,21.45,3.24,0.0
20230908:0230,89.6,23.7,103.7,0.0,25.43,21.63,3.45,0.0
20230908:0330,267.26,64.2,276.2,0.0,40.08,22.43,4.9,0.0
20230908:0430,311.67,117.05,276.7,0.0,54.68,23.39,5.24,0.0
20230908:0530,239.78,45.4,263.75,0.0,69.04,24.36,5.31,0.0
20230908:0630,507.58,336.35,303.1,0.0,81.71,24.36,5.1,0.0
20230908:0730,348.02,187.4,254.4,0.0,78.32,26.91,6.28,0.0
20230908:0830,432.0,270.35,275.6,0.0,64.65,26.33,6.0,0.0
20230908:0930,403.92,258.9,253.5,0.0,50.18,26.93,6.07,0.0
20230908:1030,228.59,156.9,139.9,0.0,35.56,26.78,6.21,0.0
20230908:1130,109.21,54.0,101.95,0.0,20.9,25.48,5.79,0.0
20230908:1230,14.04,12.6,24.0,0.0,6.27,24.43,5.1,0.0
20230908:1330,0.0,0.0,0.0,0.0,0.0,23.5,4.34,0.0
20230908:1430,0.0,0.0,0.0,0.0,0.0,22.83,4.14,0.0
20230908:1530,0.0,0.0,0.0,0.0,0.0,22.48,3.79,0.0
20230908:1630,0.0,0.0,0.0,0.0,0.0,22.11,3.38,0.0
20230908:1730,0.0,0.0,0.0,0.0,0.0,22.02,3.24,0.0
20230908:1830,0.0,0.0,0.0,0.0,0.0,21.91,3.17,0.0
20230908:1930,0.0,0.0,0.0,0.0,0.0,21.97,3.17,0.0
20230908:2030,0.0,0.0,0.0,0.0,0.0,21.94,3.45,0.0
20230908:2130,0.0,0.0,0.0,0.0,0.0,21.88,3.24,0.0
20230908:2230,0.0,0.0,0.0,0.0,0.0,21.82,3.03,0.0
20230908:2330,0.0,0.0,0.0,0.0,0.0,21.8,3.03,0.0
20230909:0030,0.0,0.0,0.0,0.0,-3.8,21.73,2.83,0.0
20230909:0130,20.54,0.7,39.1,0.0,10.8,21.78,2.76,0.0
20230909:0230,187.32,120.15,127.4,0.0,25.45,22.14,4.0,0.0
20230909:0330,268.2,129.2,211.7,0.0,40.1,23.51,5.38,0.0
20230909:0430,264.14,108.3,229.05,0.0,54.68,24.58,5.03,0.0
20230909:0530,273.43,85.6,265.7,0.0,69.0,25.54,4.9,0.0
20230909:0630,443.38,254.3,309.2,0.0,81.46,26.16,4.97,0.0
20230909:0730,470.67,321.1,278.55,0.0,78.02,27.25,5.17,0.0
20230909:0830,563.99,541.35,178.45,0.0,64.46,27.78,5.31,0.0
20230909:0930,465.56,461.25,132.05,0.0,50.01,28.44,5.03,0.0
20230909:1030,270.16,230.3,119.25,0.0,35.4,27.8,5.17,0.0
20230909:1130,99.09,90.0,56.5,0.0,20.74,26.42,5.1,0.0
20230909:1230,9.87,16.5,15.85,0.0,6.11,25.22,4.28,0.0
20230909:1330,0.0,0.0,0.0,0.0,0.0,24.29,4.34,0.0
20230909:1430,0.0,0.0,0.0,0.0,0.0,23.49,3.93,0.0
20230909:1530,0.0,0.0,0.0,0.0,0.0,22.85,3.52,0.0
20230909:1630,0.0,0.0,0.0,0.0,0.0,22.75,3.31,0.0
20230909:1730,0.0,0.0,0.0,0.0,0.0,22.68,3.17,0.0
20230909:1830,0.0,0.0,0.0,0.0,0.0,22.52,3.17,0.0
20230909:1930,0.0,0.0,0.0,0.0,0.0,22.47,2.69,0.0
20230909:2030,0.0,0.0,0.0,0.0,0.0,22.25,2.9,0.0
20230909:2130,0.0,0.0,0.0,0.0,0.0,22.1,2.76,0.0
20230909:2230,0.0,0.0,0.0,0.0,0.0,22.08,2.76,0.0
20230909:2330,0.0,0.0,0.0,0.0,0.0,22.08,2.69,0.0
20230910:0030,0.0,0.0,0.0,0.0,-3.79,21.99,2.83,0.0
20230910:0130,36.12,15.25,49.3,0.0,10.82,22.03,2.83,0.0
20230910:0230,171.0,108.25,119.75,0.0,25.47,22.53,3.93,0.0
20230910:0330,295.29,187.35,187.55,0.0,40.11,23.9,4.14,0.0
20230910:0430,411.51,308.65,210.9,0.0,54.68,25.29,4.34,0.0
20230910:0530,459.47,378.85,202.9,0.0,68.95,26.47,4.62,0.0
20230910:0630,582.71,564.6,180.95,0.0,81.2,27.24,4.69,0.0
20230910:0730,655.44,652.5,191.6,0.0,77.73,27.69,5.31,0.0
20230910:0830,391.16,339.15,155.05,0.0,64.25,27.88,5.79,0.0
20230910:0930,394.56,297.25,202.45,0.0,49.84,26.96,5.66,0.0
20230910:1030,235.72,142.15,165.0,0.0,35.23,27.16,5.38,0.0
20230910:1130,88.74,34.1,96.0,0.0,20.58,25.66,4.14,0.0
20230910:1230,10.04,5.85,21.7,0.0,5.94,25.06,3.93,0.0
20230910:1330,0.0,0.0,0.0,0.0,0.0,24.04,3.72,0.0
20230910:1430,0.0,0.0,0.0,0.0,0.0,23.38,3.66,0.0
20230910:1530,0.0,0.0,0.0,0.0,0.0,22.77,3.45,0.0
20230910:1630,0.0,0.0,0.0,0.0,0.0,22.58,3.17,0.0
20230910:1730,0.0,0.0,0.0,0.0,0.0,22.32,2.97,0.0
20230910:1830,0.0,0.0,0.0,0.0,0.0,22.15,2.97,0.0
20230910:1930,0.0,0.0,0.0,0.0,0.0,21.91,2.9,0.0
20230910:2030,0.0,0.0,0.0,0.0,0.0,21.96,2.9,0.0
20230910:2130,0.0,0.0,0.0,0.0,0.0,21.89,3.1,0.0
20230910:2230,0.0,0.0,0.0,0.0,0.0,21.97,2.97,0.0
20230910:2330,0.0,0.0,0.0,0.0,0.0,21.9,2.76,0.0
20230911:0030,0.0,0.0,0.0,0.0,-3.79,21.84,2.76,0.0
20230911:0130,31.91,17.1,42.4,0.0,10.83,21.91,2.76,0.0
20230911:0230,141.31,96.55,95.55,0.0,25.48,22.67,3.59,0.0
20230911:0330,267.49,182.15,157.3,0.0,40.12,23.63,4.55,0.0
20230911:0430,338.11,188.35,239.6,0.0,54.67,24.84,4.62,0.0
20230911:0530,468.34,360.9,232.35,0.0,68.89,25.84,4.41,0.0
20230911:0630,460.6,242.1,348.85,0.0,80.93,26.86,4.41,0.0
20230911:0730,530.38,397.75,284.9,0.0,77.42,27.88,4.55,0.0
20230911:0830,591.65,552.2,214.55,0.0,64.05,28.85,4.62,0.0
20230911:0930,402.74,327.55,189.2,0.0,49.66,29.24,4.97,0.0
20230911:1030,304.0,219.75,174.45,0.0,35.06,28.38,4.97,0.0
20230911:1130,124.45,71.35,106.3,0.0,20.42,27.39,4.83,0.0
20230911:1230,9.52,4.6,21.65,0.0,5.77,26.08,4.41,0.0
20230911:1330,0.0,0.0,0.0,0.0,0.0,25.04,3.86,0.0
20230911:1430,0.0,0.0,0.0,0.0,0.0,24.21,3.93,0.0
20230911:1530,0.0,0.0,0.0,0.0,0.0,23.46,3.86,0.0
20230911:1630,0.0,0.0,0.0,0.0,0.0,22.86,3.59,0.0
20230911:1730,0.0,0.0,0.0,0.0,0.0,22.47,3.52,0.0
20230911:1830,0.0,0.0,0.0,0.0,0.0,22.17,3.59,0.0
20230911:1930,0.0,0.0,0.0,0.0,0.0,22.23,3.45,0.0
20230911:2030,0.0,0.0,0.0,0.0,0.0,22.23,2.76,0.0
20230911:2130,0.0,0.0,0.0,0.0,0.0,21.98,3.1,0.0
20230911:2230,0.0,0.0,0.0,0.0,0.0,21.74,3.1,0.0
20230911:2330,0.0,0.0,0.0,0.0,0.0,21.61,3.1,0.0
20230912:0030,0.0,0.0,0.0,0.0,-3.78,21.6,3.17,0.0
20230912:0130,45.12,27.45,51.75,0.0,10.85,21.55,2.9,0.0
20230912:0230,171.26,87.15,140.25,0.0,25.5,22.21,4.28,0.0
20230912:0330,314.18,240.9,154.9,0.0,40.13,23.69,4.69,0.0
20230912:0430,353.14,199.35,247.65,0.0,54.66,24.99,4.62,0.0
20230912:0530,547.75,389.7,311.05,0.0,68.83,26.08,4.55,0.0
20230912:0630,560.16,373.55,351.4,0.0,80.65,27.45,4.34,0.0
20230912:0730,659.59,657.1,206.05,0.0,77.11,29.22,4.55,0.0
20230912:0830,527.6,381.15,306.4,0.0,63.83,30.03,4.62,0.0
20230912:0930,370.64,239.05,240.8,0.0,49.48,29.67,4.48,0.0
20230912:1030,173.73,122.1,110.45,0.0,34.9,28.34,4.62,0.0
20230912:1130,90.19,43.75,89.75,0.0,20.25,27.25,4.48,0.0
20230912:1230,10.46,5.65,22.68,0.0,5.6,26.37,4.14,0.0
20230912:1330,0.0,0.0,0.0,0.0,0.0,25.38,3.79,0.0
20230912:1430,0.0,0.0,0.0,0.0,0.0,24.53,3.31,0.0
20230912:1530,0.0,0.0,0.0,0.0,0.0,23.7,2.9,0.0
20230912:1630,0.0,0.0,0.0,0.0,0.0,23.14,2.62,0.0
20230912:1730,0.0,0.0,0.0,0.0,0.0,22.76,2.55,0.0
20230912:1830,0.0,0.0,0.0,0.0,0.0,22.45,2.62,0.0
20230912:1930,0.0,0.0,0.0,0.0,0.0,22.01,2.48,0.0
20230912:2030,0.0,0.0,0.0,0.0,0.0,21.9,2.48,0.0
20230912:2130,0.0,0.0,0.0,0.0,0.0,21.83,2.28,0.0
20230912:2230,0.0,0.0,0.0,0.0,0.0,21.78,2.21,0.0
20230912:2330,0.0,0.0,0.0,0.0,0.0,21.76,2.21,0.0
20230913:0030,0.0,0.0,0.0,0.0,-3.77,21.72,2.34,0.0
20230913:0130,28.85,6.5,46.1,0.0,10.86,21.7,2.34,0.0
20230913:0230,187.06,108.45,139.0,0.0,25.51,22.24,3.38,0.0
20230913:0330,327.37,237.2,175.25,0.0,40.14,23.51,4.48,0.0
20230913:0430,369.99,170.55,300.15,0.0,54.65,25.06,4.28,0.0
20230913:0530,588.33,468.65,286.25,0.0,68.76,25.94,4.34,0.0
20230913:0630,564.68,433.95,293.65,0.0,80.37,27.28,4.41,0.0
20230913:0730,614.87,545.35,254.5,0.0,76.8,28.49,4.41,0.0
20230913:0830,499.46,412.1,231.05,0.0,63.62,29.14,4.76,0.0
20230913:0930,368.86,277.5,193.55,0.0,49.29,27.77,4.69,0.0
20230913:1030,269.49,174.7,174.4,0.0,34.72,26.72,4.48,0.0
20230913:1130,139.89,100.2,98.7,0.0,20.08,27.27,4.62,0.0
20230913:1230,11.56,11.45,21.67,0.0,5.43,26.33,4.28,0.0
20230913:1330,0.0,0.0,0.0,0.0,0.0,25.08,3.86,0.0
20230913:1430,0.0,0.0,0.0,0.0,0.0,24.08,3.45,0.0
20230913:1530,0.0,0.0,0.0,0.0,0.0,23.4,3.24,0.0
20230913:1630,0.0,0.0,0.0,0.0,0.0,22.98,3.03,0.0
20230913:1730,0.0,0.0,0.0,0.0,0.0,22.49,2.9,0.0
20230913:1830,0.0,0.0,0.0,0.0,0.0,22.2,2.97,0.0
20230913:1930,0.0,0.0,0.0,0.0,0.0,21.69,3.1,0.0
20230913:2030,0.0,0.0,0.0,0.0,0.0,21.53,2.97,0.0
20230913:2130,0.0,0.0,0.0,0.0,0.0,21.31,2.76,0.0
20230913:2230,0.0,0.0,0.0,0.0,0.0,21.19,2.69,0.0
20230913:2330,0.0,0.0,0.0,0.0,0.0,21.17,2.76,0.0
20230914:0030,0.0,0.0,0.0,0.0,-3.76,21.13,2.9,0.0
20230914:0130,35.18,17.55,46.15,0.0,10.87,21.21,3.1,0.0
20230914:0230,143.22,58.0,134.9,0.0,25.53,21.8,3.66,0.0
20230914:0330,207.78,79.85,188.3,0.0,40.14,23.05,4.97,0.0
20230914:0430,296.24,115.2,261.4,0.0,54.63,24.35,5.03,0.0
20230914:0530,287.14,86.3,282.1,0.0,68.68,25.66,5.1,0.0
20230914:0630,661.24,630.0,219.55,0.0,80.07,26.24,4.9,0.0
20230914:0730,590.97,589.05,171.95,0.0,76.47,28.46,4.76,0.0
20230914:0830,489.26,446.85,181.25,0.0,63.4,28.95,4.48,0.0
20230914:0930,343.83,249.45,188.2,0.0,49.11,26.76,4.55,0.0
20230914:1030,209.49,110.65,164.0,0.0,34.55,26.29,4.83,0.0
20230914:1130,72.95,27.6,82.55,0.0,19.91,25.4,4.34,0.0
20230914:1230,10.6,12.9,19.49,0.0,5.26,24.76,4.28,0.0
20230914:1330,0.0,0.0,0.0,0.0,0.0,23.85,4.21,0.0
20230914:1430,0.0,0.0,0.0,0.0,0.0,23.05,3.93,0.0
20230914:1530,0.0,0.0,0.0,0.0,0.0,22.54,3.72,0.0
20230914:1630,0.0,0.0,0.0,0.0,0.0,22.28,3.59,0.0
20230914:1730,0.0,0.0,0.0,0.0,0.0,22.13,3.31,0.0
20230914:1830,0.0,0.0,0.0,0.0,0.0,22.02,3.24,0.0
20230914:1930,0.0,0.0,0.0,0.0,0.0,21.69,3.1,0.0
20230914:2030,0.0,0.0,0.0,0.0,0.0,21.54,3.17,0.0
20230914:2130,0.0,0.0,0.0,0.0,0.0,21.35,3.17,0.0
20230914:2230,0.0,0.0,0.0,0.0,0.0,21.28,3.1,0.0
20230914:2330,0.0,0.0,0.0,0.0,0.0,21.31,3.1,0.0
20230915:0030,0.0,0.0,0.0,0.0,-3.76,21.41,3.1,0.0
20230915:0130,37.59,15.9,50.55,0.0,10.88,21.54,3.24,0.0
20230915:0230,172.88,91.85,137.6,0.0,25.54,22.18,4.14,0.0
20230915:0330,306.21,219.6,165.65,0.0,40.15,23.52,5.38,0.0
20230915:0430,414.57,273.15,247.1,0.0,54.61,24.89,5.86,0.0
20230915:0530,298.81,116.4,264.75,0.0,68.59,25.89,6.0,0.0
20230915:0630,374.45,119.95,356.5,0.0,79.77,25.55,5.66,0.0
20230915:0730,322.59,87.95,325.85,0.0,76.15,26.56,5.79,0.0
20230915:0830,446.35,358.85,204.35,0.0,63.17,26.71,5.59,0.0
20230915:0930,325.91,260.0,152.7,0.0,48.92,26.94,5.86,0.0
20230915:1030,270.76,187.35,161.2,0.0,34.37,26.17,5.59,0.0
20230915:1130,90.92,48.5,85.5,0.0,19.74,25.74,5.86,0.0
20230915:1230,13.7,16.3,22.77,0.0,5.09,24.67,4.69,0.0
20230915:1330,0.0,0.0,0.0,0.0,0.0,23.65,4.0,0.0
20230915:1430,0.0,0.0,0.0,0.0,0.0,22.94,3.86,0.0
20230915:1530,0.0,0.0,0.0,0.0,0.0,22.56,3.59,0.0
20230915:1630,0.0,0.0,0.0,0.0,0.0,22.27,3.38,0.0
20230915:1730,0.0,0.0,0.0,0.0,0.0,22.09,3.24,0.0
20230915:1830,0.0,0.0,0.0,0.0,0.0,22.04,3.17,0.0
20230915:1930,0.0,0.0,0.0,0.0,0.0,22.09,2.62,0.0
20230915:2030,0.0,0.0,0.0,0.0,0.0,22.1,2.28,0.0
20230915:2130,0.0,0.0,0.0,0.0,0.0,21.99,2.9,0.0
20230915:2230,0.0,0.0,0.0,0.0,0.0,21.88,2.9,0.0
20230915:2330,0.0,0.0,0.0,0.0,0.0,21.71,3.03,0.0
20230916:0030,0.0,0.0,0.0,0.0,-3.75,21.68,3.03,0.0
20230916:0130,16.74,2.05,32.75,0.0,10.9,21.69,3.03,0.0
20230916:0230,95.46,5.85,128.55,0.0,25.55,21.92,3.1,0.0
20230916:0330,167.14,37.05,183.1,0.0,40.15,22.76,4.41,0.0
20230916:0430,263.5,113.6,221.6,0.0,54.59,23.51,4.48,0.0
20230916:0530,181.4,56.85,180.85,0.0,68.5,24.46,4.76,0.0
20230916:0630,283.25,183.7,174.5,0.0,79.46,24.59,4.34,0.0
20230916:0730,234.52,113.1,187.9,0.0,75.82,25.18,5.1,0.0
20230916:0830,162.18,14.65,202.0,0.0,62.94,25.04,4.9,0.0
20230916:0930,105.54,15.05,132.3,0.0,48.73,24.62,4.69,0.0
20230916:1030,99.24,7.65,132.15,0.0,34.2,24.03,4.21,0.0
20230916:1130,36.48,10.35,51.8,0.0,19.57,23.88,4.0,0.0
20230916:1230,6.08,1.3,17.55,0.0,4.91,23.31,3.66,0.0
20230916:1330,0.0,0.0,0.0,0.0,0.0,22.72,3.31,0.0
20230916:1430,0.0,0.0,0.0,0.0,0.0,21.91,2.97,0.0
20230916:1530,0.0,0.0,0.0,0.0,0.0,21.48,2.9,0.0
20230916:1630,0.0,0.0,0.0,0.0,0.0,21.16,2.69,0.0
20230916:1730,0.0,0.0,0.0,0.0,0.0,20.85,2.48,0.0
20230916:1830,0.0,0.0,0.0,0.0,0.0,20.77,2.48,0.0
20230916:1930,0.0,0.0,0.0,0.0,0.0,20.94,2.28,0.0
20230916:2030,0.0,0.0,0.0,0.0,0.0,20.75,2.28,0.0
20230916:2130,0.0,0.0,0.0,0.0,0.0,20.63,2.21,0.0
20230916:2230,0.0,0.0,0.0,0.0,0.0,20.67,2.07,0.0
20230916:2330,0.0,0.0,0.0,0.0,0.0,20.68,2.0,0.0
20230917:0030,0.0,0.0,0.0,0.0,-3.74,20.68,2.0,0.0
20230917:0130,51.05,33.75,54.3,0.0,10.91,20.62,2.07,0.0
20230917:0230,200.17,151.15,112.65,0.0,25.56,21.61,2.9,0.0
20230917:0330,299.5,197.8,180.95,0.0,40.15,23.07,3.86,0.0
20230917:0430,444.59,287.15,275.05,0.0,54.56,24.62,4.34,0.0
20230917:0530,410.51,216.4,306.85,0.0,68.41,26.14,4.48,0.0
20230917:0630,481.0,416.45,192.0,0.0,79.15,26.51,4.76,0.0
20230917:0730,539.28,483.8,205.55,0.0,75.49,26.86,4.21,0.0
20230917:0830,403.67,230.85,288.3,0.0,62.71,27.73,4.07,0.0
20230917:0930,352.95,267.7,179.5,0.0,48.53,25.91,4.41,0.0
20230917:1030,89.87,55.2,72.9,0.0,34.02,25.23,4.48,0.0
20230917:1130,75.5,22.05,90.7,0.0,19.39,24.45,3.31,0.0
20230917:1230,5.75,4.75,15.56,0.0,4.74,24.17,3.45,0.0
20230917:1330,0.0,0.0,0.0,0.0,0.0,23.33,3.31,0.0
20230917:1430,0.0,0.0,0.0,0.0,0.0,22.69,3.1,0.0
20230917:1530,0.0,0.0,0.0,0.0,0.0,22.25,2.97,0.0
20230917:1630,0.0,0.0,0.0,0.0,0.0,22.05,2.76,0.0
20230917:1730,0.0,0.0,0.0,0.0,0.0,21.93,2.48,0.0
20230917:1830,0.0,0.0,0.0,0.0,0.0,21.7,2.34,0.0
20230917:1930,0.0,0.0,0.0,0.0,0.0,21.33,2.14,0.0
20230917:2030,0.0,0.0,0.0,0.0,0.0,21.13,2.21,0.0
20230917:2130,0.0,0.0,0.0,0.0,0.0,20.85,2.07,0.0
20230917:2230,0.0,0.0,0.0,0.0,0.0,20.64,2.0,0.0
20230917:2330,0.0,0.0,0.0,0.0,0.0,20.47,2.0,0.0
20230918:0030,0.0,0.0,0.0,0.0,-3.73,20.27,2.14,0.0
20230918:0130,62.21,47.7,57.75,0.0,10.92,20.25,2.14,0.0
20230918:0230,234.94,166.2,139.55,0.0,25.56,21.11,3.03,0.0
20230918:0330,446.96,430.35,134.4,0.0,40.14,22.87,2.9,0.0
20230918:0430,412.9,302.45,219.6,0.0,54.53,25.14,4.07,0.0
20230918:0530,497.14,271.0,369.65,0.0,68.3,26.34,3.79,0.0
20230918:0630,608.34,596.6,192.5,0.0,78.83,27.42,3.66,0.0
20230918:0730,578.95,522.55,227.2,0.0,75.15,28.35,4.21,0.0
20230918:0830,379.99,301.4,179.8,0.0,62.47,26.42,4.21,0.0
20230918:0930,364.61,254.05,211.0,0.0,48.33,27.13,4.69,0.0
20230918:1030,200.47,103.5,160.45,0.0,33.84,26.24,4.55,0.0
20230918:1130,75.81,19.05,94.25,0.0,19.22,25.41,4.14,0.0
20230918:1230,12.06,11.65,22.88,0.0,4.57,25.01,3.59,0.0
20230918:1330,0.0,0.0,0.0,0.0,0.0,24.22,2.9,0.0
20230918:1430,0.0,0.0,0.0,0.0,0.0,23.69,3.03,0.0
20230918:1530,0.0,0.0,0.0,0.0,0.0,23.05,3.03,0.0
20230918:1630,0.0,0.0,0.0,0.0,0.0,22.65,2.83,0.0
20230918:1730,0.0,0.0,0.0,0.0,0.0,22.22,2.76,0.0
20230918:1830,0.0,0.0,0.0,0.0,0.0,22.0,2.83,0.0
20230918:1930,0.0,0.0,0.0,0.0,0.0,22.31,2.83,0.0
20230918:2030,0.0,0.0,0.0,0.0,0.0,22.21,2.69,0.0
20230918:2130,0.0,0.0,0.0,0.0,0.0,22.13,2.34,0.0
20230918:2230,0.0,0.0,0.0,0.0,0.0,22.01,2.34,0.0
20230918:2330,0.0,0.0,0.0,0.0,0.0,21.81,2.41,0.0
20230919:0030,0.0,0.0,0.0,0.0,-3.72,21.78,2.14,0.0
20230919:0130,35.54,13.55,49.7,0.0,10.93,21.71,2.07,0.0
20230919:0230,194.47,128.95,128.4,0.0,25.57,21.99,2.34,0.0
20230919:0330,346.6,219.35,219.9,0.0,40.13,23.2,3.24,0.0
20230919:0430,471.23,348.0,252.35,0.0,54.49,24.87,3.31,0.0
20230919:0530,537.97,430.25,262.8,0.0,68.19,26.33,3.38,0.0
20230919:0630,585.5,440.7,322.9,0.0,78.5,27.12,3.38,0.0
20230919:0730,513.47,424.1,237.75,0.0,74.81,28.39,4.14,0.0
20230919:0830,574.92,580.0,163.45,0.0,62.23,28.42,4.07,0.0
20230919:0930,345.88,260.15,185.3,0.0,48.13,28.76,4.07,0.0
20230919:1030,228.94,152.9,148.15,0.0,33.66,27.48,3.59,0.0
20230919:1130,127.89,114.0,72.65,0.0,19.05,26.87,3.24,0.0
20230919:1230,6.09,12.2,13.37,0.0,4.4,26.43,3.45,0.0
20230919:1330,0.0,0.0,0.0,0.0,0.0,25.4,3.38,0.0
20230919:1430,0.0,0.0,0.0,0.0,0.0,24.39,3.52,0.0
20230919:1530,0.0,0.0,0.0,0.0,0.0,23.51,3.1,0.0
20230919:1630,0.0,0.0,0.0,0.0,0.0,22.86,2.76,0.0
20230919:1730,0.0,0.0,0.0,0.0,0.0,22.36,2.69,0.0
20230919:1830,0.0,0.0,0.0,0.0,0.0,21.78,2.48,0.0
20230919:1930,0.0,0.0,0.0,0.0,0.0,21.45,2.14,0.0
20230919:2030,0.0,0.0,0.0,0.0,0.0,21.05,2.21,0.0
20230919:2130,0.0,0.0,0.0,0.0,0.0,20.8,2.21,0.0
20230919:2230,0.0,0.0,0.0,0.0,0.0,20.7,2.14,0.0
20230919:2330,0.0,0.0,0.0,0.0,0.0,20.44,2.07,0.0
20230920:0030,0.0,0.0,0.0,0.0,-3.72,20.21,2.0,0.0
20230920:0130,64.79,45.7,62.35,0.0,10.94,20.08,1.86,0.0
20230920:0230,259.47,235.0,104.05,0.0,25.57,21.23,1.93,0.0
20230920:0330,444.77,424.75,141.75,0.0,40.12,23.36,2.28,0.0
20230920:0430,540.84,431.35,264.85,0.0,54.45,25.41,3.17,0.0
20230920:0530,565.93,430.3,305.95,0.0,68.07,27.04,3.31,0.0
20230920:0630,575.31,442.45,314.2,0.0,78.17,28.05,2.9,0.0
20230920:0730,532.29,423.35,273.65,0.0,74.47,28.6,2.9,0.0
20230920:0830,573.44,549.95,208.35,0.0,61.99,28.91,2.41,0.0
20230920:0930,416.57,306.5,242.4,0.0,47.93,29.42,1.86,0.0
20230920:1030,250.64,177.3,152.05,0.0,33.47,27.57,2.76,0.0
20230920:1130,62.59,42.05,56.75,0.0,18.87,25.35,3.52,0.0
20230920:1230,9.94,3.7,23.01,0.0,4.22,24.53,3.1,0.0
20230920:1330,0.0,0.0,0.0,0.0,0.0,23.75,3.03,0.0
20230920:1430,0.0,0.0,0.0,0.0,0.0,23.17,2.83,0.0
20230920:1530,0.0,0.0,0.0,0.0,0.0,22.82,2.69,0.0
20230920:1630,0.0,0.0,0.0,0.0,0.0,22.43,2.41,0.0
20230920:1730,0.0,0.0,0.0,0.0,0.0,22.03,2.21,0.0
20230920:1830,0.0,0.0,0.0,0.0,0.0,21.77,2.28,0.0
20230920:1930,0.0,0.0,0.0,0.0,0.0,21.73,1.86,0.0
20230920:2030,0.0,0.0,0.0,0.0,0.0,21.47,1.72,0.0
20230920:2130,0.0,0.0,0.0,0.0,0.0,21.22,1.72,0.0
20230920:2230,0.0,0.0,0.0,0.0,0.0,21.11,1.52,0.0
20230920:2330,0.0,0.0,0.0,0.0,0.0,20.97,1.45,0.0
20230921:0030,0.0,0.0,0.0,0.0,-3.71,20.75,1.59,0.0
20230921:0130,54.01,28.05,62.25,0.0,10.94,20.67,1.52,0.0
20230921:0230,186.57,74.25,173.0,0.0,25.57,21.81,1.52,0.0
20230921:0330,389.32,277.75,220.65,0.0,40.11,23.41,1.86,0.0
20230921:0430,486.43,335.8,293.9,0.0,54.4,25.32,2.21,0.0
20230921:0530,642.72,589.85,262.2,0.0,67.94,26.91,2.41,0.0
20230921:0630,508.4,310.8,359.2,0.0,77.83,28.33,2.41,0.0
20230921:0730,477.24,243.2,386.8,0.0,74.12,28.65,2.34,0.0
20230921:0830,428.44,190.6,374.7,0.0,61.74,28.99,2.28,0.0
20230921:0930,329.39,154.35,278.95,0.0,47.73,29.16,2.21,0.0
20230921:1030,214.43,91.1,196.05,0.0,33.29,28.71,2.14,0.0
20230921:1130,54.07,13.05,73.15,0.0,18.7,26.9,3.1,0.0
20230921:1230,3.3,5.45,11.18,0.0,4.05,24.95,2.34,0.0
20230921:1330,0.0,0.0,0.0,0.0,0.0,24.26,2.62,0.0
20230921:1430,0.0,0.0,0.0,0.0,0.0,23.78,2.69,0.0
20230921:1530,0.0,0.0,0.0,0.0,0.0,23.31,2.76,0.0
20230921:1630,0.0,0.0,0.0,0.0,0.0,22.89,2.55,0.0
20230921:1730,0.0,0.0,0.0,0.0,0.0,22.56,2.21,0.0
20230921:1830,0.0,0.0,0.0,0.0,0.0,22.3,1.93,0.0
20230921:1930,0.0,0.0,0.0,0.0,0.0,22.09,1.93,0.0
20230921:2030,0.0,0.0,0.0,0.0,0.0,21.69,1.72,0.0
20230921:2130,0.0,0.0,0.0,0.0,0.0,21.43,1.66,0.0
20230921:2230,0.0,0.0,0.0,0.0,0.0,21.19,1.59,0.0
20230921:2330,0.0,0.0,0.0,0.0,0.0,21.2,1.72,0.0
20230922:0030,0.0,0.0,0.0,0.0,-3.7,21.22,1.79,0.0
20230922:0130,37.92,22.85,45.8,0.0,10.95,21.14,1.45,0.0
20230922:0230,193.68,114.3,142.25,0.0,25.57,21.59,1.45,0.0
20230922:0330,339.6,254.4,179.35,0.0,40.09,22.85,1.45,0.0
20230922:0430,519.86,419.6,259.4,0.0,54.35,24.71,1.38,0.0
20230922:0530,604.33,559.55,248.1,0.0,67.81,26.7,1.38,0.0
20230922:0630,608.62,602.2,217.0,0.0,77.49,28.17,1.38,0.0
20230922:0730,575.18,588.6,179.85,0.0,73.77,28.78,1.52,0.0
20230922:0830,544.79,519.6,209.0,0.0,61.49,29.27,1.45,0.0
20230922:0930,387.2,333.85,176.2,0.0,47.52,29.59,1.38,0.0
20230922:1030,288.34,274.65,109.15,0.0,33.1,29.41,1.17,0.0
20230922:1130,80.29,60.6,64.25,0.0,18.52,28.82,1.86,0.0
20230922:1230,2.23,2.95,10.07,0.0,3.88,25.52,3.31,0.0
20230922:1330,0.0,0.0,0.0,0.0,0.0,23.91,3.1,0.0
20230922:1430,0.0,0.0,0.0,0.0,0.0,23.07,2.97,0.0
20230922:1530,0.0,0.0,0.0,0.0,0.0,22.67,3.03,0.0
20230922:1630,0.0,0.0,0.0,0.0,0.0,22.34,2.69,0.0
20230922:1730,0.0,0.0,0.0,0.0,0.0,22.08,2.62,0.0
20230922:1830,0.0,0.0,0.0,0.0,0.0,21.96,2.41,0.0
20230922:1930,0.0,0.0,0.0,0.0,0.0,22.06,1.31,0.0
20230922:2030,0.0,0.0,0.0,0.0,0.0,21.85,1.03,0.0
20230922:2130,0.0,0.0,0.0,0.0,0.0,21.81,1.24,0.0
20230922:2230,0.0,0.0,0.0,0.0,0.0,21.69,1.52,0.0
20230922:2330,0.0,0.0,0.0,0.0,0.0,21.62,1.66,0.0
20230923:0030,0.0,0.0,0.0,0.0,-3.7,21.54,1.52,0.0
20230923:0130,58.62,35.45,62.7,0.0,10.95,21.11,1.45,0.0
20230923:0230,204.66,134.3,135.5,0.0,25.57,21.83,2.28,0.0
20230923:0330,329.78,190.75,230.95,0.0,40.07,23.26,2.07,0.0
20230923:0430,463.54,353.0,241.9,0.0,54.3,25.04,2.41,0.0
20230923:0530,562.19,478.0,253.25,0.0,67.67,26.56,2.76,0.0
20230923:0630,586.0,575.5,190.35,0.0,77.15,27.73,2.83,0.0
20230923:0730,604.68,631.8,156.75,0.0,73.42,28.55,3.52,0.0
20230923:0830,545.1,527.1,182.7,0.0,61.24,28.86,3.31,0.0
20230923:0930,457.54,444.5,147.65,0.0,47.31,29.16,3.45,0.0
20230923:1030,291.59,239.6,139.8,0.0,32.92,27.7,4.0,0.0
20230923:1130,129.59,105.0,83.9,0.0,18.34,26.95,3.93,0.0
20230923:1230,6.55,9.4,15.76,0.0,3.7,26.12,3.1,0.0
20230923:1330,0.0,0.0,0.0,0.0,0.0,25.46,2.97,0.0
20230923:1430,0.0,0.0,0.0,0.0,0.0,24.77,3.1,0.0
20230923:1530,0.0,0.0,0.0,0.0,0.0,24.01,3.03,0.0
20230923:1630,0.0,0.0,0.0,0.0,0.0,23.41,2.83,0.0
20230923:1730,0.0,0.0,0.0,0.0,0.0,22.83,2.62,0.0
20230923:1830,0.0,0.0,0.0,0.0,0.0,22.5,2.55,0.0
20230923:1930,0.0,0.0,0.0,0.0,0.0,22.3,2.48,0.0
20230923:2030,0.0,0.0,0.0,0.0,0.0,22.2,2.34,0.0
20230923:2130,0.0,0.0,0.0,0.0,0.0,22.06,2.21,0.0
20230923:2230,0.0,0.0,0.0,0.0,0.0,21.81,2.21,0.0
20230923:2330,0.0,0.0,0.0,0.0,0.0,21.71,2.41,0.0
20230924:0030,0.0,0.0,0.0,0.0,-3.69,21.75,2.55,0.0
20230924:0130,39.59,11.95,56.1,0.0,10.96,21.7,2.14,0.0
20230924:0230,154.57,60.5,146.6,0.0,25.56,22.23,3.45,0.0
20230924:0330,315.73,146.7,255.35,0.0,40.05,23.46,3.52,0.0
20230924:0430,335.57,104.4,326.9,0.0,54.24,25.19,3.38,0.0
20230924:0530,397.4,119.9,393.8,0.0,67.52,26.33,3.45,0.0
20230924:0630,431.55,219.3,337.8,0.0,76.8,27.19,3.52,0.0
20230924:0730,492.28,295.95,339.65,0.0,73.07,27.76,4.21,0.0
20230924:0830,557.01,464.3,258.65,0.0,60.98,28.45,4.07,0.0
20230924:0930,414.87,378.2,154.0,0.0,47.1,28.83,4.34,0.0
20230924:1030,275.62,223.85,136.35,0.0,32.73,28.58,4.55,0.0
20230924:1130,119.01,102.1,74.4,0.0,18.17,28.09,4.62,0.0
20230924:1230,8.32,9.65,18.8,0.0,3.53,27.06,4.07,0.0
20230924:1330,0.0,0.0,0.0,0.0,0.0,25.78,3.52,0.0
20230924:1430,0.0,0.0,0.0,0.0,0.0,24.92,3.38,0.0
20230924:1530,0.0,0.0,0.0,0.0,0.0,23.97,3.17,0.0
20230924:1630,0.0,0.0,0.0,0.0,0.0,23.25,2.62,0.0
20230924:1730,0.0,0.0,0.0,0.0,0.0,22.67,2.41,0.0
20230924:1830,0.0,0.0,0.0,0.0,0.0,22.27,2.41,0.0
20230924:1930,0.0,0.0,0.0,0.0,0.0,22.4,3.03,0.0
20230924:2030,0.0,0.0,0.0,0.0,0.0,22.21,2.97,0.0
20230924:2130,0.0,0.0,0.0,0.0,0.0,22.2,2.55,0.0
20230924:2230,0.0,0.0,0.0,0.0,0.0,22.04,2.34,0.0
20230924:2330,0.0,0.0,0.0,0.0,0.0,21.78,2.14,0.0
20230925:0030,0.0,0.0,0.0,0.0,-3.69,21.67,2.0,0.0
20230925:0130,59.77,53.85,50.6,0.0,10.96,21.49,1.93,0.0
20230925:0230,215.23,166.15,117.45,0.0,25.56,22.29,2.62,0.0
20230925:0330,330.09,203.6,216.95,0.0,40.02,23.82,2.97,0.0
20230925:0430,435.49,300.1,257.3,0.0,54.17,25.42,2.9,0.0
20230925:0530,524.62,377.6,303.5,0.0,67.37,26.71,2.9,0.0
20230925:0630,617.0,566.5,240.85,0.0,76.45,27.65,3.31,0.0
20230925:0730,524.47,499.4,180.3,0.0,72.72,28.97,3.52,0.0
20230925:0830,532.18,514.3,178.6,0.0,60.72,29.39,3.45,0.0
20230925:0930,448.25,433.85,147.1,0.0,46.89,29.81,3.66,0.0
20230925:1030,302.91,268.85,129.0,0.0,32.54,29.56,3.72,0.0
20230925:1130,77.11,50.2,69.55,0.0,17.99,28.38,3.86,0.0
20230925:1230,5.28,8.1,14.33,0.0,3.36,27.52,3.1,0.0
20230925:1330,0.0,0.0,0.0,0.0,0.0,26.46,3.03,0.0
20230925:1430,0.0,0.0,0.0,0.0,0.0,25.44,3.31,0.0
20230925:1530,0.0,0.0,0.0,0.0,0.0,24.36,3.1,0.0
20230925:1630,0.0,0.0,0.0,0.0,0.0,23.65,2.83,0.0
20230925:1730,0.0,0.0,0.0,0.0,0.0,22.89,2.48,0.0
20230925:1830,0.0,0.0,0.0,0.0,0.0,22.41,2.14,0.0
20230925:1930,0.0,0.0,0.0,0.0,0.0,22.17,2.55,0.0
20230925:2030,0.0,0.0,0.0,0.0,0.0,21.88,2.48,0.0
20230925:2130,0.0,0.0,0.0,0.0,0.0,21.72,2.34,0.0
20230925:2230,0.0,0.0,0.0,0.0,0.0,21.61,2.14,0.0
20230925:2330,0.0,0.0,0.0,0.0,0.0,21.37,1.93,0.0
20230926:0030,0.0,0.0,0.0,0.0,-3.68,21.37,2.0,0.0
20230926:0130,45.98,20.4,57.95,0.0,10.96,21.41,2.21,0.0
20230926:0230,213.67,150.95,129.7,0.0,25.55,21.91,2.9,0.0
20230926:0330,375.98,276.2,199.95,0.0,40.0,23.48,3.24,0.0
20230926:0430,549.63,495.2,210.9,0.0,54.1,25.4,3.17,0.0
20230926:0530,591.88,572.5,194.35,0.0,67.21,26.82,3.31,0.0
20230926:0630,537.73,493.1,201.5,0.0,76.09,27.75,3.45,0.0
20230926:0730,491.64,429.7,203.35,0.0,72.36,28.01,3.52,0.0
20230926:0830,524.93,473.9,205.05,0.0,60.46,28.2,3.59,0.0
20230926:0930,413.65,346.05,188.15,0.0,46.68,28.79,3.59,0.0
20230926:1030,124.9,87.05,85.25,0.0,32.35,26.98,4.34,0.0
20230926:1130,97.3,71.35,74.3,0.0,17.82,25.6,3.79,0.0
20230926:1230,5.82,7.45,15.46,0.0,3.19,25.3,4.0,0.0
20230926:1330,0.0,0.0,0.0,0.0,0.0,24.54,3.52,0.0
20230926:1430,0.0,0.0,0.0,0.0,0.0,23.85,3.52,0.0
20230926:1530,0.0,0.0,0.0,0.0,0.0,23.33,3.31,0.0
20230926:1630,0.0,0.0,0.0,0.0,0.0,22.75,3.17,0.0
20230926:1730,0.0,0.0,0.0,0.0,0.0,22.46,3.03,0.0
20230926:1830,0.0,0.0,0.0,0.0,0.0,21.92,2.83,0.0
20230926:1930,0.0,0.0,0.0,0.0,0.0,21.83,2.55,0.0
20230926:2030,0.0,0.0,0.0,0.0,0.0,21.75,2.48,0.0
20230926:2130,0.0,0.0,0.0,0.0,0.0,21.54,2.48,0.0
20230926:2230,0.0,0.0,0.0,0.0,0.0,21.31,2.34,0.0
20230926:2330,0.0,0.0,0.0,0.0,0.0,21.05,2.21,0.0
20230927:0030,0.0,0.0,0.0,0.0,-3.68,21.0,2.34,0.0
20230927:0130,44.22,19.25,56.45,0.0,10.96,21.08,2.34,0.0
20230927:0230,190.06,127.4,123.65,0.0,25.54,21.68,3.03,0.0
20230927:0330,369.87,276.65,189.3,0.0,39.96,23.05,3.72,0.0
20230927:0430,355.41,156.25,296.6,0.0,54.03,25.07,4.14,0.0
20230927:0530,537.67,415.7,270.4,0.0,67.05,26.18,4.55,0.0
20230927:0630,566.27,465.25,261.15,0.0,75.74,27.41,4.9,0.0
20230927:0730,612.79,638.55,149.45,0.0,72.0,28.22,4.97,0.0
20230927:0830,555.75,566.3,147.3,0.0,60.2,28.7,4.83,0.0
20230927:0930,450.43,449.0,127.5,0.0,46.47,28.86,4.76,0.0
20230927:1030,243.06,202.25,117.35,0.0,32.16,28.5,4.41,0.0
20230927:1130,66.03,54.05,52.0,0.0,17.64,27.71,4.34,0.0
20230927:1230,3.46,8.55,11.05,0.0,3.02,26.59,4.28,0.0
20230927:1330,0.0,0.0,0.0,0.0,0.0,25.38,4.21,0.0
20230927:1430,0.0,0.0,0.0,0.0,0.0,24.35,4.14,0.0
20230927:1530,0.0,0.0,0.0,0.0,0.0,23.52,3.93,0.0
20230927:1630,0.0,0.0,0.0,0.0,0.0,22.89,3.59,0.0
20230927:1730,0.0,0.0,0.0,0.0,0.0,22.28,3.17,0.0
20230927:1830,0.0,0.0,0.0,0.0,0.0,21.91,3.03,0.0
20230927:1930,0.0,0.0,0.0,0.0,0.0,21.8,2.76,0.0
20230927:2030,0.0,0.0,0.0,0.0,0.0,21.72,2.69,0.0
20230927:2130,0.0,0.0,0.0,0.0,0.0,21.42,2.69,0.0
20230927:2230,0.0,0.0,0.0,0.0,0.0,21.32,2.69,0.0
20230927:2330,0.0,0.0,0.0,0.0,0.0,21.16,2.76,0.0
20230928:0030,0.0,0.0,0.0,0.0,-3.68,21.21,2.97,0.0
20230928:0130,55.44,31.65,61.45,0.0,10.96,21.34,3.17,0.0
20230928:0230,218.45,170.55,115.3,0.0,25.52,22.09,4.41,0.0
20230928:0330,314.58,234.8,161.15,0.0,39.93,23.48,4.83,0.0
20230928:0430,391.99,198.8,297.3,0.0,53.95,24.9,4.97,0.0
20230928:0530,310.59,69.55,329.95,0.0,66.87,26.3,5.38,0.0
20230928:0630,433.19,333.75,213.7,0.0,75.38,26.67,5.17,0.0
20230928:0730,261.25,136.55,200.55,0.0,71.65,27.43,4.69,0.0
20230928:0830,308.62,141.15,255.05,0.0,59.94,26.54,4.21,0.0
20230928:0930,188.9,81.05,167.1,0.0,46.25,26.13,5.03,0.0
20230928:1030,136.46,33.7,151.75,0.0,31.97,24.88,4.69,0.0
20230928:1130,63.57,21.1,77.3,0.0,17.47,24.78,4.69,0.0
20230928:1230,4.45,1.5,14.91,0.0,2.85,24.25,4.14,0.0
20230928:1330,0.0,0.0,0.0,0.0,0.0,23.43,3.79,0.0
20230928:1430,0.0,0.0,0.0,0.0,0.0,22.92,3.52,0.0
20230928:1530,0.0,0.0,0.0,0.0,0.0,22.57,3.52,0.0
20230928:1630,0.0,0.0,0.0,0.0,0.0,22.22,3.38,0.0
20230928:1730,0.0,0.0,0.0,0.0,0.0,21.9,3.31,0.0
20230928:1830,0.0,0.0,0.0,0.0,0.0,21.98,3.59,0.0
20230928:1930,0.0,0.0,0.0,0.0,0.0,21.88,3.1,0.0
20230928:2030,0.0,0.0,0.0,0.0,0.0,21.83,3.1,0.0
20230928:2130,0.0,0.0,0.0,0.0,0.0,21.74,3.03,0.0
20230928:2230,0.0,0.0,0.0,0.0,0.0,21.82,3.1,0.0
20230928:2330,0.0,0.0,0.0,0.0,0.0,21.84,3.31,0.0
20230929:0030,0.0,0.0,0.0,0.0,-3.68,21.95,3.52,0.0
20230929:0130,39.97,19.65,50.9,0.0,10.95,21.89,3.45,0.0
20230929:0230,165.73,93.25,127.65,0.0,25.51,22.39,4.55,0.0
20230929:0330,305.37,222.85,161.3,0.0,39.89,23.54,5.45,0.0
20230929:0430,475.97,406.1,187.6,0.0,53.87,24.74,6.21,0.0
20230929:0530,517.56,403.1,248.4,0.0,66.7,25.8,6.14,0.0
20230929:0630,371.79,230.5,239.25,0.0,75.02,26.36,5.86,0.0
20230929:0730,208.1,71.3,198.95,0.0,71.29,24.7,4.34,0.0
20230929:0830,255.4,146.3,176.45,0.0,59.67,23.18,4.9,0.0
20230929:0930,153.78,47.15,156.7,0.0,46.04,23.45,4.97,0.0
20230929:1030,181.3,108.05,129.5,0.0,31.79,23.07,4.34,0.0
20230929:1130,65.23,25.35,75.1,0.0,17.29,23.31,4.0,0.0
20230929:1230,3.38,6.3,11.58,0.0,2.69,22.73,4.48,0.0
20230929:1330,0.0,0.0,0.0,0.0,0.0,21.89,4.28,0.0
20230929:1430,0.0,0.0,0.0,0.0,0.0,21.5,4.21,0.0
20230929:1530,0.0,0.0,0.0,0.0,0.0,21.28,3.93,0.0
20230929:1630,0.0,0.0,0.0,0.0,0.0,21.27,3.86,0.0
20230929:1730,0.0,0.0,0.0,0.0,0.0,21.31,3.66,0.0
20230929:1830,0.0,0.0,0.0,0.0,0.0,21.24,3.66,0.0
20230929:1930,0.0,0.0,0.0,0.0,0.0,21.53,3.52,0.0
20230929:2030,0.0,0.0,0.0,0.0,0.0,21.6,3.66,0.0
20230929:2130,0.0,0.0,0.0,0.0,0.0,21.8,3.38,0.0
20230929:2230,0.0,0.0,0.0,0.0,0.0,21.87,3.31,0.0
20230929:2330,0.0,0.0,0.0,0.0,0.0,21.93,3.1,0.0
20230930:0030,0.0,0.0,0.0,0.0,-3.68,22.02,3.31,0.0
20230930:0130,23.25,12.1,34.45,0.0,10.95,22.15,3.59,0.0
20230930:0230,122.95,55.75,113.25,0.0,25.49,22.44,3.31,0.0
20230930:0330,180.12,64.15,171.15,0.0,39.84,23.33,5.24,0.0
20230930:0430,375.66,262.75,206.95,0.0,53.78,23.88,5.17,0.0
20230930:0530,396.63,266.5,230.65,0.0,66.51,25.12,5.93,0.0
20230930:0630,406.32,244.65,267.15,0.0,74.65,25.83,6.14,0.0
20230930:0730,473.98,294.5,304.0,0.0,70.93,26.08,6.28,0.0
20230930:0830,403.45,224.7,286.55,0.0,59.41,26.55,6.14,0.0
20230930:0930,302.27,187.35,197.9,0.0,45.82,26.61,5.93,0.0
20230930:1030,241.9,167.65,146.85,0.0,31.6,26.19,5.52,0.0
20230930:1130,62.06,34.15,64.15,0.0,17.12,25.55,5.86,0.0
20230930:1230,2.43,4.4,10.38,0.0,2.52,24.22,4.69,0.0
20230930:1330,0.0,0.0,0.0,0.0,0.0,23.33,4.69,0.0
20230930:1430,0.0,0.0,0.0,0.0,0.0,22.89,4.07,0.0
20230930:1530,0.0,0.0,0.0,0.0,0.0,22.5,3.72,0.0
20230930:1630,0.0,0.0,0.0,0.0,0.0,22.43,3.52,0.0
20230930:1730,0.0,0.0,0.0,0.0,0.0,22.3,3.66,0.0
20230930:1830,0.0,0.0,0.0,0.0,0.0,22.17,3.72,0.0
20230930:1930,0.0,0.0,0.0,0.0,0.0,21.54,3.86,0.0
20230930:2030,0.0,0.0,0.0,0.0,0.0,21.3,3.79,0.0
20230930:2130,0.0,0.0,0.0,0.0,0.0,21.15,3.86,0.0
20230930:2230,0.0,0.0,0.0,0.0,0.0,21.11,3.86,0.0
20230930:2330,0.0,0.0,0.0,0.0,0.0,20.96,3.86,0.0
20231001:0030,0.0,0.0,0.0,0.0,-3.68,20.95,3.86,0.0
20231001:0130,40.0,19.95,50.45,0.0,10.94,20.89,3.59,0.0
20231001:0230,176.33,101.65,131.85,0.0,25.47,21.67,3.79,0.0
20231001:0330,299.36,202.2,174.65,0.0,39.8,23.11,5.17,0.0
20231001:0430,441.12,351.15,199.1,0.0,53.69,24.21,5.66,0.0
20231001:0530,447.12,340.8,219.45,0.0,66.32,25.66,6.21,0.0
20231001:0630,489.12,444.3,168.25,0.0,74.29,26.28,6.28,0.0
20231001:0730,633.57,650.85,153.1,0.0,70.57,27.09,6.41,0.0
20231001:0830,506.6,452.1,185.8,0.0,59.14,26.84,6.41,0.0
20231001:0930,216.35,127.5,153.55,0.0,45.6,27.16,6.14,0.0
20231001:1030,258.15,197.05,136.5,0.0,31.41,25.69,5.72,0.0
20231001:1130,65.29,33.25,68.95,0.0,16.94,25.16,5.86,0.0
20231001:1230,3.68,2.65,13.29,0.0,2.36,24.13,4.41,0.0
20231001:1330,0.0,0.0,0.0,0.0,0.0,23.32,4.34,0.0
20231001:1430,0.0,0.0,0.0,0.0,0.0,22.61,4.0,0.0
20231001:1530,0.0,0.0,0.0,0.0,0.0,22.32,3.66,0.0
20231001:1630,0.0,0.0,0.0,0.0,0.0,22.18,3.31,0.0
20231001:1730,0.0,0.0,0.0,0.0,0.0,22.16,3.38,0.0
20231001:1830,0.0,0.0,0.0,0.0,0.0,22.06,3.59,0.0
20231001:1930,0.0,0.0,0.0,0.0,0.0,22.36,3.03,0.0
20231001:2030,0.0,0.0,0.0,0.0,0.0,22.27,3.59,0.0
20231001:2130,0.0,0.0,0.0,0.0,0.0,21.89,3.59,0.0
20231001:2230,0.0,0.0,0.0,0.0,0.0,21.95,3.38,0.0
20231001:2330,0.0,0.0,0.0,0.0,0.0,22.07,3.17,0.0
20231002:0030,0.0,0.0,0.0,0.0,-3.68,22.18,3.17,0.0
20231002:0130,37.47,9.5,55.3,0.0,10.93,22.3,2.97,0.0
20231002:0230,208.78,173.55,101.8,0.0,25.44,22.73,4.0,0.0
20231002:0330,331.29,233.8,183.9,0.0,39.75,23.82,4.83,0.0
20231002:0430,374.43,270.05,201.3,0.0,53.59,25.08,4.83,0.0
20231002:0530,467.38,392.45,197.15,0.0,66.13,26.03,4.9,0.0
20231002:0630,684.21,665.55,219.6,0.0,73.92,27.04,4.97,0.0
20231002:0730,626.73,583.5,228.4,0.0,70.21,28.61,5.03,0.0
20231002:0830,548.96,562.7,143.35,0.0,58.87,29.14,4.83,0.0
20231002:0930,419.37,377.15,162.0,0.0,45.39,29.4,4.76,0.0
20231002:1030,259.99,220.55,121.85,0.0,31.22,29.19,4.62,0.0
20231002:1130,137.42,139.85,66.65,0.0,16.77,28.53,4.28,0.0
20231002:1230,2.91,0.0,12.6,0.0,2.19,27.6,3.79,0.0
20231002:1330,0.0,0.0,0.0,0.0,0.0,26.04,3.24,0.0
20231002:1430,0.0,0.0,0.0,0.0,0.0,24.78,3.17,0.0
20231002:1530,0.0,0.0,0.0,0.0,0.0,23.73,2.97,0.0
20231002:1630,0.0,0.0,0.0,0.0,0.0,22.9,2.76,0.0
20231002:1730,0.0,0.0,0.0,0.0,0.0,22.21,2.55,0.0
20231002:1830,0.0,0.0,0.0,0.0,0.0,21.76,2.62,0.0
20231002:1930,0.0,0.0,0.0,0.0,0.0,21.6,2.69,0.0
20231002:2030,0.0,0.0,0.0,0.0,0.0,21.48,2.48,0.0
20231002:2130,0.0,0.0,0.0,0.0,0.0,21.33,2.55,0.0
20231002:2230,0.0,0.0,0.0,0.0,0.0,21.05,2.41,0.0
20231002:2330,0.0,0.0,0.0,0.0,0.0,20.7,2.28,0.0
20231003:0030,0.0,0.0,0.0,0.0,-3.69,20.49,2.0,0.0
20231003:0130,53.56,45.0,49.1,0.0,10.92,20.47,1.93,0.0
20231003:0230,245.65,208.95,111.7,0.0,25.41,21.02,2.34,0.0
20231003:0330,443.23,410.4,152.0,0.0,39.69,22.81,2.48,0.0
20231003:0430,593.13,610.9,153.6,0.0,53.49,24.95,2.9,0.0
20231003:0530,682.09,702.9,192.95,0.0,65.93,26.79,3.31,0.0
20231003:0630,735.93,814.4,160.5,0.0,73.56,28.4,3.93,0.0
20231003:0730,673.38,705.2,190.2,0.0,69.86,29.34,3.31,0.0
20231003:0830,559.95,515.55,218.65,0.0,58.61,29.99,3.66,0.0
20231003:0930,407.99,328.8,201.3,0.0,45.17,30.13,3.93,0.0
20231003:1030,242.03,192.4,129.4,0.0,31.03,29.86,3.86,0.0
20231003:1130,114.65,98.6,75.8,0.0,16.6,29.26,3.52,0.0
20231003:1230,3.44,0.0,13.65,0.0,2.03,28.03,3.31,0.0
20231003:1330,0.0,0.0,0.0,0.0,0.0,26.37,3.59,0.0
20231003:1430,0.0,0.0,0.0,0.0,0.0,25.01,3.45,0.0
20231003:1530,0.0,0.0,0.0,0.0,0.0,23.95,3.1,0.0
20231003:1630,0.0,0.0,0.0,0.0,0.0,23.13,2.83,0.0
20231003:1730,0.0,0.0,0.0,0.0,0.0,22.43,2.62,0.0
20231003:1830,0.0,0.0,0.0,0.0,0.0,21.83,2.48,0.0
20231003:1930,0.0,0.0,0.0,0.0,0.0,21.2,2.34,0.0
20231003:2030,0.0,0.0,0.0,0.0,0.0,20.64,2.28,0.0
20231003:2130,0.0,0.0,0.0,0.0,0.0,20.41,2.14,0.0
20231003:2230,0.0,0.0,0.0,0.0,0.0,20.34,2.14,0.0
20231003:2330,0.0,0.0,0.0,0.0,0.0,20.11,2.21,0.0
20231004:0030,0.0,0.0,0.0,0.0,-3.69,19.86,2.0,0.0
20231004:0130,56.31,35.75,59.05,0.0,10.9,19.49,1.72,0.0
20231004:0230,255.26,222.4,109.9,0.0,25.38,20.15,1.86,0.0
20231004:0330,479.3,498.9,112.35,0.0,39.64,22.15,1.79,0.0
20231004:0430,619.12,687.55,123.85,0.0,53.38,24.67,1.79,0.0
20231004:0530,704.4,812.45,131.95,0.0,65.72,26.96,2.14,0.0
20231004:0630,735.96,863.25,134.6,0.0,73.19,28.62,2.41,0.0
20231004:0730,715.57,832.85,137.55,0.0,69.5,29.77,2.55,0.0
20231004:0830,648.17,739.85,127.1,0.0,58.34,30.46,2.9,0.0
20231004:0930,521.41,554.65,131.85,0.0,44.96,30.71,3.17,0.0
20231004:1030,350.07,365.2,98.6,0.0,30.85,30.54,3.31,0.0
20231004:1130,140.61,150.7,63.6,0.0,16.43,29.93,3.17,0.0
20231004:1230,3.98,0.0,14.7,0.0,1.87,28.56,2.76,0.0
20231004:1330,0.0,0.0,0.0,0.0,0.0,26.49,2.97,0.0
20231004:1430,0.0,0.0,0.0,0.0,0.0,25.03,3.1,0.0
20231004:1530,0.0,0.0,0.0,0.0,0.0,23.9,2.97,0.0
20231004:1630,0.0,0.0,0.0,0.0,0.0,22.92,2.62,0.0
20231004:1730,0.0,0.0,0.0,0.0,0.0,22.1,2.28,0.0
20231004:1830,0.0,0.0,0.0,0.0,0.0,21.41,2.07,0.0
20231004:1930,0.0,0.0,0.0,0.0,0.0,21.32,2.34,0.0
20231004:2030,0.0,0.0,0.0,0.0,0.0,21.08,2.21,0.0
20231004:2130,0.0,0.0,0.0,0.0,0.0,20.7,2.0,0.0
20231004:2230,0.0,0.0,0.0,0.0,0.0,20.41,1.86,0.0
20231004:2330,0.0,0.0,0.0,0.0,0.0,20.24,1.86,0.0
20231005:0030,0.0,0.0,0.0,0.0,-3.7,19.75,1.59,0.0
20231005:0130,49.32,22.15,60.4,0.0,10.89,19.53,1.59,0.0
20231005:0230,214.47,136.0,144.4,0.0,25.35,19.94,1.66,0.0
20231005:0330,457.16,445.55,135.6,0.0,39.58,21.48,1.66,0.0
20231005:0430,610.16,674.05,127.4,0.0,53.27,24.29,1.45,0.0
20231005:0530,690.4,805.85,131.3,0.0,65.51,26.71,1.31,0.0
20231005:0630,700.69,800.15,160.65,0.0,72.82,28.38,1.45,0.0
20231005:0730,707.74,834.35,134.15,0.0,69.14,29.41,1.86,0.0
20231005:0830,642.84,739.8,125.8,0.0,58.07,30.2,2.28,0.0
20231005:0930,523.77,580.55,112.55,0.0,44.74,30.54,2.55,0.0
20231005:1030,353.78,375.75,94.75,0.0,30.66,30.52,2.76,0.0
20231005:1130,143.99,153.35,66.35,0.0,16.27,30.07,2.69,0.0
20231005:1230,3.7,0.0,14.2,0.0,1.72,28.79,2.21,0.0
20231005:1330,0.0,0.0,0.0,0.0,0.0,26.73,2.76,0.0
20231005:1430,0.0,0.0,0.0,0.0,0.0,25.15,3.17,0.0
20231005:1530,0.0,0.0,0.0,0.0,0.0,23.89,3.31,0.0
20231005:1630,0.0,0.0,0.0,0.0,0.0,22.86,2.97,0.0
20231005:1730,0.0,0.0,0.0,0.0,0.0,22.19,2.83,0.0
20231005:1830,0.0,0.0,0.0,0.0,0.0,21.61,2.76,0.0
20231005:1930,0.0,0.0,0.0,0.0,0.0,21.42,2.9,0.0
20231005:2030,0.0,0.0,0.0,0.0,0.0,21.01,2.62,0.0
20231005:2130,0.0,0.0,0.0,0.0,0.0,20.63,2.41,0.0
20231005:2230,0.0,0.0,0.0,0.0,0.0,20.45,2.28,0.0
20231005:2330,0.0,0.0,0.0,0.0,0.0,20.35,1.79,0.0
20231006:0030,0.0,0.0,0.0,0.0,-3.71,20.35,1.93,0.0
20231006:0130,55.45,42.75,53.05,0.0,10.87,20.08,2.0,0.0
20231006:0230,249.41,202.8,122.0,0.0,25.31,20.61,2.28,0.0
20231006:0330,461.49,467.25,118.5,0.0,39.51,22.49,2.28,0.0
20231006:0430,598.42,628.6,152.95,0.0,53.15,25.05,2.0,0.0
20231006:0530,671.02,742.55,156.2,0.0,65.29,27.19,1.93,0.0
20231006:0630,673.16,727.05,186.85,0.0,72.45,28.61,1.72,0.0
20231006:0730,669.51,778.65,143.3,0.0,68.78,29.68,1.24,0.0
20231006:0830,532.83,558.85,152.45,0.0,57.8,30.53,1.72,0.0
20231006:0930,467.15,506.3,111.25,0.0,44.52,30.57,2.0,0.0
20231006:1030,245.0,216.35,112.6,0.0,30.48,30.48,2.28,0.0
20231006:1130,93.13,78.95,67.5,0.0,16.1,29.88,2.14,0.0
20231006:1230,2.58,0.0,12.0,0.0,1.56,28.99,1.66,0.0
20231006:1330,0.0,0.0,0.0,0.0,0.0,27.35,1.79,0.0
20231006:1430,0.0,0.0,0.0,0.0,0.0,25.94,2.14,0.0
20231006:1530,0.0,0.0,0.0,0.0,0.0,25.11,2.55,0.0
20231006:1630,0.0,0.0,0.0,0.0,0.0,24.38,2.76,0.0
20231006:1730,0.0,0.0,0.0,0.0,0.0,23.93,2.62,0.0
20231006:1830,0.0,0.0,0.0,0.0,0.0,23.35,2.28,0.0
20231006:1930,0.0,0.0,0.0,0.0,0.0,22.64,2.28,0.0
20231006:2030,0.0,0.0,0.0,0.0,0.0,22.25,2.21,0.0
20231006:2130,0.0,0.0,0.0,0.0,0.0,21.89,2.21,0.0
20231006:2230,0.0,0.0,0.0,0.0,0.0,21.49,2.0,0.0
20231006:2330,0.0,0.0,0.0,0.0,0.0,21.32,1.93,0.0
20231007:0030,0.0,0.0,0.0,0.0,-3.72,21.15,1.93,0.0
20231007:0130,45.01,23.0,54.8,0.0,10.85,21.04,1.79,0.0
20231007:0230,216.12,148.65,135.45,0.0,25.28,21.51,2.21,0.0
20231007:0330,421.4,403.7,134.2,0.0,39.44,23.31,1.86,0.0
20231007:0430,525.39,542.75,143.95,0.0,53.03,25.64,1.31,0.0
20231007:0530,582.32,577.05,203.3,0.0,65.07,26.93,0.97,0.0
20231007:0630,477.74,456.75,175.45,0.0,72.08,28.07,0.83,0.0
20231007:0730,365.36,314.55,165.6,0.0,68.43,28.8,0.69,0.0
20231007:0830,517.43,525.6,170.5,0.0,57.53,28.88,0.62,0.0
20231007:0930,395.79,392.05,133.75,0.0,44.31,29.71,0.69,0.0
20231007:1030,260.4,256.35,94.8,0.0,30.29,29.73,0.76,0.0
20231007:1130,87.94,74.0,65.55,0.0,15.93,29.34,0.76,0.0
20231007:1230,2.1,0.0,11.0,0.0,1.41,28.85,1.17,0.0
20231007:1330,0.0,0.0,0.0,0.0,0.0,27.59,1.79,0.0
20231007:1430,0.0,0.0,0.0,0.0,0.0,26.08,2.07,0.0
20231007:1530,0.0,0.0,0.0,0.0,0.0,24.92,1.72,0.0
20231007:1630,0.0,0.0,0.0,0.0,0.0,24.21,1.45,0.0
20231007:1730,0.0,0.0,0.0,0.0,0.0,23.74,1.79,0.0
20231007:1830,0.0,0.0,0.0,0.0,0.0,23.33,2.21,0.0
20231007:1930,0.0,0.0,0.0,0.0,0.0,23.26,2.07,0.0
20231007:2030,0.0,0.0,0.0,0.0,0.0,22.68,1.72,0.0
20231007:2130,0.0,0.0,0.0,0.0,0.0,22.2,1.45,0.0
20231007:2230,0.0,0.0,0.0,0.0,0.0,21.89,1.38,0.0
20231007:2330,0.0,0.0,0.0,0.0,0.0,21.74,1.38,0.0
20231008:0030,0.0,0.0,0.0,0.0,-3.73,21.59,1.38,0.0
20231008:0130,57.47,45.5,54.15,0.0,10.82,21.39,1.31,0.0
20231008:0230,207.37,153.25,122.45,0.0,25.23,22.4,1.31,0.0
20231008:0330,417.13,407.85,132.25,0.0,39.37,24.41,1.03,0.0
20231008:0430,527.44,553.95,148.85,0.0,52.91,26.58,0.55,0.0
20231008:0530,552.44,560.35,183.8,0.0,64.84,27.62,0.55,0.0
20231008:0630,628.92,697.15,167.85,0.0,71.71,28.22,0.55,0.0
20231008:0730,579.14,614.15,180.6,0.0,68.07,28.97,0.34,0.0
20231008:0830,440.8,424.15,169.0,0.0,57.26,30.03,0.21,0.0
20231008:0930,330.26,268.25,171.85,0.0,44.09,30.12,0.48,0.0
20231008:1030,242.76,197.7,129.15,0.0,30.11,29.34,1.1,0.0
20231008:1130,54.96,31.45,59.55,0.0,15.77,27.84,1.24,0.0
20231008:1230,0.89,0.0,8.2,0.0,1.26,25.7,2.28,0.0
20231008:1330,0.0,0.0,0.0,0.0,0.0,23.91,2.34,0.0
20231008:1430,0.0,0.0,0.0,0.0,0.0,23.26,2.28,0.0
20231008:1530,0.0,0.0,0.0,0.0,0.0,22.91,1.86,0.0
20231008:1630,0.0,0.0,0.0,0.0,0.0,22.62,1.66,0.0
20231008:1730,0.0,0.0,0.0,0.0,0.0,22.44,1.52,0.0
20231008:1830,0.0,0.0,0.0,0.0,0.0,22.29,1.45,0.0
20231008:1930,0.0,0.0,0.0,0.0,0.0,22.04,1.38,0.0
20231008:2030,0.0,0.0,0.0,0.0,0.0,21.83,1.38,0.0
20231008:2130,0.0,0.0,0.0,0.0,0.0,21.65,1.38,0.0
20231008:2230,0.0,0.0,0.0,0.0,0.0,21.58,1.38,0.0
20231008:2330,0.0,0.0,0.0,0.0,0.0,21.45,1.45,0.0
20231009:0030,0.0,0.0,0.0,0.0,-3.74,21.41,1.38,0.0
20231009:0130,48.81,36.5,49.85,0.0,10.8,21.24,1.31,0.0
20231009:0230,210.44,169.65,109.2,0.0,25.19,22.14,1.86,0.0
20231009:0330,368.96,333.75,138.45,0.0,39.29,23.68,1.52,0.0
20231009:0430,505.48,455.8,201.2,0.0,52.78,25.44,1.66,0.0
20231009:0530,620.47,656.9,169.45,0.0,64.61,27.05,1.66,0.0
20231009:0630,538.43,542.65,170.2,0.0,71.34,28.4,1.52,0.0
20231009:0730,529.44,475.65,229.7,0.0,67.72,28.74,1.38,0.0
20231009:0830,440.13,425.15,157.3,0.0,56.99,29.36,0.97,0.0
20231009:0930,314.85,244.9,174.45,0.0,43.88,29.52,0.28,0.0
20231009:1030,141.74,84.6,113.15,0.0,29.93,29.24,0.76,0.0
20231009:1130,54.67,27.0,62.8,0.0,15.61,27.13,1.66,0.0
20231009:1230,0.64,0.0,7.6,0.0,1.11,25.35,2.14,0.0
20231009:1330,0.0,0.0,0.0,0.0,0.0,24.09,2.0,0.0
20231009:1430,0.0,0.0,0.0,0.0,0.0,23.47,1.52,0.0
20231009:1530,0.0,0.0,0.0,0.0,0.0,23.11,1.31,0.0
20231009:1630,0.0,0.0,0.0,0.0,0.0,22.73,1.1,0.0
20231009:1730,0.0,0.0,0.0,0.0,0.0,22.47,0.83,0.0
20231009:1830,0.0,0.0,0.0,0.0,0.0,22.35,1.17,0.0
20231009:1930,0.0,0.0,0.0,0.0,0.0,22.11,0.48,0.0
20231009:2030,0.0,0.0,0.0,0.0,0.0,22.15,0.97,0.0
20231009:2130,0.0,0.0,0.0,0.0,0.0,21.95,1.1,0.0
20231009:2230,0.0,0.0,0.0,0.0,0.0,21.77,1.03,0.0
20231009:2330,0.0,0.0,0.0,0.0,0.0,21.72,0.9,0.0
20231010:0030,0.0,0.0,0.0,0.0,-3.76,21.72,0.83,0.0
20231010:0130,38.02,11.65,54.4,0.0,10.77,21.56,1.03,0.0
20231010:0230,168.26,109.15,117.35,0.0,25.14,22.17,1.1,0.0
20231010:0330,300.13,217.4,166.8,0.0,39.21,23.3,1.66,0.0
20231010:0430,421.43,310.55,231.75,0.0,52.64,24.86,1.72,0.0
20231010:0530,605.11,550.65,256.75,0.0,64.38,26.26,1.38,0.0
20231010:0630,509.77,377.45,301.85,0.0,70.98,27.78,1.1,0.0
20231010:0730,546.7,536.8,203.9,0.0,67.37,28.96,0.62,0.0
20231010:0830,380.66,306.45,198.55,0.0,56.73,29.67,0.69,0.0
20231010:0930,403.11,379.1,155.5,0.0,43.67,29.25,0.83,0.0
20231010:1030,206.26,109.85,172.05,0.0,29.75,29.62,0.28,0.0
20231010:1130,66.32,22.45,81.75,0.0,15.45,27.44,2.14,0.0
20231010:1230,1.93,0.0,10.55,0.0,0.96,25.74,2.69,0.0
20231010:1330,0.0,0.0,0.0,0.0,0.0,24.07,1.86,0.0
20231010:1430,0.0,0.0,0.0,0.0,0.0,23.26,1.1,0.0
20231010:1530,0.0,0.0,0.0,0.0,0.0,23.07,1.24,0.0
20231010:1630,0.0,0.0,0.0,0.0,0.0,22.83,1.45,0.0
20231010:1730,0.0,0.0,0.0,0.0,0.0,22.42,1.66,0.0
20231010:1830,0.0,0.0,0.0,0.0,0.0,22.1,1.59,0.0
20231010:1930,0.0,0.0,0.0,0.0,0.0,22.1,1.72,0.0
20231010:2030,0.0,0.0,0.0,0.0,0.0,21.99,1.45,0.0
20231010:2130,0.0,0.0,0.0,0.0,0.0,21.62,1.03,0.0
20231010:2230,0.0,0.0,0.0,0.0,0.0,21.28,0.9,0.0
20231010:2330,0.0,0.0,0.0,0.0,0.0,21.21,0.83,0.0
20231011:0030,0.0,0.0,0.0,0.0,-3.78,21.09,1.03,0.0
20231011:0130,39.57,25.4,46.25,0.0,10.74,21.08,0.9,0.0
20231011:0230,143.08,76.05,118.65,0.0,25.09,21.69,0.83,0.0
20231011:0330,262.63,147.8,191.1,0.0,39.13,22.8,1.03,0.0
20231011:0430,392.3,290.9,213.35,0.0,52.5,24.21,1.24,0.0
20231011:0530,323.03,87.05,335.8,0.0,64.14,25.68,1.17,0.0
20231011:0630,253.6,69.3,264.3,0.0,70.61,26.14,1.17,0.0
20231011:0730,411.16,258.9,280.85,0.0,67.02,27.19,1.1,0.0
20231011:0830,398.71,243.75,282.55,0.0,56.46,27.88,0.97,0.0
20231011:0930,312.19,219.05,193.15,0.0,43.46,28.32,0.69,0.0
20231011:1030,186.88,99.45,154.5,0.0,29.57,27.82,0.69,0.0
20231011:1130,50.16,13.45,68.7,0.0,15.29,26.88,1.24,0.0
20231011:1230,0.38,0.0,6.9,0.0,0.82,24.82,3.1,0.0
20231011:1330,0.0,0.0,0.0,0.0,0.0,23.36,2.83,0.0
20231011:1430,0.0,0.0,0.0,0.0,0.0,22.79,2.21,0.0
20231011:1530,0.0,0.0,0.0,0.0,0.0,22.47,1.72,0.0
20231011:1630,0.0,0.0,0.0,0.0,0.0,22.19,1.45,0.0
20231011:1730,0.0,0.0,0.0,0.0,0.0,21.91,1.1,0.0
20231011:1830,0.0,0.0,0.0,0.0,0.0,21.73,0.97,0.0
20231011:1930,0.0,0.0,0.0,0.0,0.0,21.38,1.93,0.0
20231011:2030,0.0,0.0,0.0,0.0,0.0,21.09,1.52,0.0
20231011:2130,0.0,0.0,0.0,0.0,0.0,20.98,1.31,0.0
20231011:2230,0.0,0.0,0.0,0.0,0.0,20.85,0.9,0.0
20231011:2330,0.0,0.0,0.0,0.0,0.0,20.78,0.76,0.0
20231012:0030,0.0,0.0,0.0,0.0,-3.8,20.79,1.03,0.0
20231012:0130,22.65,16.55,30.3,0.0,10.7,20.77,1.31,0.0
20231012:0230,153.34,87.85,118.55,0.0,25.04,21.21,1.79,0.0
20231012:0330,333.01,207.55,220.95,0.0,39.04,22.62,0.9,0.0
20231012:0430,485.99,433.0,206.1,0.0,52.36,24.49,0.41,0.0
20231012:0530,518.32,448.75,244.7,0.0,63.9,25.98,0.28,0.0
20231012:0630,553.94,436.6,308.55,0.0,70.24,26.93,0.76,0.0
20231012:0730,580.11,535.45,246.2,0.0,66.67,27.84,1.03,0.0
20231012:0830,505.88,441.5,225.45,0.0,56.19,28.64,1.93,0.0
20231012:0930,420.39,366.9,182.0,0.0,43.25,28.64,2.28,0.0
20231012:1030,280.44,242.25,130.45,0.0,29.39,28.49,2.21,0.0
20231012:1130,92.04,73.7,70.95,0.0,15.14,28.03,2.41,0.0
20231012:1230,1.57,0.0,9.8,0.0,0.68,27.08,1.52,0.0
20231012:1330,0.0,0.0,0.0,0.0,0.0,26.82,0.07,0.0
20231012:1430,0.0,0.0,0.0,0.0,0.0,25.1,1.38,0.0
20231012:1530,0.0,0.0,0.0,0.0,0.0,24.11,2.14,0.0
20231012:1630,0.0,0.0,0.0,0.0,0.0,23.29,2.34,0.0
20231012:1730,0.0,0.0,0.0,0.0,0.0,22.6,2.28,0.0
20231012:1830,0.0,0.0,0.0,0.0,0.0,22.16,2.0,0.0
20231012:1930,0.0,0.0,0.0,0.0,0.0,21.69,1.59,0.0
20231012:2030,0.0,0.0,0.0,0.0,0.0,21.17,1.38,0.0
20231012:2130,0.0,0.0,0.0,0.0,0.0,20.55,1.1,0.0
20231012:2230,0.0,0.0,0.0,0.0,0.0,20.21,0.9,0.0
20231012:2330,0.0,0.0,0.0,0.0,0.0,20.04,0.83,0.0
20231013:0030,0.0,0.0,0.0,0.0,-3.82,20.04,0.76,0.0
20231013:0130,50.99,39.2,50.5,0.0,10.67,20.09,0.69,0.0
20231013:0230,217.74,147.6,141.1,0.0,24.98,21.21,0.41,0.0
20231013:0330,394.88,348.05,164.0,0.0,38.95,22.95,0.34,0.0
20231013:0430,572.49,604.1,163.5,0.0,52.21,24.94,0.34,0.0
20231013:0530,651.16,707.4,179.25,0.0,63.65,26.84,0.9,0.0
20231013:0630,624.53,685.75,146.3,0.0,69.87,28.29,2.0,0.0
20231013:0730,694.41,794.41,135.4,0.0,66.32,28.89,2.76,0.0
20231013:0830,583.81,615.6,151.8,0.0,55.93,29.53,3.17,0.0
20231013:0930,494.02,521.8,123.75,0.0,43.04,29.56,3.1,0.0
20231013:1030,330.1,341.45,96.6,0.0,29.22,29.58,3.1,0.0
20231013:1130,123.06,127.4,65.2,0.0,14.99,29.11,2.62,0.0
20231013:1230,2.09,0.0,10.95,0.0,0.54,27.65,1.79,0.0
20231013:1330,0.0,0.0,0.0,0.0,0.0,25.78,1.86,0.0
20231013:1430,0.0,0.0,0.0,0.0,0.0,24.22,2.0,0.0
20231013:1530,0.0,0.0,0.0,0.0,0.0,23.02,2.28,0.0
20231013:1630,0.0,0.0,0.0,0.0,0.0,22.3,2.41,0.0
20231013:1730,0.0,0.0,0.0,0.0,0.0,21.77,2.41,0.0
20231013:1830,0.0,0.0,0.0,0.0,0.0,21.16,2.21,0.0
20231013:1930,0.0,0.0,0.0,0.0,0.0,21.24,1.1,0.0
20231013:2030,0.0,0.0,0.0,0.0,0.0,22.23,0.62,0.0
20231013:2130,0.0,0.0,0.0,0.0,0.0,19.64,1.31,0.0
20231013:2230,0.0,0.0,0.0,0.0,0.0,18.29,1.66,0.0
20231013:2330,0.0,0.0,0.0,0.0,0.0,17.96,1.66,0.0
20231014:0030,0.0,0.0,0.0,0.0,-3.84,17.64,1.66,0.0
20231014:0130,64.79,64.7,48.05,0.0,10.63,17.55,1.52,0.0
20231014:0230,255.23,223.75,111.25,0.0,24.92,20.29,0.97,0.0
20231014:0330,384.63,324.35,171.15,0.0,38.86,22.96,0.83,0.0
20231014:0430,585.79,641.4,139.55,0.0,52.06,24.72,0.62,0.0
20231014:0530,622.06,674.4,178.5,0.0,63.41,26.53,0.28,0.0
20231014:0630,661.42,699.6,223.4,0.0,69.51,27.66,0.34,0.0
20231014:0730,660.45,721.7,187.3,0.0,65.98,28.5,0.97,0.0
20231014:0830,596.62,638.05,167.5,0.0,55.66,29.18,1.38,0.0
20231014:0930,466.49,490.3,128.2,0.0,42.83,29.47,1.45,0.0
20231014:1030,293.12,282.3,110.95,0.0,29.05,29.44,1.52,0.0
20231014:1130,110.81,112.15,63.55,0.0,14.84,29.05,1.38,0.0
20231014:1230,1.53,0.0,9.75,0.0,0.41,27.71,0.97,0.0
20231014:1330,0.0,0.0,0.0,0.0,0.0,26.39,0.97,0.0
20231014:1430,0.0,0.0,0.0,0.0,0.0,26.19,0.69,0.0
20231014:1530,0.0,0.0,0.0,0.0,0.0,25.77,0.76,0.0
20231014:1630,0.0,0.0,0.0,0.0,0.0,22.92,1.93,0.0
20231014:1730,0.0,0.0,0.0,0.0,0.0,22.47,2.34,0.0
20231014:1830,0.0,0.0,0.0,0.0,0.0,22.19,2.07,0.0
20231014:1930,0.0,0.0,0.0,0.0,0.0,22.25,0.83,0.0
20231014:2030,0.0,0.0,0.0,0.0,0.0,22.29,0.41,0.0
20231014:2130,0.0,0.0,0.0,0.0,0.0,21.81,0.55,0.0
20231014:2230,0.0,0.0,0.0,0.0,0.0,21.44,0.76,0.0
20231014:2330,0.0,0.0,0.0,0.0,0.0,21.28,1.38,0.0
20231015:0030,0.0,0.0,0.0,0.0,-3.87,21.05,1.38,0.0
20231015:0130,46.68,8.75,67.45,0.0,10.59,20.79,1.24,0.0
20231015:0230,208.14,133.55,142.8,0.0,24.85,21.89,1.03,0.0
20231015:0330,352.18,221.25,232.85,0.0,38.76,23.52,1.24,0.0
20231015:0430,417.39,247.6,294.9,0.0,51.91,24.95,1.24,0.0
20231015:0530,509.81,328.25,346.3,0.0,63.15,26.07,1.17,0.0
20231015:0630,617.88,552.45,283.3,0.0,69.14,27.07,1.1,0.0
20231015:0730,596.17,559.9,246.35,0.0,65.63,27.63,0.97,0.0
20231015:0830,548.12,547.45,198.05,0.0,55.4,28.26,0.34,0.0
20231015:0930,449.65,442.9,160.25,0.0,42.62,28.63,0.34,0.0
20231015:1030,279.85,257.45,119.2,0.0,28.87,28.78,0.83,0.0
20231015:1130,95.31,63.95,84.65,0.0,14.69,28.48,1.1,0.0
20231015:1230,1.34,0.0,9.3,0.0,0.28,27.53,0.76,0.0
20231015:1330,0.0,0.0,0.0,0.0,0.0,27.3,0.41,0.0
20231015:1430,0.0,0.0,0.0,0.0,0.0,25.36,0.97,0.0
20231015:1530,0.0,0.0,0.0,0.0,0.0,24.01,1.52,0.0
20231015:1630,0.0,0.0,0.0,0.0,0.0,23.52,1.17,0.0
20231015:1730,0.0,0.0,0.0,0.0,0.0,23.16,1.1,0.0
20231015:1830,0.0,0.0,0.0,0.0,0.0,22.2,1.24,0.0
20231015:1930,0.0,0.0,0.0,0.0,0.0,21.93,1.38,0.0
20231015:2030,0.0,0.0,0.0,0.0,0.0,21.94,1.03,0.0
20231015:2130,0.0,0.0,0.0,0.0,0.0,22.96,0.41,0.0
20231015:2230,0.0,0.0,0.0,0.0,0.0,22.56,0.48,0.0
20231015:2330,0.0,0.0,0.0,0.0,0.0,21.58,0.9,0.0
20231016:0030,0.0,0.0,0.0,0.0,-3.89,21.44,0.83,0.0
20231016:0130,46.85,40.55,45.05,0.0,10.55,21.97,0.62,0.0
20231016:0230,181.61,135.5,109.35,0.0,24.79,22.55,0.62,0.0
20231016:0330,381.94,341.65,153.1,0.0,38.66,24.07,0.76,0.0
20231016:0430,509.72,498.3,172.4,0.0,51.75,25.54,0.83,0.0
20231016:0530,618.19,646.65,190.65,0.0,62.9,26.93,0.83,0.0
20231016:0630,514.29,465.05,220.8,0.0,68.78,28.26,0.97,0.0
20231016:0730,590.21,549.15,242.1,0.0,65.29,28.61,1.66,0.0
20231016:0830,442.59,348.05,233.8,0.0,55.14,29.37,2.0,0.0
20231016:0930,284.33,210.05,163.1,0.0,42.42,29.18,2.0,0.0
20231016:1030,194.41,161.55,102.2,0.0,28.71,28.64,1.66,0.0
20231016:1130,61.29,37.3,63.65,0.0,14.55,28.04,1.45,0.0
20231016:1230,0.87,0.0,8.2,0.0,0.15,27.43,0.48,0.0
20231016:1330,0.0,0.0,0.0,0.0,0.0,25.74,0.97,0.0
20231016:1430,0.0,0.0,0.0,0.0,0.0,24.39,1.03,0.0
20231016:1530,0.0,0.0,0.0,0.0,0.0,23.48,1.31,0.0
20231016:1630,0.0,0.0,0.0,0.0,0.0,22.89,1.1,0.0
20231016:1730,0.0,0.0,0.0,0.0,0.0,22.4,1.03,0.0
20231016:1830,0.0,0.0,0.0,0.0,0.0,22.07,0.9,0.0
20231016:1930,0.0,0.0,0.0,0.0,0.0,22.1,1.17,0.0
20231016:2030,0.0,0.0,0.0,0.0,0.0,22.09,0.34,0.0
20231016:2130,0.0,0.0,0.0,0.0,0.0,21.76,0.34,0.0
20231016:2230,0.0,0.0,0.0,0.0,0.0,21.78,0.07,0.0
20231016:2330,0.0,0.0,0.0,0.0,0.0,21.74,0.9,0.0
20231017:0030,0.0,0.0,0.0,0.0,-3.92,21.61,0.97,0.0
20231017:0130,23.78,12.95,34.7,0.0,10.5,21.47,0.9,0.0
20231017:0230,139.85,80.85,110.7,0.0,24.72,22.08,0.62,0.0
20231017:0330,222.16,165.1,122.8,0.0,38.55,23.07,0.97,0.0
20231017:0430,382.04,258.5,235.75,0.0,51.59,24.13,0.76,0.0
20231017:0530,538.42,485.35,230.4,0.0,62.64,25.54,0.62,0.0
20231017:0630,578.95,610.25,170.05,0.0,68.42,26.86,0.55,0.0
20231017:0730,604.73,622.0,184.75,0.0,64.95,28.18,1.79,0.0
20231017:0830,387.98,361.2,143.05,0.0,54.88,28.7,1.79,0.0
20231017:0930,376.68,337.0,155.3,0.0,42.22,28.61,1.79,0.0
20231017:1030,223.79,182.1,119.55,0.0,28.54,28.83,1.72,0.0
20231017:1130,60.04,57.3,45.4,0.0,14.4,27.79,1.1,0.0
20231017:1230,0.33,0.0,6.8,0.0,0.03,27.03,0.21,0.0
20231017:1330,0.0,0.0,0.0,0.0,0.0,25.78,1.1,0.0
20231017:1430,0.0,0.0,0.0,0.0,0.0,24.32,0.76,0.0
20231017:1530,0.0,0.0,0.0,0.0,0.0,23.88,0.07,0.0
20231017:1630,0.0,0.0,0.0,0.0,0.0,23.23,0.62,0.0
20231017:1730,0.0,0.0,0.0,0.0,0.0,22.86,1.1,0.0
20231017:1830,0.0,0.0,0.0,0.0,0.0,22.49,0.9,0.0
20231017:1930,0.0,0.0,0.0,0.0,0.0,22.81,0.76,0.0
20231017:2030,0.0,0.0,0.0,0.0,0.0,22.18,1.31,0.0
20231017:2130,0.0,0.0,0.0,0.0,0.0,21.88,1.52,0.0
20231017:2230,0.0,0.0,0.0,0.0,0.0,21.89,1.45,0.0
20231017:2330,0.0,0.0,0.0,0.0,0.0,21.49,1.38,0.0
20231018:0030,0.0,0.0,0.0,0.0,-3.96,21.11,1.52,0.0
20231018:0130,63.08,59.95,51.0,0.0,10.45,20.67,1.59,0.0
20231018:0230,257.88,240.55,101.15,0.0,24.64,22.54,1.45,0.0
20231018:0330,435.46,437.1,121.5,0.0,38.44,24.34,2.07,0.0
20231018:0430,568.06,597.9,138.65,0.0,51.42,25.84,2.48,0.0
20231018:0530,674.91,752.66,138.8,0.0,62.38,27.23,2.83,0.0
20231018:0630,654.32,680.6,184.75,0.0,68.06,28.5,3.1,0.0
20231018:0730,545.99,528.15,180.9,0.0,64.62,28.68,3.45,0.0
20231018:0830,528.91,518.3,167.65,0.0,54.63,28.84,3.59,0.0
20231018:0930,413.48,400.05,135.0,0.0,42.02,29.17,3.52,0.0
20231018:1030,264.74,260.7,92.35,0.0,28.38,29.26,3.24,0.0
20231018:1130,93.76,95.3,57.1,0.0,14.26,29.06,2.69,0.0
20231018:1230,0.0,0.0,0.0,0.0,-0.1,27.94,2.0,0.0
20231018:1330,0.0,0.0,0.0,0.0,0.0,26.48,2.62,0.0
20231018:1430,0.0,0.0,0.0,0.0,0.0,25.51,3.17,0.0
20231018:1530,0.0,0.0,0.0,0.0,0.0,24.64,3.17,0.0
20231018:1630,0.0,0.0,0.0,0.0,0.0,23.88,2.69,0.0
20231018:1730,0.0,0.0,0.0,0.0,0.0,23.23,2.28,0.0
20231018:1830,0.0,0.0,0.0,0.0,0.0,22.65,1.93,0.0
20231018:1930,0.0,0.0,0.0,0.0,0.0,22.18,0.97,0.0
20231018:2030,0.0,0.0,0.0,0.0,0.0,22.81,0.62,0.0
20231018:2130,0.0,0.0,0.0,0.0,0.0,22.59,0.48,0.0
20231018:2230,0.0,0.0,0.0,0.0,0.0,22.28,0.21,0.0
20231018:2330,0.0,0.0,0.0,0.0,0.0,21.95,0.21,0.0
20231019:0030,0.0,0.0,0.0,0.0,-3.99,21.46,0.48,0.0
20231019:0130,65.27,64.15,51.15,0.0,10.4,21.1,0.55,0.0
20231019:0230,261.84,254.8,93.9,0.0,24.57,21.5,0.21,0.0
20231019:0330,441.66,466.8,115.25,0.0,38.33,24.28,0.07,0.0
20231019:0430,575.33,640.2,131.65,0.0,51.25,25.98,0.55,0.0
20231019:0530,663.9,752.61,144.65,0.0,62.12,27.4,1.45,0.0
20231019:0630,699.37,794.86,147.15,0.0,67.7,28.7,2.41,0.0
20231019:0730,658.9,720.41,154.05,0.0,64.29,29.49,3.24,0.0
20231019:0830,558.13,573.05,159.25,0.0,54.37,30.09,3.38,0.0
20231019:0930,437.78,420.05,151.2,0.0,41.82,30.17,3.38,0.0
20231019:1030,278.33,253.1,119.3,0.0,28.22,30.05,3.1,0.0
20231019:1130,100.11,95.05,65.9,0.0,14.13,29.52,2.69,0.0
20231019:1230,0.0,0.0,0.0,0.0,-0.21,28.22,1.93,0.0
20231019:1330,0.0,0.0,0.0,0.0,0.0,26.73,2.0,0.0
20231019:1430,0.0,0.0,0.0,0.0,0.0,25.44,2.41,0.0
20231019:1530,0.0,0.0,0.0,0.0,0.0,24.78,2.76,0.0
20231019:1630,0.0,0.0,0.0,0.0,0.0,24.12,2.55,0.0
20231019:1730,0.0,0.0,0.0,0.0,0.0,23.27,2.14,0.0
20231019:1830,0.0,0.0,0.0,0.0,0.0,22.05,1.59,0.0
20231019:1930,0.0,0.0,0.0,0.0,0.0,21.22,1.79,0.0
20231019:2030,0.0,0.0,0.0,0.0,0.0,20.65,1.93,0.0
20231019:2130,0.0,0.0,0.0,0.0,0.0,20.2,2.0,0.0
20231019:2230,0.0,0.0,0.0,0.0,0.0,19.77,1.79,0.0
20231019:2330,0.0,0.0,0.0,0.0,0.0,19.61,1.59,0.0
20231020:0030,0.0,0.0,0.0,0.0,-4.03,19.96,1.24,0.0
20231020:0130,64.77,64.65,50.3,0.0,10.34,21.2,0.76,0.0
20231020:0230,262.04,256.35,91.85,0.0,24.49,21.42,0.48,0.0
20231020:0330,441.99,461.6,114.15,0.0,38.22,24.57,0.9,0.0
20231020:0430,556.29,590.95,141.7,0.0,51.08,26.15,1.38,0.0
20231020:0530,567.55,588.45,156.95,0.0,61.86,27.5,2.07,0.0
20231020:0630,591.89,622.9,154.45,0.0,67.35,28.41,2.69,0.0
20231020:0730,619.35,664.45,150.65,0.0,63.95,29.18,3.24,0.0
20231020:0830,565.53,599.35,143.05,0.0,54.12,29.76,3.17,0.0
20231020:0930,407.34,421.0,109.0,0.0,41.62,29.98,3.1,0.0
20231020:1030,271.54,261.45,102.05,0.0,28.06,29.8,3.03,0.0
20231020:1130,93.78,99.2,54.7,0.0,13.99,29.43,2.83,0.0
20231020:1230,0.0,0.0,0.0,0.0,-0.33,28.28,1.93,0.0
20231020:1330,0.0,0.0,0.0,0.0,0.0,26.6,1.93,0.0
20231020:1430,0.0,0.0,0.0,0.0,0.0,25.55,2.28,0.0
20231020:1530,0.0,0.0,0.0,0.0,0.0,25.04,2.62,0.0
20231020:1630,0.0,0.0,0.0,0.0,0.0,24.52,2.62,0.0
20231020:1730,0.0,0.0,0.0,0.0,0.0,23.97,2.28,0.0
20231020:1830,0.0,0.0,0.0,0.0,0.0,23.07,1.72,0.0
20231020:1930,0.0,0.0,0.0,0.0,0.0,22.39,1.38,0.0
20231020:2030,0.0,0.0,0.0,0.0,0.0,22.11,1.1,0.0
20231020:2130,0.0,0.0,0.0,0.0,0.0,21.73,1.1,0.0
20231020:2230,0.0,0.0,0.0,0.0,0.0,21.67,1.03,0.0
20231020:2330,0.0,0.0,0.0,0.0,0.0,21.29,1.1,0.0
20231021:0030,0.0,0.0,0.0,0.0,-4.07,20.89,1.1,0.0
20231021:0130,64.51,65.9,49.05,0.0,10.29,20.87,0.97,0.0
20231021:0230,253.17,250.55,86.8,0.0,24.41,22.15,0.76,0.0
20231021:0330,426.83,441.6,110.8,0.0,38.1,24.67,1.31,0.0
20231021:0430,500.72,517.25,128.3,0.0,50.9,26.11,2.28,0.0
20231021:0530,579.56,578.45,176.6,0.0,61.59,27.24,2.83,0.0
20231021:0630,543.29,531.3,173.6,0.0,66.99,28.32,3.24,0.0
20231021:0730,586.04,595.15,169.5,0.0,63.63,28.32,3.24,0.0
20231021:0830,491.73,488.6,149.0,0.0,53.87,28.89,3.1,0.0
20231021:0930,352.37,346.45,109.7,0.0,41.43,29.15,3.1,0.0
20231021:1030,248.38,230.35,102.2,0.0,27.9,28.99,2.9,0.0
20231021:1130,93.88,96.3,57.2,0.0,13.87,28.71,2.41,0.0
20231021:1230,0.0,0.0,0.0,0.0,-0.44,27.82,2.14,0.0
20231021:1330,0.0,0.0,0.0,0.0,0.0,26.59,2.0,0.0
20231021:1430,0.0,0.0,0.0,0.0,0.0,25.58,2.28,0.0
20231021:1530,0.0,0.0,0.0,0.0,0.0,24.92,2.28,0.0
20231021:1630,0.0,0.0,0.0,0.0,0.0,24.42,2.07,0.0
20231021:1730,0.0,0.0,0.0,0.0,0.0,23.71,1.72,0.0
20231021:1830,0.0,0.0,0.0,0.0,0.0,22.85,1.45,0.0
20231021:1930,0.0,0.0,0.0,0.0,0.0,23.14,0.76,0.0
20231021:2030,0.0,0.0,0.0,0.0,0.0,23.32,0.41,0.0
20231021:2130,0.0,0.0,0.0,0.0,0.0,22.38,0.76,0.0
20231021:2230,0.0,0.0,0.0,0.0,0.0,22.16,0.69,0.0
20231021:2330,0.0,0.0,0.0,0.0,0.0,22.06,0.48,0.0
20231022:0030,0.0,0.0,0.0,0.0,-4.11,21.77,0.48,0.0
20231022:0130,63.96,64.7,49.75,0.0,10.23,21.54,0.34,0.0
20231022:0230,241.84,232.05,91.55,0.0,24.32,21.89,0.21,0.0
20231022:0330,426.7,436.45,119.75,0.0,37.97,24.4,0.69,0.0
20231022:0430,459.74,469.9,123.6,0.0,50.72,25.98,1.66,0.0
20231022:0530,518.38,520.6,152.35,0.0,61.32,26.9,2.14,0.0
20231022:0630,594.94,582.0,206.05,0.0,66.64,27.83,2.07,0.0
20231022:0730,547.01,527.0,193.0,0.0,63.3,28.96,2.41,0.0
20231022:0830,549.07,585.1,137.65,0.0,53.62,29.44,2.55,0.0
20231022:0930,415.57,391.55,152.15,0.0,41.24,29.81,2.69,0.0
20231022:1030,271.6,270.45,93.95,0.0,27.75,29.6,2.62,0.0
20231022:1130,91.75,94.8,56.3,0.0,13.74,29.23,2.62,0.0
20231022:1230,0.0,0.0,0.0,0.0,-0.55,28.21,1.66,0.0
20231022:1330,0.0,0.0,0.0,0.0,0.0,26.45,1.31,0.0
20231022:1430,0.0,0.0,0.0,0.0,0.0,24.97,1.31,0.0
20231022:1530,0.0,0.0,0.0,0.0,0.0,23.54,1.79,0.0
20231022:1630,0.0,0.0,0.0,0.0,0.0,22.83,1.93,0.0
20231022:1730,0.0,0.0,0.0,0.0,0.0,22.18,1.59,0.0
20231022:1830,0.0,0.0,0.0,0.0,0.0,21.97,1.1,0.0
20231022:1930,0.0,0.0,0.0,0.0,0.0,21.86,1.31,0.0
20231022:2030,0.0,0.0,0.0,0.0,0.0,21.67,1.45,0.0
20231022:2130,0.0,0.0,0.0,0.0,0.0,20.97,1.66,0.0
20231022:2230,0.0,0.0,0.0,0.0,0.0,20.78,1.31,0.0
20231022:2330,0.0,0.0,0.0,0.0,0.0,20.71,0.97,0.0
20231023:0030,0.0,0.0,0.0,0.0,-4.15,21.29,0.41,0.0
20231023:0130,46.8,31.95,51.55,0.0,10.16,21.4,0.07,0.0
20231023:0230,213.86,172.9,113.4,0.0,24.23,21.82,0.34,0.0
20231023:0330,384.05,313.25,183.7,0.0,37.85,23.34,0.76,0.0
20231023:0430,544.01,566.8,146.15,0.0,50.54,25.37,1.31,0.0
20231023:0530,568.61,555.35,197.85,0.0,61.05,27.09,1.52,0.0
20231023:0630,597.55,629.65,168.1,0.0,66.29,28.32,1.66,0.0
20231023:0730,548.22,459.75,265.7,0.0,62.98,29.3,2.48,0.0
20231023:0830,521.11,530.85,153.3,0.0,53.38,29.78,2.69,0.0
20231023:0930,444.9,430.4,153.35,0.0,41.05,30.15,2.83,0.0
20231023:1030,290.8,287.3,104.2,0.0,27.6,30.18,2.34,0.0
20231023:1130,103.25,110.6,58.8,0.0,13.61,29.83,1.86,0.0
20231023:1230,0.0,0.0,0.0,0.0,-0.65,28.07,1.1,0.0
20231023:1330,0.0,0.0,0.0,0.0,0.0,28.18,0.83,0.0
20231023:1430,0.0,0.0,0.0,0.0,0.0,27.77,0.07,0.0
20231023:1530,0.0,0.0,0.0,0.0,0.0,24.34,1.24,0.0
20231023:1630,0.0,0.0,0.0,0.0,0.0,21.9,2.21,0.0
20231023:1730,0.0,0.0,0.0,0.0,0.0,21.72,2.83,0.0
20231023:1830,0.0,0.0,0.0,0.0,0.0,21.41,2.69,0.0
20231023:1930,0.0,0.0,0.0,0.0,0.0,21.01,2.07,0.0
20231023:2030,0.0,0.0,0.0,0.0,0.0,20.65,2.07,0.0
20231023:2130,0.0,0.0,0.0,0.0,0.0,20.56,1.93,0.0
20231023:2230,0.0,0.0,0.0,0.0,0.0,20.58,1.66,0.0
20231023:2330,0.0,0.0,0.0,0.0,0.0,20.35,1.38,0.0
20231024:0030,0.0,0.0,0.0,0.0,-4.2,19.89,1.17,0.0
20231024:0130,46.08,31.3,50.6,0.0,10.1,19.85,1.03,0.0
20231024:0230,158.5,73.05,139.8,0.0,24.14,20.5,0.9,0.0
20231024:0330,425.82,370.45,178.3,0.0,37.72,21.65,0.69,0.0
20231024:0430,582.97,648.01,131.1,0.0,50.35,24.09,0.34,0.0
20231024:0530,659.48,777.16,128.8,0.0,60.78,26.41,0.48,0.0
20231024:0630,680.72,798.66,137.2,0.0,65.94,28.09,1.03,0.0
20231024:0730,675.55,777.76,135.1,0.0,62.66,29.29,2.14,0.0
20231024:0830,599.55,681.31,123.75,0.0,53.13,29.83,1.86,0.0
20231024:0930,481.2,531.8,108.85,0.0,40.86,30.19,1.66,0.0
20231024:1030,309.11,329.7,88.9,0.0,27.45,30.25,1.59,0.0
20231024:1130,107.65,119.9,57.4,0.0,13.49,29.89,1.31,0.0
20231024:1230,0.0,0.0,0.0,0.0,-0.75,28.06,1.03,0.0
20231024:1330,0.0,0.0,0.0,0.0,0.0,25.83,1.45,0.0
20231024:1430,0.0,0.0,0.0,0.0,0.0,24.28,1.45,0.0
20231024:1530,0.0,0.0,0.0,0.0,0.0,23.22,1.52,0.0
20231024:1630,0.0,0.0,0.0,0.0,0.0,21.69,1.72,0.0
20231024:1730,0.0,0.0,0.0,0.0,0.0,20.4,2.07,0.0
20231024:1830,0.0,0.0,0.0,0.0,0.0,20.04,2.41,0.0
20231024:1930,0.0,0.0,0.0,0.0,0.0,19.93,2.0,0.0
20231024:2030,0.0,0.0,0.0,0.0,0.0,19.67,2.07,0.0
20231024:2130,0.0,0.0,0.0,0.0,0.0,19.73,2.0,0.0
20231024:2230,0.0,0.0,0.0,0.0,0.0,19.36,1.93,0.0
20231024:2330,0.0,0.0,0.0,0.0,0.0,19.11,1.66,0.0
20231025:0030,0.0,0.0,0.0,0.0,-4.25,18.59,1.38,0.0
20231025:0130,66.58,73.85,45.65,0.0,10.03,18.54,1.1,0.0
20231025:0230,253.98,253.5,83.1,0.0,24.05,20.2,0.55,0.0
20231025:0330,436.9,466.75,101.75,0.0,37.59,23.07,0.41,0.0
20231025:0430,577.8,649.31,120.2,0.0,50.17,25.16,0.69,0.0
20231025:0530,620.77,712.71,124.7,0.0,60.51,27.16,0.97,0.0
20231025:0630,673.63,761.16,159.7,0.0,65.6,28.64,1.38,0.0
20231025:0730,654.74,742.36,143.75,0.0,62.35,29.83,2.0,0.0
20231025:0830,586.07,655.46,130.65,0.0,52.89,30.41,2.0,0.0
20231025:0930,442.96,472.0,114.25,0.0,40.68,30.79,2.07,0.0
20231025:1030,287.37,287.95,100.85,0.0,27.31,30.74,2.21,0.0
20231025:1130,100.05,109.95,56.1,0.0,13.38,30.31,2.34,0.0
20231025:1230,0.0,0.0,0.0,0.0,-0.85,28.79,1.93,0.0
20231025:1330,0.0,0.0,0.0,0.0,0.0,26.74,1.86,0.0
20231025:1430,0.0,0.0,0.0,0.0,0.0,24.93,2.0,0.0
20231025:1530,0.0,0.0,0.0,0.0,0.0,23.45,1.86,0.0
20231025:1630,0.0,0.0,0.0,0.0,0.0,25.86,0.9,0.0
20231025:1730,0.0,0.0,0.0,0.0,0.0,24.06,0.83,0.0
20231025:1830,0.0,0.0,0.0,0.0,0.0,21.23,1.31,0.0
20231025:1930,0.0,0.0,0.0,0.0,0.0,23.27,0.21,0.0
20231025:2030,0.0,0.0,0.0,0.0,0.0,20.83,1.17,0.0
20231025:2130,0.0,0.0,0.0,0.0,0.0,19.57,1.17,0.0
20231025:2230,0.0,0.0,0.0,0.0,0.0,19.66,1.03,0.0
20231025:2330,0.0,0.0,0.0,0.0,0.0,19.53,0.97,0.0
20231026:0030,0.0,0.0,0.0,0.0,-4.3,19.45,0.9,0.0
20231026:0130,63.29,70.8,44.15,0.0,9.96,18.95,0.9,0.0
20231026:0230,261.49,258.5,87.65,0.0,23.95,19.91,0.48,0.0
20231026:0330,422.36,418.95,131.05,0.0,37.45,23.51,0.48,0.0
20231026:0430,534.3,585.86,121.5,0.0,49.98,25.49,0.62,0.0
20231026:0530,647.26,746.86,128.5,0.0,60.24,27.25,1.17,0.0
20231026:0630,653.22,737.26,143.5,0.0,65.26,28.88,1.86,0.0
20231026:0730,636.98,701.31,154.0,0.0,62.04,29.61,2.21,0.0
20231026:0830,590.59,664.01,124.85,0.0,52.66,30.1,2.21,0.0
20231026:0930,457.4,492.55,112.2,0.0,40.5,30.42,2.14,0.0
20231026:1030,293.27,301.8,95.45,0.0,27.17,30.44,1.86,0.0
20231026:1130,98.48,107.35,56.55,0.0,13.26,30.06,1.79,0.0
20231026:1230,0.0,0.0,0.0,0.0,-0.94,28.39,1.17,0.0
20231026:1330,0.0,0.0,0.0,0.0,0.0,26.25,1.38,0.0
20231026:1430,0.0,0.0,0.0,0.0,0.0,24.23,1.79,0.0
20231026:1530,0.0,0.0,0.0,0.0,0.0,23.06,1.86,0.0
20231026:1630,0.0,0.0,0.0,0.0,0.0,23.17,1.45,0.0
20231026:1730,0.0,0.0,0.0,0.0,0.0,23.3,1.17,0.0
20231026:1830,0.0,0.0,0.0,0.0,0.0,21.83,1.31,0.0
20231026:1930,0.0,0.0,0.0,0.0,0.0,21.81,1.1,0.0
20231026:2030,0.0,0.0,0.0,0.0,0.0,21.22,1.03,0.0
20231026:2130,0.0,0.0,0.0,0.0,0.0,20.29,1.1,0.0
20231026:2230,0.0,0.0,0.0,0.0,0.0,20.38,0.97,0.0
20231026:2330,0.0,0.0,0.0,0.0,0.0,20.87,0.62,0.0
20231027:0030,0.0,0.0,0.0,0.0,-4.35,20.77,0.28,0.0
20231027:0130,61.61,64.8,47.2,0.0,9.89,20.55,0.28,0.0
20231027:0230,255.28,252.6,87.2,0.0,23.85,20.84,0.48,0.0
20231027:0330,422.1,414.3,131.35,0.0,37.32,24.15,1.31,0.0
20231027:0430,573.05,621.51,127.95,0.0,49.78,25.91,1.93,0.0
20231027:0530,603.12,613.86,183.85,0.0,59.97,27.55,2.14,0.0
20231027:0630,611.63,590.7,221.3,0.0,64.92,28.79,2.55,0.0
20231027:0730,636.73,653.76,195.5,0.0,61.73,29.52,2.76,0.0
20231027:0830,570.02,586.16,170.45,0.0,52.42,30.16,2.62,0.0
20231027:0930,431.21,398.15,171.35,0.0,40.33,30.61,2.41,0.0
20231027:1030,281.33,270.1,110.5,0.0,27.03,30.56,2.28,0.0
20231027:1130,94.63,84.65,70.2,0.0,13.15,30.15,2.14,0.0
20231027:1230,0.0,0.0,0.0,0.0,-1.03,28.84,1.72,0.0
20231027:1330,0.0,0.0,0.0,0.0,0.0,27.04,1.93,0.0
20231027:1430,0.0,0.0,0.0,0.0,0.0,25.7,2.07,0.0
20231027:1530,0.0,0.0,0.0,0.0,0.0,24.65,2.0,0.0
20231027:1630,0.0,0.0,0.0,0.0,0.0,23.82,2.21,0.0
20231027:1730,0.0,0.0,0.0,0.0,0.0,22.97,2.14,0.0
20231027:1830,0.0,0.0,0.0,0.0,0.0,22.18,1.86,0.0
20231027:1930,0.0,0.0,0.0,0.0,0.0,22.49,2.0,0.0
20231027:2030,0.0,0.0,0.0,0.0,0.0,21.79,1.79,0.0
20231027:2130,0.0,0.0,0.0,0.0,0.0,21.3,1.59,0.0
20231027:2230,0.0,0.0,0.0,0.0,0.0,20.98,1.38,0.0
20231027:2330,0.0,0.0,0.0,0.0,0.0,21.19,1.1,0.0
20231028:0030,0.0,0.0,0.0,0.0,-4.41,20.77,1.17,0.0
20231028:0130,57.06,57.75,46.35,0.0,9.81,20.23,1.38,0.0
20231028:0230,224.94,197.85,103.0,0.0,23.75,22.44,1.24,0.0
20231028:0330,431.25,440.7,114.75,0.0,37.18,24.53,1.86,0.0
20231028:0430,526.05,549.85,132.3,0.0,49.59,26.29,2.21,0.0
20231028:0530,624.73,648.56,175.95,0.0,59.69,27.78,2.62,0.0
20231028:0630,502.13,479.7,173.65,0.0,64.58,29.18,2.97,0.0
20231028:0730,550.44,520.2,203.35,0.0,61.43,29.22,2.76,0.0
20231028:0830,493.57,477.55,169.7,0.0,52.19,29.93,2.69,0.0
20231028:0930,396.08,387.75,131.0,0.0,40.15,30.35,2.76,0.0
20231028:1030,257.85,242.9,106.05,0.0,26.9,30.45,2.62,0.0
20231028:1130,62.71,32.8,71.2,0.0,13.05,30.13,2.34,0.0
20231028:1230,0.0,0.0,0.0,0.0,-1.12,28.64,2.14,0.0
20231028:1330,0.0,0.0,0.0,0.0,0.0,27.49,1.45,0.0
20231028:1430,0.0,0.0,0.0,0.0,0.0,26.27,0.83,0.0
20231028:1530,0.0,0.0,0.0,0.0,0.0,25.09,1.03,0.0
20231028:1630,0.0,0.0,0.0,0.0,0.0,24.92,0.76,0.0
20231028:1730,0.0,0.0,0.0,0.0,0.0,25.04,0.55,0.0
20231028:1830,0.0,0.0,0.0,0.0,0.0,24.58,0.41,0.0
20231028:1930,0.0,0.0,0.0,0.0,0.0,23.04,1.17,0.0
20231028:2030,0.0,0.0,0.0,0.0,0.0,22.22,1.38,0.0
20231028:2130,0.0,0.0,0.0,0.0,0.0,21.51,1.66,0.0
20231028:2230,0.0,0.0,0.0,0.0,0.0,21.37,1.86,0.0
20231028:2330,0.0,0.0,0.0,0.0,0.0,21.03,1.79,0.0
20231029:0030,0.0,0.0,0.0,0.0,-4.46,20.79,1.86,0.0
20231029:0130,55.11,35.4,59.75,0.0,9.73,20.76,1.86,0.0
20231029:0230,207.72,156.25,121.0,0.0,23.64,22.26,1.79,0.0
20231029:0330,411.83,380.2,147.2,0.0,37.03,24.22,2.34,0.0
20231029:0430,526.13,518.35,159.25,0.0,49.39,26.12,2.9,0.0
20231029:0530,631.41,644.46,183.5,0.0,59.42,27.61,3.17,0.0
20231029:0630,569.79,534.8,211.65,0.0,64.25,29.06,3.24,0.0
20231029:0730,517.38,478.85,194.4,0.0,61.13,29.06,3.24,0.0
20231029:0830,438.48,360.5,211.1,0.0,51.97,29.53,2.9,0.0
20231029:0930,313.51,212.3,199.3,0.0,39.98,29.65,2.62,0.0
20231029:1030,110.68,28.5,129.75,0.0,26.76,29.37,2.76,0.0
20231029:1130,40.14,10.85,58.25,0.0,12.95,26.44,2.28,0.0
20231029:1230,0.0,0.0,0.0,0.0,-1.2,24.67,1.66,0.0
20231029:1330,0.0,0.0,0.0,0.0,0.0,23.6,1.17,0.0
20231029:1430,0.0,0.0,0.0,0.0,0.0,23.13,0.9,0.0
20231029:1530,0.0,0.0,0.0,0.0,0.0,22.54,1.17,0.0
20231029:1630,0.0,0.0,0.0,0.0,0.0,22.24,1.38,0.0
20231029:1730,0.0,0.0,0.0,0.0,0.0,22.09,1.38,0.0
20231029:1830,0.0,0.0,0.0,0.0,0.0,22.04,1.45,0.0
20231029:1930,0.0,0.0,0.0,0.0,0.0,22.18,1.66,0.0
20231029:2030,0.0,0.0,0.0,0.0,0.0,22.06,1.66,0.0
20231029:2130,0.0,0.0,0.0,0.0,0.0,21.77,1.52,0.0
20231029:2230,0.0,0.0,0.0,0.0,0.0,21.58,1.72,0.0
20231029:2330,0.0,0.0,0.0,0.0,0.0,21.35,1.52,0.0
20231030:0030,0.0,0.0,0.0,0.0,-4.52,21.16,1.52,0.0
20231030:0130,48.19,27.3,56.85,0.0,9.65,20.93,1.59,0.0
20231030:0230,169.5,87.6,139.95,0.0,23.53,21.77,1.86,0.0
20231030:0330,370.39,292.9,177.4,0.0,36.89,23.03,2.76,0.0
20231030:0430,514.64,478.5,180.75,0.0,49.19,24.71,2.69,0.0
20231030:0530,426.28,278.1,267.45,0.0,59.15,26.24,3.45,0.0
20231030:0630,433.46,185.9,375.55,0.0,63.92,26.93,3.31,0.0
20231030:0730,477.85,313.35,309.1,0.0,60.83,27.69,2.76,0.0
20231030:0830,397.18,238.15,280.65,0.0,51.74,28.5,2.41,0.0
20231030:0930,225.41,116.65,179.95,0.0,39.82,27.98,3.45,0.0
20231030:1030,126.25,33.45,140.7,0.0,26.64,24.77,3.17,0.0
20231030:1130,27.8,2.6,47.85,0.0,12.85,23.9,2.07,0.0
20231030:1230,0.0,0.0,0.0,0.0,-1.27,23.41,1.86,0.0
20231030:1330,0.0,0.0,0.0,0.0,0.0,23.05,2.0,0.0
20231030:1430,0.0,0.0,0.0,0.0,0.0,22.86,1.93,0.0
20231030:1530,0.0,0.0,0.0,0.0,0.0,22.69,2.0,0.0
20231030:1630,0.0,0.0,0.0,0.0,0.0,22.43,2.0,0.0
20231030:1730,0.0,0.0,0.0,0.0,0.0,22.08,1.79,0.0
20231030:1830,0.0,0.0,0.0,0.0,0.0,21.68,1.79,0.0
20231030:1930,0.0,0.0,0.0,0.0,0.0,22.34,2.0,0.0
20231030:2030,0.0,0.0,0.0,0.0,0.0,21.85,2.14,0.0
20231030:2130,0.0,0.0,0.0,0.0,0.0,21.42,1.66,0.0
20231030:2230,0.0,0.0,0.0,0.0,0.0,21.27,1.72,0.0
20231030:2330,0.0,0.0,0.0,0.0,0.0,21.02,1.66,0.0
20231031:0030,0.0,0.0,0.0,0.0,-4.59,20.86,1.72,0.0
20231031:0130,30.58,2.9,51.0,0.0,9.57,20.72,1.72,0.0
20231031:0230,128.74,21.25,153.65,0.0,23.42,21.11,2.62,0.0
20231031:0330,247.3,65.2,252.7,0.0,36.74,22.11,2.9,0.0
20231031:0430,403.78,186.1,328.2,0.0,48.99,23.69,3.17,0.0
20231031:0530,492.13,267.45,366.85,0.0,58.88,25.15,3.03,0.0
20231031:0630,406.36,142.4,383.9,0.0,63.59,26.37,3.03,0.0
20231031:0730,391.66,186.4,321.35,0.0,60.54,27.1,2.76,0.0
20231031:0830,265.17,64.35,283.45,0.0,51.52,27.49,2.97,0.0
20231031:0930,185.13,64.35,181.9,0.0,39.65,26.27,2.62,0.0
20231031:1030,131.26,36.1,145.6,0.0,26.51,26.08,2.41,0.0
20231031:1130,37.32,7.5,57.1,0.0,12.75,25.78,1.79,0.0
20231031:1230,0.0,0.0,0.0,0.0,-1.35,25.31,1.24,0.0
20231031:1330,0.0,0.0,0.0,0.0,0.0,24.51,1.38,0.0
20231031:1430,0.0,0.0,0.0,0.0,0.0,23.7,1.79,0.0
20231031:1530,0.0,0.0,0.0,0.0,0.0,22.89,1.93,0.0
20231031:1630,0.0,0.0,0.0,0.0,0.0,22.25,2.14,0.0
20231031:1730,0.0,0.0,0.0,0.0,0.0,21.74,2.0,0.0
20231031:1830,0.0,0.0,0.0,0.0,0.0,21.4,1.66,0.0
20231031:1930,0.0,0.0,0.0,0.0,0.0,22.47,1.72,0.0
20231031:2030,0.0,0.0,0.0,0.0,0.0,22.22,1.52,0.0
20231031:2130,0.0,0.0,0.0,0.0,0.0,21.9,1.66,0.0
20231031:2230,0.0,0.0,0.0,0.0,0.0,21.55,1.66,0.0
20231031:2330,0.0,0.0,0.0,0.0,0.0,21.24,1.66,0.0
20231101:0030,0.0,0.0,0.0,0.0,-4.65,21.13,1.72,0.0
20231101:0130,48.14,21.55,60.9,0.0,9.48,20.89,1.52,0.0
20231101:0230,175.99,91.8,144.6,0.0,23.31,21.81,1.24,0.0
20231101:0330,312.5,226.55,174.0,0.0,36.59,23.31,1.79,0.0
20231101:0430,477.73,370.85,244.35,0.0,48.79,24.76,2.21,0.0
20231101:0530,595.49,523.4,254.3,0.0,58.6,26.43,2.83,0.0
20231101:0630,559.89,434.4,298.8,0.0,63.27,27.89,3.03,0.0
20231101:0730,555.74,510.4,222.8,0.0,60.25,28.3,2.21,0.0
20231101:0830,496.69,423.85,232.15,0.0,51.3,29.05,2.0,0.0
20231101:0930,388.91,337.0,174.95,0.0,39.49,29.47,1.93,0.0
20231101:1030,186.75,131.5,124.9,0.0,26.39,29.46,1.79,0.0
20231101:1130,27.09,9.5,42.45,0.0,12.66,28.91,1.72,0.0
20231101:1230,0.0,0.0,0.0,0.0,-1.42,25.31,1.86,0.0
20231101:1330,0.0,0.0,0.0,0.0,0.0,23.7,2.21,0.0
20231101:1430,0.0,0.0,0.0,0.0,0.0,22.78,1.93,0.0
20231101:1530,0.0,0.0,0.0,0.0,0.0,22.35,1.59,0.0
20231101:1630,0.0,0.0,0.0,0.0,0.0,21.94,1.59,0.0
20231101:1730,0.0,0.0,0.0,0.0,0.0,21.74,1.52,0.0
20231101:1830,0.0,0.0,0.0,0.0,0.0,21.57,1.17,0.0
20231101:1930,0.0,0.0,0.0,0.0,0.0,21.46,1.24,0.0
20231101:2030,0.0,0.0,0.0,0.0,0.0,21.22,1.24,0.0
20231101:2130,0.0,0.0,0.0,0.0,0.0,21.05,1.31,0.0
20231101:2230,0.0,0.0,0.0,0.0,0.0,20.92,1.52,0.0
20231101:2330,0.0,0.0,0.0,0.0,0.0,20.95,1.38,0.0
20231102:0030,0.0,0.0,0.0,0.0,-4.72,20.86,1.45,0.0
20231102:0130,41.71,11.05,59.95,0.0,9.39,20.86,1.52,0.0
20231102:0230,164.4,67.2,153.25,0.0,23.19,21.63,2.21,0.0
20231102:0330,266.31,92.8,249.0,0.0,36.44,22.75,2.97,0.0
20231102:0430,349.85,145.45,301.05,0.0,48.58,23.98,3.1,0.0
20231102:0530,385.92,129.05,367.95,0.0,58.33,25.38,3.1,0.0
20231102:0630,357.67,90.4,373.85,0.0,62.95,26.6,3.1,0.0
20231102:0730,395.58,199.05,313.3,0.0,59.97,27.33,2.97,0.0
20231102:0830,399.97,294.1,223.05,0.0,51.09,27.89,2.83,0.0
20231102:0930,324.44,244.05,178.6,0.0,39.34,28.2,2.48,0.0
20231102:1030,202.12,122.35,151.7,0.0,26.28,28.38,2.28,0.0
20231102:1130,58.49,18.7,76.5,0.0,12.57,27.92,1.79,0.0
20231102:1230,0.0,0.0,0.0,0.0,-1.48,25.66,1.79,0.0
20231102:1330,0.0,0.0,0.0,0.0,0.0,24.36,2.07,0.0
20231102:1430,0.0,0.0,0.0,0.0,0.0,23.38,2.14,0.0
20231102:1530,0.0,0.0,0.0,0.0,0.0,22.75,1.59,0.0
20231102:1630,0.0,0.0,0.0,0.0,0.0,22.42,0.97,0.0
20231102:1730,0.0,0.0,0.0,0.0,0.0,22.4,0.83,0.0
20231102:1830,0.0,0.0,0.0,0.0,0.0,22.04,0.97,0.0
20231102:1930,0.0,0.0,0.0,0.0,0.0,22.45,1.17,0.0
20231102:2030,0.0,0.0,0.0,0.0,0.0,22.15,1.45,0.0
20231102:2130,0.0,0.0,0.0,0.0,0.0,21.88,1.45,0.0
20231102:2230,0.0,0.0,0.0,0.0,0.0,21.43,1.38,0.0
20231102:2330,0.0,0.0,0.0,0.0,0.0,21.33,1.24,0.0
20231103:0030,0.0,0.0,0.0,0.0,-4.79,21.32,1.17,0.0
20231103:0130,47.78,21.95,60.4,0.0,9.3,21.04,1.31,0.0
20231103:0230,197.65,138.4,126.0,0.0,23.08,21.78,1.72,0.0
20231103:0330,286.96,162.75,205.7,0.0,36.28,23.29,2.21,0.0
20231103:0430,382.11,271.95,214.65,0.0,48.38,24.71,2.76,0.0
20231103:0530,504.89,408.2,239.25,0.0,58.06,25.86,3.24,0.0
20231103:0630,632.45,618.91,207.5,0.0,62.63,26.96,3.24,0.0
20231103:0730,573.25,571.31,185.95,0.0,59.69,28.72,2.34,0.0
20231103:0830,478.76,433.1,193.1,0.0,50.88,29.38,2.69,0.0
20231103:0930,388.51,356.9,152.05,0.0,39.18,29.51,2.41,0.0
20231103:1030,128.39,43.3,135.45,0.0,26.17,26.76,2.69,0.0
20231103:1130,39.97,10.95,57.85,0.0,12.49,25.69,2.69,0.0
20231103:1230,0.0,0.0,0.0,0.0,-1.54,25.19,2.55,0.0
20231103:1330,0.0,0.0,0.0,0.0,0.0,24.31,1.66,0.0
20231103:1430,0.0,0.0,0.0,0.0,0.0,23.87,1.45,0.0
20231103:1530,0.0,0.0,0.0,0.0,0.0,23.48,1.52,0.0
20231103:1630,0.0,0.0,0.0,0.0,0.0,23.06,1.17,0.0
20231103:1730,0.0,0.0,0.0,0.0,0.0,22.66,1.03,0.0
20231103:1830,0.0,0.0,0.0,0.0,0.0,22.42,1.24,0.0
20231103:1930,0.0,0.0,0.0,0.0,0.0,22.09,1.79,0.0
20231103:2030,0.0,0.0,0.0,0.0,0.0,21.72,1.38,0.0
20231103:2130,0.0,0.0,0.0,0.0,0.0,21.53,1.24,0.0
20231103:2230,0.0,0.0,0.0,0.0,0.0,21.29,1.31,0.0
20231103:2330,0.0,0.0,0.0,0.0,0.0,21.17,1.24,0.0
20231104:0030,0.0,0.0,0.0,0.0,-4.86,20.98,1.31,0.0
20231104:0130,33.66,14.9,47.05,0.0,9.21,20.9,1.38,0.0
20231104:0230,132.33,40.55,140.2,0.0,22.96,21.6,1.93,0.0
20231104:0330,275.65,163.95,190.65,0.0,36.13,22.7,1.52,0.0
20231104:0430,374.85,231.55,249.8,0.0,48.17,24.0,1.59,0.0
20231104:0530,443.67,311.95,260.45,0.0,57.79,25.43,2.0,0.0
20231104:0630,339.14,162.3,276.25,0.0,62.32,26.93,2.76,0.0
20231104:0730,418.56,252.2,288.8,0.0,59.41,26.96,2.76,0.0
20231104:0830,223.25,61.4,235.05,0.0,50.68,27.73,1.86,0.0
20231104:0930,130.04,7.35,173.85,0.0,39.04,27.09,0.83,0.0
20231104:1030,67.58,7.2,95.05,0.0,26.06,26.05,1.38,0.0
20231104:1130,21.1,1.1,40.05,0.0,12.41,24.86,1.52,0.0
20231104:1230,0.0,0.0,0.0,0.0,-1.6,23.7,1.45,0.0
20231104:1330,0.0,0.0,0.0,0.0,0.0,22.43,2.14,0.0
20231104:1430,0.0,0.0,0.0,0.0,0.0,21.88,2.34,0.0
20231104:1530,0.0,0.0,0.0,0.0,0.0,21.8,1.59,0.0
20231104:1630,0.0,0.0,0.0,0.0,0.0,21.67,1.59,0.0
20231104:1730,0.0,0.0,0.0,0.0,0.0,21.44,2.0,0.0
20231104:1830,0.0,0.0,0.0,0.0,0.0,21.41,1.79,0.0
20231104:1930,0.0,0.0,0.0,0.0,0.0,21.11,0.14,0.0
20231104:2030,0.0,0.0,0.0,0.0,0.0,21.08,0.62,0.0
20231104:2130,0.0,0.0,0.0,0.0,0.0,20.98,0.97,0.0
20231104:2230,0.0,0.0,0.0,0.0,0.0,20.9,0.83,0.0
20231104:2330,0.0,0.0,0.0,0.0,0.0,20.81,0.9,0.0
20231105:0030,0.0,0.0,0.0,0.0,-4.94,20.79,0.97,0.0
20231105:0130,7.53,0.0,20.35,0.0,9.11,20.74,1.03,0.0
20231105:0230,38.63,0.7,62.9,0.0,22.83,20.98,1.1,0.0
20231105:0330,214.91,61.35,216.95,0.0,35.97,21.14,1.72,0.0
20231105:0430,314.75,80.9,322.0,0.0,47.97,22.58,2.34,0.0
20231105:0530,257.81,51.35,283.2,0.0,57.52,24.1,2.21,0.0
20231105:0630,475.11,265.7,350.0,0.0,62.01,24.62,1.93,0.0
20231105:0730,474.15,360.4,262.5,0.0,59.14,26.12,1.03,0.0
20231105:0830,276.35,130.6,230.95,0.0,50.48,27.11,1.66,0.0
20231105:0930,237.72,121.55,191.7,0.0,38.89,27.02,1.66,0.0
20231105:1030,105.85,81.65,69.55,0.0,25.95,25.92,1.72,0.0
20231105:1130,26.15,5.45,43.55,0.0,12.34,24.47,1.72,0.0
20231105:1230,0.0,0.0,0.0,0.0,-1.65,23.31,1.31,0.0
20231105:1330,0.0,0.0,0.0,0.0,0.0,22.67,0.62,0.0
20231105:1430,0.0,0.0,0.0,0.0,0.0,22.25,0.34,0.0
20231105:1530,0.0,0.0,0.0,0.0,0.0,22.14,0.28,0.0
20231105:1630,0.0,0.0,0.0,0.0,0.0,22.05,0.69,0.0
20231105:1730,0.0,0.0,0.0,0.0,0.0,21.84,0.9,0.0
20231105:1830,0.0,0.0,0.0,0.0,0.0,21.43,0.97,0.0
20231105:1930,0.0,0.0,0.0,0.0,0.0,20.93,0.69,0.0
20231105:2030,0.0,0.0,0.0,0.0,0.0,21.09,0.41,0.0
20231105:2130,0.0,0.0,0.0,0.0,0.0,20.64,0.62,0.0
20231105:2230,0.0,0.0,0.0,0.0,0.0,20.7,0.55,0.0
20231105:2330,0.0,0.0,0.0,0.0,0.0,20.78,0.48,0.0
20231106:0030,0.0,0.0,0.0,0.0,-5.01,20.65,0.55,0.0
20231106:0130,22.27,12.3,33.7,0.0,9.01,20.71,0.62,0.0
20231106:0230,115.64,49.35,112.1,0.0,22.71,21.5,0.62,0.0
20231106:0330,246.65,140.65,179.6,0.0,35.81,22.45,0.55,0.0
20231106:0430,276.52,132.35,225.25,0.0,47.76,24.09,1.24,0.0
20231106:0530,316.73,127.6,284.6,0.0,57.26,25.2,1.1,0.0
20231106:0630,262.28,89.0,256.1,0.0,61.71,25.77,0.55,0.0
20231106:0730,361.25,186.85,290.35,0.0,58.88,26.0,0.07,0.0
20231106:0830,412.81,285.2,262.2,0.0,50.28,26.74,0.28,0.0
20231106:0930,387.62,377.4,134.1,0.0,38.75,27.1,0.48,0.0
20231106:1030,237.22,232.1,91.65,0.0,25.85,27.36,0.14,0.0
20231106:1130,67.85,64.9,52.65,0.0,12.26,27.26,0.07,0.0
20231106:1230,0.0,0.0,0.0,0.0,-1.7,26.03,1.24,0.0
20231106:1330,0.0,0.0,0.0,0.0,0.0,23.74,1.59,0.0
20231106:1430,0.0,0.0,0.0,0.0,0.0,22.65,1.38,0.0
20231106:1530,0.0,0.0,0.0,0.0,0.0,22.18,1.31,0.0
20231106:1630,0.0,0.0,0.0,0.0,0.0,21.86,1.24,0.0
20231106:1730,0.0,0.0,0.0,0.0,0.0,21.59,0.97,0.0
20231106:1830,0.0,0.0,0.0,0.0,0.0,21.58,1.17,0.0
20231106:1930,0.0,0.0,0.0,0.0,0.0,21.21,0.34,0.0
20231106:2030,0.0,0.0,0.0,0.0,0.0,21.15,0.41,0.0
20231106:2130,0.0,0.0,0.0,0.0,0.0,21.04,0.21,0.0
20231106:2230,0.0,0.0,0.0,0.0,0.0,20.75,0.34,0.0
20231106:2330,0.0,0.0,0.0,0.0,0.0,20.46,0.76,0.0
20231107:0030,0.0,0.0,0.0,0.0,-5.09,20.36,0.69,0.0
20231107:0130,35.24,22.25,44.35,0.0,8.91,20.29,0.55,0.0
20231107:0230,157.8,93.45,121.0,0.0,22.58,21.18,0.9,0.0
20231107:0330,251.39,100.95,224.3,0.0,35.65,22.58,1.52,0.0
20231107:0430,305.87,113.35,281.2,0.0,47.55,23.82,1.66,0.0
20231107:0530,449.37,336.45,243.1,0.0,56.99,24.93,1.72,0.0
20231107:0630,367.41,134.35,346.15,0.0,61.41,25.98,1.31,0.0
20231107:0730,344.62,157.35,293.65,0.0,58.61,26.5,1.1,0.0
20231107:0830,374.69,219.15,270.5,0.0,50.09,26.78,1.31,0.0
20231107:0930,285.01,163.65,212.5,0.0,38.61,27.05,0.69,0.0
20231107:1030,193.46,159.2,104.15,0.0,25.75,26.4,0.9,0.0
20231107:1130,37.58,16.5,50.8,0.0,12.2,26.39,0.48,0.0
20231107:1230,0.0,0.0,0.0,0.0,-1.74,25.59,0.14,0.0
20231107:1330,0.0,0.0,0.0,0.0,0.0,23.78,1.59,0.0
20231107:1430,0.0,0.0,0.0,0.0,0.0,22.04,1.59,0.0
20231107:1530,0.0,0.0,0.0,0.0,0.0,21.74,1.52,0.0
20231107:1630,0.0,0.0,0.0,0.0,0.0,21.56,1.45,0.0
20231107:1730,0.0,0.0,0.0,0.0,0.0,21.4,0.83,0.0
20231107:1830,0.0,0.0,0.0,0.0,0.0,21.18,0.69,0.0
20231107:1930,0.0,0.0,0.0,0.0,0.0,21.52,0.97,0.0
20231107:2030,0.0,0.0,0.0,0.0,0.0,21.57,1.52,0.0
20231107:2130,0.0,0.0,0.0,0.0,0.0,21.35,1.59,0.0
20231107:2230,0.0,0.0,0.0,0.0,0.0,21.2,0.9,0.0
20231107:2330,0.0,0.0,0.0,0.0,0.0,20.98,0.41,0.0
20231108:0030,0.0,0.0,0.0,0.0,-5.17,20.8,0.55,0.0
20231108:0130,22.76,0.8,42.0,0.0,8.81,20.54,0.83,0.0
20231108:0230,119.3,28.05,136.75,0.0,22.45,21.26,0.9,0.0
20231108:0330,230.31,69.85,230.35,0.0,35.49,22.19,0.83,0.0
20231108:0430,311.11,113.0,289.5,0.0,47.34,23.63,1.17,0.0
20231108:0530,440.94,240.55,332.3,0.0,56.73,24.67,1.45,0.0
20231108:0630,497.52,428.45,220.05,0.0,61.12,25.56,1.38,0.0
20231108:0730,525.11,524.86,170.2,0.0,58.36,26.88,0.97,0.0
20231108:0830,489.08,468.2,177.85,0.0,49.9,27.71,1.17,0.0
20231108:0930,333.6,307.35,128.65,0.0,38.48,28.07,1.59,0.0
20231108:1030,185.39,163.35,90.25,0.0,25.66,27.23,1.45,0.0
20231108:1130,45.55,21.2,57.5,0.0,12.13,26.22,1.66,0.0
20231108:1230,0.0,0.0,0.0,0.0,-1.78,24.95,1.38,0.0
20231108:1330,0.0,0.0,0.0,0.0,0.0,23.83,1.66,0.0
20231108:1430,0.0,0.0,0.0,0.0,0.0,22.96,1.72,0.0
20231108:1530,0.0,0.0,0.0,0.0,0.0,22.23,1.93,0.0
20231108:1630,0.0,0.0,0.0,0.0,0.0,21.49,1.59,0.0
20231108:1730,0.0,0.0,0.0,0.0,0.0,21.23,1.17,0.0
20231108:1830,0.0,0.0,0.0,0.0,0.0,21.0,1.17,0.0
20231108:1930,0.0,0.0,0.0,0.0,0.0,21.39,1.38,0.0
20231108:2030,0.0,0.0,0.0,0.0,0.0,21.24,1.66,0.0
20231108:2130,0.0,0.0,0.0,0.0,0.0,21.13,1.72,0.0
20231108:2230,0.0,0.0,0.0,0.0,0.0,20.9,1.93,0.0
20231108:2330,0.0,0.0,0.0,0.0,0.0,20.68,1.59,0.0
20231109:0030,0.0,0.0,0.0,0.0,-5.25,20.59,1.52,0.0
20231109:0130,26.99,6.2,44.15,0.0,8.71,20.55,1.72,0.0
20231109:0230,83.42,23.35,96.95,0.0,22.32,21.0,2.34,0.0
20231109:0330,125.34,21.1,149.05,0.0,35.32,21.91,2.83,0.0
20231109:0430,186.82,29.95,214.95,0.0,47.13,22.83,3.03,0.0
20231109:0530,254.25,48.35,279.6,0.0,56.47,23.79,3.45,0.0
20231109:0630,306.1,115.65,276.65,0.0,60.83,24.62,3.1,0.0
20231109:0730,438.87,285.05,278.5,0.0,58.11,25.31,2.55,0.0
20231109:0830,458.13,349.8,244.15,0.0,49.72,26.32,2.14,0.0
20231109:0930,361.19,288.1,181.35,0.0,38.35,26.84,1.93,0.0
20231109:1030,170.34,91.45,140.75,0.0,25.57,26.78,2.28,0.0
20231109:1130,23.95,10.5,36.6,0.0,12.07,24.3,2.83,0.0
20231109:1230,0.0,0.0,0.0,0.0,-1.82,23.02,1.66,0.0
20231109:1330,0.0,0.0,0.0,0.0,0.0,22.47,1.72,0.0
20231109:1430,0.0,0.0,0.0,0.0,0.0,22.04,1.79,0.0
20231109:1530,0.0,0.0,0.0,0.0,0.0,21.73,1.86,0.0
20231109:1630,0.0,0.0,0.0,0.0,0.0,21.49,1.72,0.0
20231109:1730,0.0,0.0,0.0,0.0,0.0,21.34,1.72,0.0
20231109:1830,0.0,0.0,0.0,0.0,0.0,21.18,1.72,0.0
20231109:1930,0.0,0.0,0.0,0.0,0.0,21.95,1.72,0.0
20231109:2030,0.0,0.0,0.0,0.0,0.0,21.48,1.52,0.0
20231109:2130,0.0,0.0,0.0,0.0,0.0,21.24,1.38,0.0
20231109:2230,0.0,0.0,0.0,0.0,0.0,21.14,1.66,0.0
20231109:2330,0.0,0.0,0.0,0.0,0.0,20.96,1.72,0.0
20231110:0030,0.0,0.0,0.0,0.0,-5.34,20.83,1.66,0.0
20231110:0130,33.35,12.55,48.5,0.0,8.6,20.71,1.72,0.0
20231110:0230,136.41,54.25,132.1,0.0,22.19,21.32,2.0,0.0
20231110:0330,327.26,258.5,155.65,0.0,35.16,22.56,3.38,0.0
20231110:0430,492.13,434.95,185.65,0.0,46.93,24.09,4.14,0.0
20231110:0530,494.84,401.0,226.2,0.0,56.21,25.51,4.41,0.0
20231110:0630,551.59,497.25,205.6,0.0,60.54,26.2,4.48,0.0
20231110:0730,528.88,499.96,176.8,0.0,57.86,26.74,3.86,0.0
20231110:0830,422.38,346.65,193.5,0.0,49.54,27.37,3.93,0.0
20231110:0930,299.47,236.95,149.6,0.0,38.23,27.47,3.79,0.0
20231110:1030,203.63,159.6,114.7,0.0,25.49,26.62,3.03,0.0
20231110:1130,56.79,45.55,53.0,0.0,12.02,25.83,2.41,0.0
20231110:1230,0.0,0.0,0.0,0.0,-1.85,25.24,2.28,0.0
20231110:1330,0.0,0.0,0.0,0.0,0.0,24.31,1.93,0.0
20231110:1430,0.0,0.0,0.0,0.0,0.0,23.67,1.93,0.0
20231110:1530,0.0,0.0,0.0,0.0,0.0,23.1,2.0,0.0
20231110:1630,0.0,0.0,0.0,0.0,0.0,22.85,2.0,0.0
20231110:1730,0.0,0.0,0.0,0.0,0.0,22.7,2.07,0.0
20231110:1830,0.0,0.0,0.0,0.0,0.0,22.31,1.93,0.0
20231110:1930,0.0,0.0,0.0,0.0,0.0,22.27,2.07,0.0
20231110:2030,0.0,0.0,0.0,0.0,0.0,22.01,2.21,0.0
20231110:2130,0.0,0.0,0.0,0.0,0.0,21.71,2.28,0.0
20231110:2230,0.0,0.0,0.0,0.0,0.0,21.57,2.07,0.0
20231110:2330,0.0,0.0,0.0,0.0,0.0,21.34,2.07,0.0
20231111:0030,0.0,0.0,0.0,0.0,-5.42,21.16,2.14,0.0
20231111:0130,34.69,13.2,49.95,0.0,8.49,21.03,2.14,0.0
20231111:0230,145.76,56.05,141.7,0.0,22.06,21.39,2.28,0.0
20231111:0330,337.15,213.65,214.85,0.0,34.99,22.16,2.69,0.0
20231111:0430,483.04,340.7,275.05,0.0,46.72,23.46,2.9,0.0
20231111:0530,569.14,455.45,279.85,0.0,55.95,24.87,2.9,0.0
20231111:0630,681.5,767.36,126.7,0.0,60.26,26.02,2.9,0.0
20231111:0730,654.14,739.61,123.55,0.0,57.62,27.18,2.62,0.0
20231111:0830,576.41,635.36,119.25,0.0,49.36,27.86,2.69,0.0
20231111:0930,450.88,480.01,105.65,0.0,38.11,28.12,2.97,0.0
20231111:1030,276.81,283.95,87.7,0.0,25.41,27.97,2.97,0.0
20231111:1130,84.23,90.1,54.0,0.0,11.97,27.35,2.62,0.0
20231111:1230,0.0,0.0,0.0,0.0,-1.88,25.92,2.28,0.0
20231111:1330,0.0,0.0,0.0,0.0,0.0,24.5,2.41,0.0
20231111:1430,0.0,0.0,0.0,0.0,0.0,23.55,2.48,0.0
20231111:1530,0.0,0.0,0.0,0.0,0.0,22.84,2.55,0.0
20231111:1630,0.0,0.0,0.0,0.0,0.0,22.18,2.62,0.0
20231111:1730,0.0,0.0,0.0,0.0,0.0,21.61,2.55,0.0
20231111:1830,0.0,0.0,0.0,0.0,0.0,21.07,2.55,0.0
20231111:1930,0.0,0.0,0.0,0.0,0.0,20.73,2.34,0.0
20231111:2030,0.0,0.0,0.0,0.0,0.0,20.2,2.34,0.0
20231111:2130,0.0,0.0,0.0,0.0,0.0,19.68,2.48,0.0
20231111:2230,0.0,0.0,0.0,0.0,0.0,19.16,2.48,0.0
20231111:2330,0.0,0.0,0.0,0.0,0.0,18.67,2.41,0.0
20231112:0030,0.0,0.0,0.0,0.0,-5.51,18.2,2.14,0.0
20231112:0130,45.83,28.65,53.5,0.0,8.39,17.71,1.86,0.0
20231112:0230,212.12,144.95,135.15,0.0,21.93,18.41,1.45,0.0
20231112:0330,355.58,240.75,210.65,0.0,34.83,20.85,1.86,0.0
20231112:0430,496.29,390.8,242.35,0.0,46.51,22.31,2.14,0.0
20231112:0530,578.31,460.05,288.35,0.0,55.69,23.82,2.41,0.0
20231112:0630,644.18,588.81,254.75,0.0,59.98,25.1,2.62,0.0
20231112:0730,603.65,491.76,296.7,0.0,57.38,26.25,3.03,0.0
20231112:0830,548.51,514.31,197.1,0.0,49.19,26.81,3.03,0.0
20231112:0930,432.06,383.7,175.8,0.0,37.99,27.15,2.97,0.0
20231112:1030,253.04,190.4,147.75,0.0,25.33,27.15,2.97,0.0
20231112:1130,80.1,57.0,74.1,0.0,11.92,26.66,2.48,0.0
20231112:1230,0.0,0.0,0.0,0.0,-1.9,25.47,2.14,0.0
20231112:1330,0.0,0.0,0.0,0.0,0.0,24.09,2.28,0.0
20231112:1430,0.0,0.0,0.0,0.0,0.0,23.12,2.34,0.0
20231112:1530,0.0,0.0,0.0,0.0,0.0,22.26,2.34,0.0
20231112:1630,0.0,0.0,0.0,0.0,0.0,21.57,2.34,0.0
20231112:1730,0.0,0.0,0.0,0.0,0.0,21.02,2.21,0.0
20231112:1830,0.0,0.0,0.0,0.0,0.0,20.3,2.28,0.0
20231112:1930,0.0,0.0,0.0,0.0,0.0,19.79,2.14,0.0
20231112:2030,0.0,0.0,0.0,0.0,0.0,19.18,2.14,0.0
20231112:2130,0.0,0.0,0.0,0.0,0.0,18.62,2.14,0.0
20231112:2230,0.0,0.0,0.0,0.0,0.0,18.18,2.14,0.0
20231112:2330,0.0,0.0,0.0,0.0,0.0,17.73,2.14,0.0
20231113:0030,0.0,0.0,0.0,0.0,-5.6,17.26,2.0,0.0
20231113:0130,49.14,25.9,59.25,0.0,8.27,16.88,2.0,0.0
20231113:0230,230.75,182.9,120.95,0.0,21.79,17.95,1.72,0.0
20231113:0330,432.41,423.86,123.0,0.0,34.66,20.79,2.28,0.0
20231113:0430,585.11,631.41,114.45,0.0,46.3,22.72,2.83,0.0
20231113:0530,667.98,733.11,129.05,0.0,55.44,24.43,3.38,0.0
20231113:0630,690.95,734.06,164.0,0.0,59.71,25.78,3.79,0.0
20231113:0730,657.11,678.51,178.05,0.0,57.15,26.5,3.52,0.0
20231113:0830,568.83,549.06,188.75,0.0,49.03,27.19,3.45,0.0
20231113:0930,439.97,408.06,160.65,0.0,37.88,27.5,3.45,0.0
20231113:1030,268.98,240.85,118.45,0.0,25.26,27.41,3.45,0.0
20231113:1130,82.39,71.7,65.75,0.0,11.88,26.84,2.97,0.0
20231113:1230,0.0,0.0,0.0,0.0,-1.92,25.46,2.41,0.0
20231113:1330,0.0,0.0,0.0,0.0,0.0,24.03,2.41,0.0
20231113:1430,0.0,0.0,0.0,0.0,0.0,23.19,2.34,0.0
20231113:1530,0.0,0.0,0.0,0.0,0.0,22.42,2.34,0.0
20231113:1630,0.0,0.0,0.0,0.0,0.0,21.85,2.28,0.0
20231113:1730,0.0,0.0,0.0,0.0,0.0,21.42,2.21,0.0
20231113:1830,0.0,0.0,0.0,0.0,0.0,20.93,2.41,0.0
20231113:1930,0.0,0.0,0.0,0.0,0.0,20.56,2.07,0.0
20231113:2030,0.0,0.0,0.0,0.0,0.0,20.03,2.41,0.0
20231113:2130,0.0,0.0,0.0,0.0,0.0,19.71,2.41,0.0
20231113:2230,0.0,0.0,0.0,0.0,0.0,19.48,2.21,0.0
20231113:2330,0.0,0.0,0.0,0.0,0.0,19.01,2.14,0.0
20231114:0030,0.0,0.0,0.0,0.0,-5.7,18.59,2.07,0.0
20231114:0130,25.21,0.9,44.85,0.0,8.16,18.33,1.93,0.0
20231114:0230,110.61,7.2,144.35,0.0,21.65,18.9,1.52,0.0
20231114:0330,180.28,13.45,222.45,0.0,34.49,20.47,2.14,0.0
20231114:0430,226.59,19.3,273.05,0.0,46.1,21.34,2.76,0.0
20231114:0530,290.09,42.05,328.05,0.0,55.19,21.74,3.03,0.0
20231114:0630,524.64,305.8,363.3,0.0,59.44,22.18,2.76,0.0
20231114:0730,541.84,395.3,301.85,0.0,56.93,24.2,2.76,0.0
20231114:0830,385.31,225.3,266.55,0.0,48.87,24.82,3.03,0.0
20231114:0930,332.98,185.5,241.15,0.0,37.78,24.62,3.17,0.0
20231114:1030,189.71,80.55,172.35,0.0,25.19,24.47,3.31,0.0
20231114:1130,56.52,7.45,81.4,0.0,11.84,23.88,2.97,0.0
20231114:1230,0.0,0.0,0.0,0.0,-1.94,22.99,2.21,0.0
20231114:1330,0.0,0.0,0.0,0.0,0.0,22.02,1.86,0.0
20231114:1430,0.0,0.0,0.0,0.0,0.0,21.31,1.72,0.0
20231114:1530,0.0,0.0,0.0,0.0,0.0,20.69,1.52,0.0
20231114:1630,0.0,0.0,0.0,0.0,0.0,19.93,1.31,0.0
20231114:1730,0.0,0.0,0.0,0.0,0.0,19.44,1.45,0.0
20231114:1830,0.0,0.0,0.0,0.0,0.0,19.22,1.38,0.0
20231114:1930,0.0,0.0,0.0,0.0,0.0,19.24,1.45,0.0
20231114:2030,0.0,0.0,0.0,0.0,0.0,19.31,1.45,0.0
20231114:2130,0.0,0.0,0.0,0.0,0.0,19.55,1.1,0.0
20231114:2230,0.0,0.0,0.0,0.0,0.0,20.01,0.76,0.0
20231114:2330,0.0,0.0,0.0,0.0,0.0,20.61,0.48,0.0
20231115:0030,0.0,0.0,0.0,0.0,-5.79,19.37,0.9,0.0
20231115:0130,38.45,20.75,49.85,0.0,8.05,18.71,1.17,0.0
20231115:0230,177.47,102.05,136.65,0.0,21.51,19.9,0.83,0.0
20231115:0330,326.1,199.5,218.75,0.0,34.32,22.45,1.72,0.0
20231115:0430,445.42,305.4,264.45,0.0,45.89,23.38,2.14,0.0
20231115:0530,566.98,482.91,251.6,0.0,54.94,24.48,2.34,0.0
20231115:0630,590.98,544.11,224.75,0.0,59.18,25.68,2.62,0.0
20231115:0730,580.41,514.91,241.1,0.0,56.71,26.54,2.9,0.0
20231115:0830,444.91,330.15,245.05,0.0,48.71,27.21,2.9,0.0
20231115:0930,188.56,45.6,207.05,0.0,37.67,27.55,2.69,0.0
20231115:1030,80.63,18.75,100.65,0.0,25.13,27.2,2.21,0.0
20231115:1130,34.37,17.65,45.85,0.0,11.81,26.71,1.52,0.0
20231115:1230,0.0,0.0,0.0,0.0,-1.95,25.94,1.38,0.0
20231115:1330,0.0,0.0,0.0,0.0,0.0,24.92,1.66,0.0
20231115:1430,0.0,0.0,0.0,0.0,0.0,24.0,1.86,0.0
20231115:1530,0.0,0.0,0.0,0.0,0.0,23.15,1.93,0.0
20231115:1630,0.0,0.0,0.0,0.0,0.0,22.36,1.86,0.0
20231115:1730,0.0,0.0,0.0,0.0,0.0,21.49,1.79,0.0
20231115:1830,0.0,0.0,0.0,0.0,0.0,20.91,1.93,0.0
20231115:1930,0.0,0.0,0.0,0.0,0.0,20.61,1.86,0.0
20231115:2030,0.0,0.0,0.0,0.0,0.0,20.34,1.86,0.0
20231115:2130,0.0,0.0,0.0,0.0,0.0,20.12,1.72,0.0
20231115:2230,0.0,0.0,0.0,0.0,0.0,19.76,1.66,0.0
20231115:2330,0.0,0.0,0.0,0.0,0.0,19.23,1.45,0.0
20231116:0030,0.0,0.0,0.0,0.0,-5.89,19.04,1.17,0.0
20231116:0130,42.04,30.9,48.4,0.0,7.93,19.13,1.03,0.0
20231116:0230,210.91,187.9,97.6,0.0,21.37,20.41,0.62,0.0
20231116:0330,379.2,361.56,129.55,0.0,34.16,23.31,0.9,0.0
20231116:0430,495.65,468.61,175.0,0.0,45.68,24.9,1.52,0.0
20231116:0530,580.4,546.61,214.4,0.0,54.7,26.19,2.14,0.0
20231116:0630,632.3,662.51,173.85,0.0,58.93,27.23,2.34,0.0
20231116:0730,566.77,539.01,207.55,0.0,56.5,28.06,2.34,0.0
20231116:0830,395.7,246.45,270.35,0.0,48.56,28.47,2.41,0.0
20231116:0930,177.91,24.7,216.55,0.0,37.58,28.61,2.41,0.0
20231116:1030,109.12,23.85,131.95,0.0,25.07,28.07,2.14,0.0
20231116:1130,35.85,15.8,49.45,0.0,11.78,27.53,1.86,0.0
20231116:1230,0.0,0.0,0.0,0.0,-1.96,26.55,1.72,0.0
20231116:1330,0.0,0.0,0.0,0.0,0.0,25.71,1.79,0.0
20231116:1430,0.0,0.0,0.0,0.0,0.0,25.0,1.72,0.0
20231116:1530,0.0,0.0,0.0,0.0,0.0,24.03,1.66,0.0
20231116:1630,0.0,0.0,0.0,0.0,0.0,23.14,1.52,0.0
20231116:1730,0.0,0.0,0.0,0.0,0.0,22.05,1.52,0.0
20231116:1830,0.0,0.0,0.0,0.0,0.0,21.34,1.45,0.0
20231116:1930,0.0,0.0,0.0,0.0,0.0,21.6,1.03,0.0
20231116:2030,0.0,0.0,0.0,0.0,0.0,20.69,1.45,0.0
20231116:2130,0.0,0.0,0.0,0.0,0.0,20.38,1.72,0.0
20231116:2230,0.0,0.0,0.0,0.0,0.0,20.2,1.93,0.0
20231116:2330,0.0,0.0,0.0,0.0,0.0,20.12,1.93,0.0
20231117:0030,0.0,0.0,0.0,0.0,-5.98,20.02,1.86,0.0
20231117:0130,41.74,27.8,50.2,0.0,7.81,19.72,1.79,0.0
20231117:0230,199.38,141.25,127.25,0.0,21.23,20.92,1.38,0.0
20231117:0330,383.61,344.6,149.3,0.0,33.99,23.67,1.79,0.0
20231117:0430,519.5,503.26,169.7,0.0,45.48,25.34,2.14,0.0
20231117:0530,572.84,559.31,187.45,0.0,54.46,26.72,2.62,0.0
20231117:0630,481.34,378.35,245.5,0.0,58.68,27.77,2.97,0.0
20231117:0730,388.96,230.65,272.65,0.0,56.29,28.15,3.31,0.0
20231117:0830,373.41,240.7,243.35,0.0,48.42,28.33,3.1,0.0
20231117:0930,228.92,106.9,196.4,0.0,37.48,28.59,2.83,0.0
20231117:1030,82.32,9.15,112.75,0.0,25.01,28.43,2.55,0.0
20231117:1130,27.52,2.45,48.45,0.0,11.75,27.79,1.86,0.0
20231117:1230,0.0,0.0,0.0,0.0,-1.96,26.93,1.66,0.0
20231117:1330,0.0,0.0,0.0,0.0,0.0,26.07,1.72,0.0
20231117:1430,0.0,0.0,0.0,0.0,0.0,25.32,1.79,0.0
20231117:1530,0.0,0.0,0.0,0.0,0.0,24.85,1.86,0.0
20231117:1630,0.0,0.0,0.0,0.0,0.0,24.25,2.07,0.0
20231117:1730,0.0,0.0,0.0,0.0,0.0,23.54,2.21,0.0
20231117:1830,0.0,0.0,0.0,0.0,0.0,22.92,2.21,0.0
20231117:1930,0.0,0.0,0.0,0.0,0.0,22.35,2.0,0.0
20231117:2030,0.0,0.0,0.0,0.0,0.0,21.77,2.07,0.0
20231117:2130,0.0,0.0,0.0,0.0,0.0,21.28,2.14,0.0
20231117:2230,0.0,0.0,0.0,0.0,0.0,20.97,2.14,0.0
20231117:2330,0.0,0.0,0.0,0.0,0.0,20.66,2.07,0.0
20231118:0030,0.0,0.0,0.0,0.0,-6.08,20.59,1.93,0.0
20231118:0130,39.55,35.3,43.2,0.0,7.7,20.42,1.86,0.0
20231118:0230,205.52,183.0,95.35,0.0,21.09,21.3,2.0,0.0
20231118:0330,370.26,336.35,137.0,0.0,33.82,23.35,2.41,0.0
20231118:0430,500.51,467.71,175.35,0.0,45.28,24.99,2.55,0.0
20231118:0530,578.12,569.31,183.2,0.0,54.22,26.48,2.69,0.0
20231118:0630,453.99,366.25,220.3,0.0,58.43,27.51,2.76,0.0
20231118:0730,456.82,389.95,200.35,0.0,56.08,27.57,2.69,0.0
20231118:0830,437.35,388.15,178.4,0.0,48.28,28.04,2.62,0.0
20231118:0930,330.88,254.4,177.2,0.0,37.4,28.33,2.62,0.0
20231118:1030,239.11,238.1,86.3,0.0,24.96,28.41,2.62,0.0
20231118:1130,70.1,67.6,54.45,0.0,11.73,28.18,2.48,0.0
20231118:1230,0.0,0.0,0.0,0.0,-1.96,27.1,2.0,0.0
20231118:1330,0.0,0.0,0.0,0.0,0.0,25.78,2.0,0.0
20231118:1430,0.0,0.0,0.0,0.0,0.0,24.9,1.79,0.0
20231118:1530,0.0,0.0,0.0,0.0,0.0,24.21,1.79,0.0
20231118:1630,0.0,0.0,0.0,0.0,0.0,23.49,2.07,0.0
20231118:1730,0.0,0.0,0.0,0.0,0.0,23.33,2.34,0.0
20231118:1830,0.0,0.0,0.0,0.0,0.0,23.19,2.62,0.0
20231118:1930,0.0,0.0,0.0,0.0,0.0,23.03,2.9,0.0
20231118:2030,0.0,0.0,0.0,0.0,0.0,22.23,2.69,0.0
20231118:2130,0.0,0.0,0.0,0.0,0.0,21.41,2.34,0.0
20231118:2230,0.0,0.0,0.0,0.0,0.0,20.71,2.21,0.0
20231118:2330,0.0,0.0,0.0,0.0,0.0,20.15,2.14,0.0
20231119:0030,0.0,0.0,0.0,0.0,-6.18,19.62,2.07,0.0
20231119:0130,41.94,28.05,50.45,0.0,7.58,19.14,2.0,0.0
20231119:0230,210.08,159.15,122.25,0.0,20.95,19.89,1.72,0.0
20231119:0330,397.89,358.91,147.15,0.0,33.65,22.0,2.41,0.0
20231119:0430,539.38,532.16,157.85,0.0,45.08,23.86,2.76,0.0
20231119:0530,609.41,548.96,241.45,0.0,53.99,25.61,3.24,0.0
20231119:0630,656.65,669.51,188.8,0.0,58.19,26.96,3.52,0.0
20231119:0730,633.57,643.31,185.7,0.0,55.89,28.14,3.72,0.0
20231119:0830,564.98,578.01,158.7,0.0,48.15,28.72,3.59,0.0
20231119:0930,425.22,393.56,160.85,0.0,37.31,29.03,3.31,0.0
20231119:1030,246.28,207.0,126.1,0.0,24.92,28.89,3.03,0.0
20231119:1130,64.49,31.05,75.3,0.0,11.71,28.34,2.62,0.0
20231119:1230,0.0,0.0,0.0,0.0,-1.95,27.08,2.07,0.0
20231119:1330,0.0,0.0,0.0,0.0,0.0,25.73,2.21,0.0
20231119:1430,0.0,0.0,0.0,0.0,0.0,24.97,2.41,0.0
20231119:1530,0.0,0.0,0.0,0.0,0.0,24.11,2.48,0.0
20231119:1630,0.0,0.0,0.0,0.0,0.0,23.37,2.41,0.0
20231119:1730,0.0,0.0,0.0,0.0,0.0,22.76,2.21,0.0
20231119:1830,0.0,0.0,0.0,0.0,0.0,22.18,1.93,0.0
20231119:1930,0.0,0.0,0.0,0.0,0.0,21.71,2.0,0.0
20231119:2030,0.0,0.0,0.0,0.0,0.0,21.32,2.14,0.0
20231119:2130,0.0,0.0,0.0,0.0,0.0,20.96,2.21,0.0
20231119:2230,0.0,0.0,0.0,0.0,0.0,20.68,2.28,0.0
20231119:2330,0.0,0.0,0.0,0.0,0.0,20.25,2.28,0.0
20231120:0030,0.0,0.0,0.0,0.0,-6.28,19.84,2.21,0.0
20231120:0130,40.68,45.45,38.8,0.0,7.46,19.51,2.07,0.0
20231120:0230,212.32,198.65,88.75,0.0,20.81,20.34,1.66,0.0
20231120:0330,391.92,382.36,117.8,0.0,33.48,22.42,2.14,0.0
20231120:0430,514.75,507.26,151.25,0.0,44.88,24.19,2.62,0.0
20231120:0530,609.01,644.66,143.1,0.0,53.76,25.72,3.1,0.0
20231120:0630,669.84,748.61,128.35,0.0,57.95,27.06,3.38,0.0
20231120:0730,647.9,729.46,123.0,0.0,55.7,28.26,3.24,0.0
20231120:0830,563.67,620.66,116.5,0.0,48.02,28.91,3.17,0.0
20231120:0930,422.93,422.06,130.1,0.0,37.23,29.17,3.03,0.0
20231120:1030,257.9,255.6,93.85,0.0,24.88,28.99,2.97,0.0
20231120:1130,79.96,72.7,63.2,0.0,11.7,28.43,2.76,0.0
20231120:1230,0.0,0.0,0.0,0.0,-1.94,27.08,1.93,0.0
20231120:1330,0.0,0.0,0.0,0.0,0.0,25.45,2.14,0.0
20231120:1430,0.0,0.0,0.0,0.0,0.0,24.35,2.76,0.0
20231120:1530,0.0,0.0,0.0,0.0,0.0,23.6,3.24,0.0
20231120:1630,0.0,0.0,0.0,0.0,0.0,23.1,3.03,0.0
20231120:1730,0.0,0.0,0.0,0.0,0.0,22.57,2.55,0.0
20231120:1830,0.0,0.0,0.0,0.0,0.0,22.12,2.14,0.0
20231120:1930,0.0,0.0,0.0,0.0,0.0,22.12,2.0,0.0
20231120:2030,0.0,0.0,0.0,0.0,0.0,21.78,1.66,0.0
20231120:2130,0.0,0.0,0.0,0.0,0.0,21.24,1.24,0.0
20231120:2230,0.0,0.0,0.0,0.0,0.0,20.74,1.24,0.0
20231120:2330,0.0,0.0,0.0,0.0,0.0,20.34,1.31,0.0
20231121:0030,0.0,0.0,0.0,0.0,-6.39,19.92,1.31,0.0
20231121:0130,30.85,15.25,44.2,0.0,7.33,19.7,1.45,0.0
20231121:0230,165.88,102.5,123.7,0.0,20.67,20.92,1.17,0.0
20231121:0330,341.03,280.6,158.65,0.0,33.31,23.2,1.52,0.0
20231121:0430,448.27,371.85,205.8,0.0,44.68,24.64,1.79,0.0
20231121:0530,476.22,382.15,229.9,0.0,53.53,26.22,2.97,0.0
20231121:0630,323.4,108.05,311.75,0.0,57.73,27.12,3.17,0.0
20231121:0730,351.47,183.35,273.15,0.0,55.51,28.02,2.83,0.0
20231121:0830,414.26,372.2,162.05,0.0,47.89,27.92,2.83,0.0
20231121:0930,328.56,310.5,116.35,0.0,37.16,28.14,2.62,0.0
20231121:1030,166.86,144.0,86.85,0.0,24.84,28.22,2.55,0.0
20231121:1130,48.44,39.9,47.75,0.0,11.69,27.85,2.28,0.0
20231121:1230,0.0,0.0,0.0,0.0,-1.93,27.11,2.0,0.0
20231121:1330,0.0,0.0,0.0,0.0,0.0,25.18,2.69,0.0
20231121:1430,0.0,0.0,0.0,0.0,0.0,24.08,2.62,0.0
20231121:1530,0.0,0.0,0.0,0.0,0.0,23.47,2.07,0.0
20231121:1630,0.0,0.0,0.0,0.0,0.0,23.14,1.72,0.0
20231121:1730,0.0,0.0,0.0,0.0,0.0,22.67,1.52,0.0
20231121:1830,0.0,0.0,0.0,0.0,0.0,22.3,1.38,0.0
20231121:1930,0.0,0.0,0.0,0.0,0.0,22.19,1.45,0.0
20231121:2030,0.0,0.0,0.0,0.0,0.0,21.73,1.38,0.0
20231121:2130,0.0,0.0,0.0,0.0,0.0,21.59,1.52,0.0
20231121:2230,0.0,0.0,0.0,0.0,0.0,21.53,1.79,0.0
20231121:2330,0.0,0.0,0.0,0.0,0.0,21.71,1.86,0.0
20231122:0030,0.0,0.0,0.0,0.0,-6.49,21.5,1.72,0.0
20231122:0130,22.23,12.65,34.6,0.0,7.21,21.54,1.45,0.0
20231122:0230,144.38,66.95,131.85,0.0,20.52,22.15,1.45,0.0
20231122:0330,293.55,197.95,180.9,0.0,33.15,23.38,1.72,0.0
20231122:0430,378.09,239.85,247.65,0.0,44.48,24.95,1.79,0.0
20231122:0530,402.61,288.6,231.75,0.0,53.31,26.2,1.86,0.0
20231122:0630,552.74,504.76,221.3,0.0,57.5,26.83,1.93,0.0
20231122:0730,477.98,351.8,282.5,0.0,55.33,28.14,1.24,0.0
20231122:0830,382.52,318.35,182.35,0.0,47.77,28.61,1.52,0.0
20231122:0930,335.04,279.75,161.8,0.0,37.09,28.8,1.45,0.0
20231122:1030,207.19,187.55,97.1,0.0,24.81,28.89,1.66,0.0
20231122:1130,59.67,51.9,53.4,0.0,11.68,28.48,1.79,0.0
20231122:1230,0.0,0.0,0.0,0.0,-1.92,26.91,2.34,0.0
20231122:1330,0.0,0.0,0.0,0.0,0.0,25.25,2.76,0.0
20231122:1430,0.0,0.0,0.0,0.0,0.0,24.38,2.41,0.0
20231122:1530,0.0,0.0,0.0,0.0,0.0,23.84,2.0,0.0
20231122:1630,0.0,0.0,0.0,0.0,0.0,23.48,1.79,0.0
20231122:1730,0.0,0.0,0.0,0.0,0.0,22.64,1.52,0.0
20231122:1830,0.0,0.0,0.0,0.0,0.0,22.2,1.45,0.0
20231122:1930,0.0,0.0,0.0,0.0,0.0,22.53,1.66,0.0
20231122:2030,0.0,0.0,0.0,0.0,0.0,21.73,1.72,0.0
20231122:2130,0.0,0.0,0.0,0.0,0.0,21.42,1.59,0.0
20231122:2230,0.0,0.0,0.0,0.0,0.0,21.42,1.45,0.0
20231122:2330,0.0,0.0,0.0,0.0,0.0,21.57,1.52,0.0
20231123:0030,0.0,0.0,0.0,0.0,0.0,21.78,2.21,0.0
20231123:0130,2.57,0.0,11.7,0.0,7.09,21.52,2.83,0.0
20231123:0230,47.53,7.75,67.8,0.0,20.38,21.71,2.76,0.0
20231123:0330,53.06,12.0,70.05,0.0,32.98,22.23,2.41,0.0
20231123:0430,61.77,1.85,91.35,0.0,44.29,22.57,2.48,0.0
20231123:0530,116.33,4.65,155.55,0.0,53.09,22.77,2.48,0.0
20231123:0630,465.87,244.0,349.55,0.0,57.28,23.2,2.97,0.0
20231123:0730,425.86,245.1,306.05,0.0,55.16,26.61,2.62,0.0
20231123:0830,411.45,276.2,258.1,0.0,47.66,27.36,2.41,0.0
20231123:0930,122.17,41.95,128.4,0.0,37.03,27.99,2.55,0.0
20231123:1030,141.94,51.65,143.8,0.0,24.78,25.75,2.34,0.0
20231123:1130,34.78,1.65,58.3,0.0,11.68,25.29,2.14,0.0
20231123:1230,0.0,0.0,0.0,0.0,-1.9,24.9,2.0,0.0
20231123:1330,0.0,0.0,0.0,0.0,0.0,24.08,2.34,0.0
20231123:1430,0.0,0.0,0.0,0.0,0.0,23.64,2.21,0.0
20231123:1530,0.0,0.0,0.0,0.0,0.0,23.36,2.21,0.0
20231123:1630,0.0,0.0,0.0,0.0,0.0,22.83,2.0,0.0
20231123:1730,0.0,0.0,0.0,0.0,0.0,22.42,2.07,0.0
20231123:1830,0.0,0.0,0.0,0.0,0.0,22.17,2.07,0.0
20231123:1930,0.0,0.0,0.0,0.0,0.0,21.77,1.72,0.0
20231123:2030,0.0,0.0,0.0,0.0,0.0,21.46,1.72,0.0
20231123:2130,0.0,0.0,0.0,0.0,0.0,21.06,1.86,0.0
20231123:2230,0.0,0.0,0.0,0.0,0.0,20.89,1.86,0.0
20231123:2330,0.0,0.0,0.0,0.0,0.0,20.77,1.86,0.0
20231124:0030,0.0,0.0,0.0,0.0,0.0,20.82,1.79,0.0
20231124:0130,14.27,8.7,25.7,0.0,6.97,20.97,1.86,0.0
20231124:0230,161.54,119.85,101.95,0.0,20.24,21.36,2.9,0.0
20231124:0330,268.27,191.65,151.95,0.0,32.81,22.96,3.24,0.0
20231124:0430,439.1,345.1,212.4,0.0,44.1,24.28,3.31,0.0
20231124:0530,463.78,374.15,218.6,0.0,52.88,26.05,3.38,0.0
20231124:0630,479.21,332.5,285.65,0.0,57.07,27.2,3.52,0.0
20231124:0730,443.77,266.8,306.8,0.0,54.99,27.28,3.31,0.0
20231124:0830,372.05,195.3,287.2,0.0,47.55,27.87,3.24,0.0
20231124:0930,219.44,78.95,212.0,0.0,36.97,28.07,3.17,0.0
20231124:1030,137.84,19.3,171.7,0.0,24.75,27.72,2.97,0.0
20231124:1130,23.05,0.0,44.0,0.0,11.68,27.19,2.48,0.0
20231124:1230,0.0,0.0,0.0,0.0,-1.87,26.12,2.21,0.0
20231124:1330,0.0,0.0,0.0,0.0,0.0,24.86,2.55,0.0
20231124:1430,0.0,0.0,0.0,0.0,0.0,23.93,2.34,0.0
20231124:1530,0.0,0.0,0.0,0.0,0.0,23.45,2.34,0.0
20231124:1630,0.0,0.0,0.0,0.0,0.0,22.88,2.76,0.0
20231124:1730,0.0,0.0,0.0,0.0,0.0,22.43,2.9,0.0
20231124:1830,0.0,0.0,0.0,0.0,0.0,22.0,2.62,0.0
20231124:1930,0.0,0.0,0.0,0.0,0.0,21.81,2.41,0.0
20231124:2030,0.0,0.0,0.0,0.0,0.0,21.57,2.07,0.0
20231124:2130,0.0,0.0,0.0,0.0,0.0,21.18,2.14,0.0
20231124:2230,0.0,0.0,0.0,0.0,0.0,20.89,2.34,0.0
20231124:2330,0.0,0.0,0.0,0.0,0.0,21.01,2.62,0.0
20231125:0030,0.0,0.0,0.0,0.0,0.0,20.82,2.62,0.0
20231125:0130,18.9,4.85,34.5,0.0,6.84,20.98,2.76,0.0
20231125:0230,89.85,13.3,114.75,0.0,20.1,21.37,3.17,0.0
20231125:0330,173.28,44.75,182.8,0.0,32.65,22.0,3.86,0.0
20231125:0430,246.25,61.0,255.95,0.0,43.91,23.39,3.79,0.0
20231125:0530,254.67,50.75,278.7,0.0,52.67,24.75,3.86,0.0
20231125:0630,484.9,417.65,197.75,0.0,56.87,25.44,3.79,0.0
20231125:0730,465.82,432.4,161.05,0.0,54.83,26.72,3.72,0.0
20231125:0830,444.5,424.56,143.45,0.0,47.45,27.36,3.79,0.0
20231125:0930,347.54,333.15,114.75,0.0,36.91,27.81,3.72,0.0
20231125:1030,230.89,215.7,95.9,0.0,24.73,27.59,3.45,0.0
20231125:1130,46.43,42.05,42.65,0.0,11.69,25.44,3.66,0.0
20231125:1230,0.0,0.0,0.0,0.0,-1.85,24.78,1.93,0.0
20231125:1330,0.0,0.0,0.0,0.0,0.0,23.73,2.21,0.0
20231125:1430,0.0,0.0,0.0,0.0,0.0,22.89,2.41,0.0
20231125:1530,0.0,0.0,0.0,0.0,0.0,22.63,2.21,0.0
20231125:1630,0.0,0.0,0.0,0.0,0.0,22.33,2.14,0.0
20231125:1730,0.0,0.0,0.0,0.0,0.0,22.01,2.21,0.0
20231125:1830,0.0,0.0,0.0,0.0,0.0,21.57,2.41,0.0
20231125:1930,0.0,0.0,0.0,0.0,0.0,21.45,2.55,0.0
20231125:2030,0.0,0.0,0.0,0.0,0.0,21.22,2.55,0.0
20231125:2130,0.0,0.0,0.0,0.0,0.0,20.82,2.34,0.0
20231125:2230,0.0,0.0,0.0,0.0,0.0,20.61,2.34,0.0
20231125:2330,0.0,0.0,0.0,0.0,0.0,20.47,2.48,0.0
20231126:0030,0.0,0.0,0.0,0.0,0.0,20.24,2.41,0.0
20231126:0130,20.5,13.7,31.8,0.0,6.72,20.61,2.62,0.0
20231126:0230,115.93,66.35,96.75,0.0,19.95,21.26,3.79,0.0
20231126:0330,289.97,180.25,187.75,0.0,32.49,21.97,4.14,0.0
20231126:0430,377.55,227.95,247.1,0.0,43.72,23.5,4.69,0.0
20231126:0530,346.24,121.45,319.3,0.0,52.46,24.84,4.83,0.0
20231126:0630,333.57,146.0,279.25,0.0,56.67,25.81,4.97,0.0
20231126:0730,362.49,200.65,260.35,0.0,54.68,26.25,5.03,0.0
20231126:0830,384.04,233.55,256.15,0.0,47.36,26.79,5.03,0.0
20231126:0930,294.43,201.45,178.15,0.0,36.86,27.27,4.9,0.0
20231126:1030,175.98,99.4,139.5,0.0,24.72,27.14,4.62,0.0
20231126:1130,55.67,27.15,66.3,0.0,11.7,26.75,3.72,0.0
20231126:1230,0.0,0.0,0.0,0.0,-1.81,26.02,3.1,0.0
20231126:1330,0.0,0.0,0.0,0.0,0.0,25.11,2.69,0.0
20231126:1430,0.0,0.0,0.0,0.0,0.0,24.29,2.62,0.0
20231126:1530,0.0,0.0,0.0,0.0,0.0,23.88,2.83,0.0
20231126:1630,0.0,0.0,0.0,0.0,0.0,23.41,3.1,0.0
20231126:1730,0.0,0.0,0.0,0.0,0.0,22.92,3.1,0.0
20231126:1830,0.0,0.0,0.0,0.0,0.0,22.25,2.83,0.0
20231126:1930,0.0,0.0,0.0,0.0,0.0,21.78,2.9,0.0
20231126:2030,0.0,0.0,0.0,0.0,0.0,21.68,2.69,0.0
20231126:2130,0.0,0.0,0.0,0.0,0.0,21.25,2.41,0.0
20231126:2230,0.0,0.0,0.0,0.0,0.0,21.1,2.34,0.0
20231126:2330,0.0,0.0,0.0,0.0,0.0,21.15,2.48,0.0
20231127:0030,0.0,0.0,0.0,0.0,0.0,21.33,2.69,0.0
20231127:0130,18.2,8.35,31.7,0.0,6.59,21.22,2.55,0.0
20231127:0230,160.9,133.35,89.4,0.0,19.81,21.55,2.97,0.0
20231127:0330,311.91,253.9,142.0,0.0,32.32,22.58,3.93,0.0
20231127:0430,424.87,349.95,184.9,0.0,43.54,24.04,4.21,0.0
20231127:0530,439.86,326.75,230.9,0.0,52.26,25.52,4.21,0.0
20231127:0630,484.46,402.0,215.9,0.0,56.47,26.65,4.14,0.0
20231127:0730,546.49,502.01,203.6,0.0,54.53,27.7,3.86,0.0
20231127:0830,483.48,428.36,197.0,0.0,47.27,28.51,3.72,0.0
20231127:0930,351.21,300.15,156.6,0.0,36.82,28.98,3.52,0.0
20231127:1030,241.97,220.0,107.85,0.0,24.71,28.82,3.24,0.0
20231127:1130,73.32,72.55,54.9,0.0,11.71,28.5,2.76,0.0
20231127:1230,0.0,0.0,0.0,0.0,-1.78,27.29,2.28,0.0
20231127:1330,0.0,0.0,0.0,0.0,0.0,25.64,2.69,0.0
20231127:1430,0.0,0.0,0.0,0.0,0.0,24.48,2.9,0.0
20231127:1530,0.0,0.0,0.0,0.0,0.0,23.72,2.97,0.0
20231127:1630,0.0,0.0,0.0,0.0,0.0,22.99,2.83,0.0
20231127:1730,0.0,0.0,0.0,0.0,0.0,22.64,2.76,0.0
20231127:1830,0.0,0.0,0.0,0.0,0.0,22.22,2.69,0.0
20231127:1930,0.0,0.0,0.0,0.0,0.0,21.91,2.48,0.0
20231127:2030,0.0,0.0,0.0,0.0,0.0,21.5,2.28,0.0
20231127:2130,0.0,0.0,0.0,0.0,0.0,21.14,2.07,0.0
20231127:2230,0.0,0.0,0.0,0.0,0.0,20.72,1.93,0.0
20231127:2330,0.0,0.0,0.0,0.0,0.0,20.4,1.93,0.0
20231128:0030,0.0,0.0,0.0,0.0,0.0,20.27,1.93,0.0
20231128:0130,25.48,28.75,30.55,0.0,6.46,20.05,1.86,0.0
20231128:0230,166.65,134.45,95.0,0.0,19.67,20.8,2.69,0.0
20231128:0330,303.84,213.0,174.25,0.0,32.16,22.19,3.03,0.0
20231128:0430,472.44,422.16,177.3,0.0,43.36,23.87,3.17,0.0
20231128:0530,537.52,511.21,177.65,0.0,52.06,25.68,3.31,0.0
20231128:0630,559.05,536.81,185.8,0.0,56.29,27.21,3.45,0.0
20231128:0730,587.49,612.46,158.95,0.0,54.39,28.37,2.83,0.0
20231128:0830,417.08,412.46,127.4,0.0,47.18,28.89,2.76,0.0
20231128:0930,353.81,355.16,104.85,0.0,36.78,28.64,2.83,0.0
20231128:1030,208.49,197.75,87.45,0.0,24.7,28.52,2.48,0.0
20231128:1130,66.73,63.3,53.5,0.0,11.73,28.22,2.14,0.0
20231128:1230,0.0,0.0,0.0,0.0,-1.74,26.01,2.07,0.0
20231128:1330,0.0,0.0,0.0,0.0,0.0,24.34,2.28,0.0
20231128:1430,0.0,0.0,0.0,0.0,0.0,23.31,2.48,0.0
20231128:1530,0.0,0.0,0.0,0.0,0.0,22.16,2.62,0.0
20231128:1630,0.0,0.0,0.0,0.0,0.0,21.6,2.21,0.0
20231128:1730,0.0,0.0,0.0,0.0,0.0,21.32,1.79,0.0
20231128:1830,0.0,0.0,0.0,0.0,0.0,20.96,1.72,0.0
20231128:1930,0.0,0.0,0.0,0.0,0.0,22.01,2.14,0.0
20231128:2030,0.0,0.0,0.0,0.0,0.0,21.58,2.28,0.0
20231128:2130,0.0,0.0,0.0,0.0,0.0,21.25,2.21,0.0
20231128:2230,0.0,0.0,0.0,0.0,0.0,20.92,2.0,0.0
20231128:2330,0.0,0.0,0.0,0.0,0.0,20.64,1.79,0.0
20231129:0030,0.0,0.0,0.0,0.0,0.0,20.28,1.86,0.0
20231129:0130,24.7,23.35,32.6,0.0,6.34,20.14,1.93,0.0
20231129:0230,147.62,95.45,108.4,0.0,19.53,20.88,2.76,0.0
20231129:0330,289.41,205.4,163.45,0.0,32.0,22.11,3.24,0.0
20231129:0430,370.84,213.7,257.25,0.0,43.18,23.59,3.17,0.0
20231129:0530,499.0,378.7,259.7,0.0,51.87,25.01,3.24,0.0
20231129:0630,533.0,421.7,267.8,0.0,56.11,26.66,3.24,0.0
20231129:0730,545.29,508.91,201.95,0.0,54.26,27.7,2.83,0.0
20231129:0830,496.23,447.21,201.3,0.0,47.1,28.51,2.69,0.0
20231129:0930,369.55,332.9,150.8,0.0,36.75,29.2,2.62,0.0
20231129:1030,208.75,164.6,120.6,0.0,24.7,29.1,2.76,0.0
20231129:1130,57.18,36.5,61.85,0.0,11.75,28.76,2.9,0.0
20231129:1230,0.0,0.0,0.0,0.0,-1.7,27.46,2.9,0.0
20231129:1330,0.0,0.0,0.0,0.0,0.0,25.86,3.59,0.0
20231129:1430,0.0,0.0,0.0,0.0,0.0,24.69,3.45,0.0
20231129:1530,0.0,0.0,0.0,0.0,0.0,23.72,3.03,0.0
20231129:1630,0.0,0.0,0.0,0.0,0.0,22.97,2.83,0.0
20231129:1730,0.0,0.0,0.0,0.0,0.0,22.5,2.69,0.0
20231129:1830,0.0,0.0,0.0,0.0,0.0,22.27,2.41,0.0
20231129:1930,0.0,0.0,0.0,0.0,0.0,21.93,2.34,0.0
20231129:2030,0.0,0.0,0.0,0.0,0.0,21.63,2.28,0.0
20231129:2130,0.0,0.0,0.0,0.0,0.0,21.31,2.07,0.0
20231129:2230,0.0,0.0,0.0,0.0,0.0,21.0,1.93,0.0
20231129:2330,0.0,0.0,0.0,0.0,0.0,20.81,2.0,0.0
20231130:0030,0.0,0.0,0.0,0.0,0.0,20.84,1.93,0.0
20231130:0130,22.54,13.15,35.3,0.0,6.21,20.65,1.93,0.0
20231130:0230,123.75,80.9,93.5,0.0,19.38,21.2,2.69,0.0
20231130:0330,276.62,171.4,182.3,0.0,31.85,22.35,3.31,0.0
20231130:0430,367.28,238.05,227.65,0.0,43.0,24.05,3.52,0.0
20231130:0530,395.86,201.4,305.35,0.0,51.69,25.66,3.59,0.0
20231130:0630,504.27,374.7,276.35,0.0,55.93,26.79,3.31,0.0
20231130:0730,503.47,479.76,172.8,0.0,54.13,27.96,2.9,0.0
20231130:0830,477.04,424.76,195.9,0.0,47.03,28.55,2.97,0.0
20231130:0930,382.23,360.01,137.4,0.0,36.72,29.03,3.31,0.0
20231130:1030,215.88,194.55,99.15,0.0,24.7,28.76,3.59,0.0
20231130:1130,58.75,55.1,49.25,0.0,11.78,27.94,3.24,0.0
20231130:1230,0.0,0.0,0.0,0.0,-1.65,27.1,2.62,0.0
20231130:1330,0.0,0.0,0.0,0.0,0.0,26.01,2.28,0.0
20231130:1430,0.0,0.0,0.0,0.0,0.0,25.17,2.34,0.0
20231130:1530,0.0,0.0,0.0,0.0,0.0,24.41,2.48,0.0
20231130:1630,0.0,0.0,0.0,0.0,0.0,23.66,2.41,0.0
20231130:1730,0.0,0.0,0.0,0.0,0.0,23.29,2.28,0.0
20231130:1830,0.0,0.0,0.0,0.0,0.0,22.67,2.0,0.0
20231130:1930,0.0,0.0,0.0,0.0,0.0,22.46,2.0,0.0
20231130:2030,0.0,0.0,0.0,0.0,0.0,22.15,1.79,0.0
20231130:2130,0.0,0.0,0.0,0.0,0.0,21.95,1.86,0.0
20231130:2230,0.0,0.0,0.0,0.0,0.0,21.7,1.93,0.0
20231130:2330,0.0,0.0,0.0,0.0,0.0,21.53,1.72,0.0
20231201:0030,0.0,0.0,0.0,0.0,0.0,21.35,1.72,0.0
20231201:0130,13.84,23.15,18.0,0.0,6.09,20.92,1.66,0.0
20231201:0230,138.64,113.4,82.2,0.0,19.24,21.2,1.66,0.0
20231201:0330,359.54,344.81,116.55,0.0,31.69,22.27,1.72,0.0
20231201:0430,493.52,480.76,155.5,0.0,42.83,24.24,1.86,0.0
20231201:0530,556.23,577.96,146.15,0.0,51.5,26.04,2.14,0.0
20231201:0630,559.79,540.91,188.45,0.0,55.76,27.73,2.97,0.0
20231201:0730,324.02,272.6,144.75,0.0,54.01,27.78,2.41,0.0
20231201:0830,172.86,20.6,212.5,0.0,46.96,27.21,2.62,0.0
20231201:0930,127.69,75.95,99.0,0.0,36.69,26.35,3.1,0.0
20231201:1030,138.46,81.8,110.4,0.0,24.71,26.21,2.55,0.0
20231201:1130,41.27,16.2,55.85,0.0,11.81,26.02,2.41,0.0
20231201:1230,0.0,0.0,0.0,0.0,-1.61,25.52,1.86,0.0
20231201:1330,0.0,0.0,0.0,0.0,0.0,24.69,1.59,0.0
20231201:1430,0.0,0.0,0.0,0.0,0.0,23.75,1.93,0.0
20231201:1530,0.0,0.0,0.0,0.0,0.0,22.88,2.0,0.0
20231201:1630,0.0,0.0,0.0,0.0,0.0,22.03,2.14,0.0
20231201:1730,0.0,0.0,0.0,0.0,0.0,21.48,1.93,0.0
20231201:1830,0.0,0.0,0.0,0.0,0.0,21.12,1.45,0.0
20231201:1930,0.0,0.0,0.0,0.0,0.0,22.28,1.79,0.0
20231201:2030,0.0,0.0,0.0,0.0,0.0,21.94,1.93,0.0
20231201:2130,0.0,0.0,0.0,0.0,0.0,21.62,1.79,0.0
20231201:2230,0.0,0.0,0.0,0.0,0.0,21.48,1.66,0.0
20231201:2330,0.0,0.0,0.0,0.0,0.0,21.05,1.66,0.0
20231202:0030,0.0,0.0,0.0,0.0,0.0,20.64,1.66,0.0
20231202:0130,25.2,29.7,30.6,0.0,5.96,20.37,1.59,0.0
20231202:0230,188.15,176.9,84.35,0.0,19.11,21.1,1.52,0.0
20231202:0330,376.55,369.51,113.5,0.0,31.54,23.0,2.34,0.0
20231202:0430,519.1,537.21,128.75,0.0,42.66,24.66,2.69,0.0
20231202:0530,614.86,671.96,128.4,0.0,51.33,26.24,2.9,0.0
20231202:0630,635.11,670.16,164.5,0.0,55.6,27.62,3.03,0.0
20231202:0730,609.76,636.26,165.5,0.0,53.89,28.36,3.03,0.0
20231202:0830,533.29,533.21,163.2,0.0,46.9,28.95,3.24,0.0
20231202:0930,322.41,271.8,149.0,0.0,36.67,29.6,3.59,0.0
20231202:1030,120.04,33.2,137.05,0.0,24.72,29.43,3.66,0.0
20231202:1130,50.35,19.75,65.75,0.0,11.84,28.76,3.17,0.0
20231202:1230,0.0,0.0,0.0,0.0,-1.55,27.62,3.1,0.0
20231202:1330,0.0,0.0,0.0,0.0,0.0,26.26,3.31,0.0
20231202:1430,0.0,0.0,0.0,0.0,0.0,25.29,3.03,0.0
20231202:1530,0.0,0.0,0.0,0.0,0.0,24.27,2.69,0.0
20231202:1630,0.0,0.0,0.0,0.0,0.0,23.7,2.62,0.0
20231202:1730,0.0,0.0,0.0,0.0,0.0,23.28,2.48,0.0
20231202:1830,0.0,0.0,0.0,0.0,0.0,22.75,2.41,0.0
20231202:1930,0.0,0.0,0.0,0.0,0.0,22.58,2.34,0.0
20231202:2030,0.0,0.0,0.0,0.0,0.0,22.16,2.14,0.0
20231202:2130,0.0,0.0,0.0,0.0,0.0,21.76,2.0,0.0
20231202:2230,0.0,0.0,0.0,0.0,0.0,21.61,1.86,0.0
20231202:2330,0.0,0.0,0.0,0.0,0.0,21.35,1.79,0.0
20231203:0030,0.0,0.0,0.0,0.0,0.0,21.62,1.59,0.0
20231203:0130,11.37,1.55,25.65,0.0,5.83,21.85,1.38,0.0
20231203:0230,52.47,4.4,77.5,0.0,18.97,22.34,2.21,0.0
20231203:0330,161.68,64.0,150.75,0.0,31.38,22.83,3.03,0.0
20231203:0430,316.62,178.2,223.7,0.0,42.5,24.01,4.0,0.0
20231203:0530,401.42,251.1,257.7,0.0,51.16,25.2,4.34,0.0
20231203:0630,496.49,426.46,204.1,0.0,55.45,26.04,4.34,0.0
20231203:0730,528.34,515.46,163.15,0.0,53.78,27.34,3.79,0.0
20231203:0830,350.63,269.95,182.55,0.0,46.85,28.3,3.24,0.0
20231203:0930,219.15,109.0,177.0,0.0,36.66,25.98,4.41,0.0
20231203:1030,50.92,5.3,75.0,0.0,24.74,24.35,3.1,0.0
20231203:1130,28.37,5.25,46.7,0.0,11.88,24.18,2.69,0.0
20231203:1230,0.0,0.0,0.0,0.0,-1.5,24.1,2.62,0.0
20231203:1330,0.0,0.0,0.0,0.0,0.0,23.35,2.21,0.0
20231203:1430,0.0,0.0,0.0,0.0,0.0,22.96,1.79,0.0
20231203:1530,0.0,0.0,0.0,0.0,0.0,22.67,2.07,0.0
20231203:1630,0.0,0.0,0.0,0.0,0.0,22.28,2.14,0.0
20231203:1730,0.0,0.0,0.0,0.0,0.0,22.19,1.79,0.0
20231203:1830,0.0,0.0,0.0,0.0,0.0,21.9,1.93,0.0
20231203:1930,0.0,0.0,0.0,0.0,0.0,21.23,1.52,0.0
20231203:2030,0.0,0.0,0.0,0.0,0.0,20.34,1.31,0.0
20231203:2130,0.0,0.0,0.0,0.0,0.0,19.69,1.38,0.0
20231203:2230,0.0,0.0,0.0,0.0,0.0,19.45,1.52,0.0
20231203:2330,0.0,0.0,0.0,0.0,0.0,19.58,1.59,0.0
20231204:0030,0.0,0.0,0.0,0.0,0.0,19.94,1.45,0.0
20231204:0130,7.59,0.0,20.4,0.0,5.71,20.12,1.38,0.0
20231204:0230,76.19,6.15,105.0,0.0,18.83,21.03,1.31,0.0
20231204:0330,182.18,22.8,217.85,0.0,31.23,22.52,1.93,0.0
20231204:0430,239.27,26.75,283.05,0.0,42.34,23.71,4.0,0.0
20231204:0530,249.57,21.35,303.3,0.0,50.99,24.84,3.66,0.0
20231204:0630,158.47,0.1,214.0,0.0,55.3,25.78,3.38,0.0
20231204:0730,207.02,16.4,257.3,0.0,53.68,25.73,3.03,0.0
20231204:0830,193.34,13.25,244.1,0.0,46.8,26.17,3.1,0.0
20231204:0930,115.79,2.0,160.1,0.0,36.65,26.39,2.9,0.0
20231204:1030,85.97,6.05,119.1,0.0,24.76,26.04,2.55,0.0
20231204:1130,26.51,6.3,43.7,0.0,11.92,25.86,2.34,0.0
20231204:1230,0.0,0.0,0.0,0.0,-1.44,25.18,1.72,0.0
20231204:1330,0.0,0.0,0.0,0.0,0.0,24.26,1.52,0.0
20231204:1430,0.0,0.0,0.0,0.0,0.0,23.1,1.52,0.0
20231204:1530,0.0,0.0,0.0,0.0,0.0,22.15,1.31,0.0
20231204:1630,0.0,0.0,0.0,0.0,0.0,21.54,1.38,0.0
20231204:1730,0.0,0.0,0.0,0.0,0.0,21.0,1.45,0.0
20231204:1830,0.0,0.0,0.0,0.0,0.0,20.67,1.59,0.0
20231204:1930,0.0,0.0,0.0,0.0,0.0,20.71,2.0,0.0
20231204:2030,0.0,0.0,0.0,0.0,0.0,20.73,2.07,0.0
20231204:2130,0.0,0.0,0.0,0.0,0.0,20.5,1.93,0.0
20231204:2230,0.0,0.0,0.0,0.0,0.0,20.25,1.72,0.0
20231204:2330,0.0,0.0,0.0,0.0,0.0,19.92,1.59,0.0
20231205:0030,0.0,0.0,0.0,0.0,0.0,19.65,1.52,0.0
20231205:0130,17.53,1.2,34.54,0.0,5.58,19.62,1.38,0.0
20231205:0230,100.06,14.3,126.3,0.0,18.69,20.1,1.03,0.0
20231205:0330,239.53,86.7,225.75,0.0,31.09,22.59,1.17,0.0
20231205:0430,361.85,169.0,298.8,0.0,42.18,24.23,1.59,0.0
20231205:0530,377.16,131.45,359.15,0.0,50.83,25.53,1.86,0.0
20231205:0630,417.18,209.9,333.15,0.0,55.16,26.36,2.0,0.0
20231205:0730,340.87,110.4,335.4,0.0,53.59,27.7,2.48,0.0
20231205:0830,328.83,102.6,328.7,0.0,46.75,27.94,2.41,0.0
20231205:0930,239.01,58.15,259.1,0.0,36.65,28.25,2.62,0.0
20231205:1030,143.68,32.55,166.6,0.0,24.78,28.13,2.55,0.0
20231205:1130,51.65,5.25,78.3,0.0,11.97,27.8,2.21,0.0
20231205:1230,0.0,0.0,0.0,0.0,-1.38,26.76,1.72,0.0
20231205:1330,0.0,0.0,0.0,0.0,0.0,25.46,1.86,0.0
20231205:1430,0.0,0.0,0.0,0.0,0.0,24.42,1.86,0.0
20231205:1530,0.0,0.0,0.0,0.0,0.0,23.46,1.72,0.0
20231205:1630,0.0,0.0,0.0,0.0,0.0,22.62,1.72,0.0
20231205:1730,0.0,0.0,0.0,0.0,0.0,21.88,1.72,0.0
20231205:1830,0.0,0.0,0.0,0.0,0.0,21.48,1.72,0.0
20231205:1930,0.0,0.0,0.0,0.0,0.0,21.55,1.45,0.0
20231205:2030,0.0,0.0,0.0,0.0,0.0,21.23,1.24,0.0
20231205:2130,0.0,0.0,0.0,0.0,0.0,20.92,1.17,0.0
20231205:2230,0.0,0.0,0.0,0.0,0.0,20.56,1.1,0.0
20231205:2330,0.0,0.0,0.0,0.0,0.0,20.64,0.9,0.0
20231206:0030,0.0,0.0,0.0,0.0,0.0,20.56,0.83,0.0
20231206:0130,16.25,17.8,24.84,0.0,5.46,20.07,0.9,0.0
20231206:0230,161.53,129.55,96.4,0.0,18.56,20.44,0.76,0.0
20231206:0330,359.85,354.21,115.1,0.0,30.94,23.42,0.83,0.0
20231206:0430,487.81,517.51,124.7,0.0,42.02,25.35,0.69,0.0
20231206:0530,530.95,511.91,200.25,0.0,50.68,27.0,0.55,0.0
20231206:0630,603.06,671.61,153.95,0.0,55.03,28.0,0.48,0.0
20231206:0730,576.65,630.91,154.65,0.0,53.5,29.05,0.69,0.0
20231206:0830,518.36,569.01,127.3,0.0,46.72,29.68,1.03,0.0
20231206:0930,404.05,420.11,117.9,0.0,36.65,29.96,1.24,0.0
20231206:1030,243.58,253.76,81.15,0.0,24.81,29.87,1.52,0.0
20231206:1130,80.83,89.8,51.1,0.0,12.02,29.43,1.66,0.0
20231206:1230,0.0,0.0,0.0,0.0,-1.32,28.16,1.59,0.0
20231206:1330,0.0,0.0,0.0,0.0,0.0,26.1,1.59,0.0
20231206:1430,0.0,0.0,0.0,0.0,0.0,25.15,1.17,0.0
20231206:1530,0.0,0.0,0.0,0.0,0.0,24.89,0.9,0.0
20231206:1630,0.0,0.0,0.0,0.0,0.0,22.77,1.52,0.0
20231206:1730,0.0,0.0,0.0,0.0,0.0,22.25,1.86,0.0
20231206:1830,0.0,0.0,0.0,0.0,0.0,21.5,1.93,0.0
20231206:1930,0.0,0.0,0.0,0.0,0.0,21.78,2.07,0.0
20231206:2030,0.0,0.0,0.0,0.0,0.0,21.53,1.79,0.0
20231206:2130,0.0,0.0,0.0,0.0,0.0,21.14,1.59,0.0
20231206:2230,0.0,0.0,0.0,0.0,0.0,20.75,1.38,0.0
20231206:2330,0.0,0.0,0.0,0.0,0.0,20.79,1.1,0.0
20231207:0030,0.0,0.0,0.0,0.0,0.0,20.75,1.1,0.0
20231207:0130,10.9,12.75,19.59,0.0,5.34,20.58,1.1,0.0
20231207:0230,80.17,43.95,75.45,0.0,18.42,20.82,1.17,0.0
20231207:0330,272.55,206.6,145.05,0.0,30.8,21.63,1.24,0.0
20231207:0430,440.44,370.61,202.0,0.0,41.87,23.73,0.76,0.0
20231207:0530,504.29,519.56,148.25,0.0,50.53,25.9,0.48,0.0
20231207:0630,497.72,462.96,199.8,0.0,54.9,27.06,0.55,0.0
20231207:0730,381.9,246.75,258.2,0.0,53.42,28.16,0.76,0.0
20231207:0830,355.99,281.85,188.2,0.0,46.69,28.47,0.62,0.0
20231207:0930,291.1,249.7,137.55,0.0,36.66,28.67,0.34,0.0
20231207:1030,210.48,196.45,94.85,0.0,24.85,28.71,0.21,0.0
20231207:1130,57.53,50.4,51.45,0.0,12.07,28.73,0.62,0.0
20231207:1230,0.0,0.0,0.0,0.0,-1.25,27.89,0.9,0.0
20231207:1330,0.0,0.0,0.0,0.0,0.0,26.95,0.9,0.0
20231207:1430,0.0,0.0,0.0,0.0,0.0,26.95,0.69,0.0
20231207:1530,0.0,0.0,0.0,0.0,0.0,25.36,0.97,0.0
20231207:1630,0.0,0.0,0.0,0.0,0.0,24.45,1.03,0.0
20231207:1730,0.0,0.0,0.0,0.0,0.0,23.44,1.24,0.0
20231207:1830,0.0,0.0,0.0,0.0,0.0,22.82,1.31,0.0
20231207:1930,0.0,0.0,0.0,0.0,0.0,22.8,1.1,0.0
20231207:2030,0.0,0.0,0.0,0.0,0.0,22.25,1.17,0.0
20231207:2130,0.0,0.0,0.0,0.0,0.0,21.89,1.24,0.0
20231207:2230,0.0,0.0,0.0,0.0,0.0,21.39,1.31,0.0
20231207:2330,0.0,0.0,0.0,0.0,0.0,21.22,1.1,0.0
20231208:0030,0.0,0.0,0.0,0.0,0.0,21.11,1.03,0.0
20231208:0130,12.64,20.55,18.8,0.0,5.21,21.78,0.62,0.0
20231208:0230,126.99,100.2,82.65,0.0,18.29,21.88,0.62,0.0
20231208:0330,297.32,265.0,122.15,0.0,30.66,23.67,1.1,0.0
20231208:0430,427.91,385.66,167.35,0.0,41.73,25.15,1.59,0.0
20231208:0530,427.95,315.9,239.4,0.0,50.38,26.74,2.0,0.0
20231208:0630,481.48,458.81,169.1,0.0,54.78,27.89,2.0,0.0
20231208:0730,470.05,458.81,150.95,0.0,53.35,28.35,2.55,0.0
20231208:0830,384.96,360.45,138.0,0.0,46.66,28.62,2.48,0.0
20231208:0930,312.21,286.9,120.6,0.0,36.67,28.52,2.41,0.0
20231208:1030,188.87,165.4,93.95,0.0,24.88,28.28,2.21,0.0
20231208:1130,55.21,46.9,50.65,0.0,12.13,28.07,2.0,0.0
20231208:1230,0.0,0.0,0.0,0.0,-1.18,27.18,2.07,0.0
20231208:1330,0.0,0.0,0.0,0.0,0.0,26.01,2.14,0.0
20231208:1430,0.0,0.0,0.0,0.0,0.0,24.73,1.93,0.0
20231208:1530,0.0,0.0,0.0,0.0,0.0,23.97,1.24,0.0
20231208:1630,0.0,0.0,0.0,0.0,0.0,22.93,0.62,0.0
20231208:1730,0.0,0.0,0.0,0.0,0.0,22.98,0.14,0.0
20231208:1830,0.0,0.0,0.0,0.0,0.0,22.6,0.9,0.0
20231208:1930,0.0,0.0,0.0,0.0,0.0,22.6,1.31,0.0
20231208:2030,0.0,0.0,0.0,0.0,0.0,22.22,1.52,0.0
20231208:2130,0.0,0.0,0.0,0.0,0.0,21.9,1.52,0.0
20231208:2230,0.0,0.0,0.0,0.0,0.0,21.78,1.38,0.0
20231208:2330,0.0,0.0,0.0,0.0,0.0,21.71,1.59,0.0
20231209:0030,0.0,0.0,0.0,0.0,0.0,21.62,1.66,0.0
20231209:0130,10.45,14.45,18.39,0.0,5.09,21.43,1.66,0.0
20231209:0230,85.92,35.85,90.35,0.0,18.16,21.73,1.72,0.0
20231209:0330,198.11,115.35,144.45,0.0,30.52,22.61,1.93,0.0
20231209:0430,307.67,210.1,183.35,0.0,41.59,23.7,1.93,0.0
20231209:0530,252.14,103.75,223.6,0.0,50.24,25.41,2.34,0.0
20231209:0630,410.15,353.2,172.25,0.0,54.67,26.28,2.41,0.0
20231209:0730,416.45,351.6,182.55,0.0,53.28,26.79,2.76,0.0
20231209:0830,422.67,385.11,160.15,0.0,46.64,27.48,2.62,0.0
20231209:0930,331.67,295.55,136.3,0.0,36.69,28.17,2.55,0.0
20231209:1030,216.87,207.7,87.8,0.0,24.93,28.45,2.62,0.0
20231209:1130,43.67,25.7,51.9,0.0,12.19,27.68,2.41,0.0
20231209:1230,0.0,0.0,0.0,0.0,-1.1,25.74,1.79,0.0
20231209:1330,0.0,0.0,0.0,0.0,0.0,24.19,2.14,0.0
20231209:1430,0.0,0.0,0.0,0.0,0.0,23.28,2.28,0.0
20231209:1530,0.0,0.0,0.0,0.0,0.0,22.83,2.28,0.0
20231209:1630,0.0,0.0,0.0,0.0,0.0,22.56,2.14,0.0
20231209:1730,0.0,0.0,0.0,0.0,0.0,22.46,2.0,0.0
20231209:1830,0.0,0.0,0.0,0.0,0.0,22.15,2.0,0.0
20231209:1930,0.0,0.0,0.0,0.0,0.0,22.89,2.07,0.0
20231209:2030,0.0,0.0,0.0,0.0,0.0,22.57,1.86,0.0
20231209:2130,0.0,0.0,0.0,0.0,0.0,22.14,2.07,0.0
20231209:2230,0.0,0.0,0.0,0.0,0.0,21.88,2.28,0.0
20231209:2330,0.0,0.0,0.0,0.0,0.0,21.53,2.14,0.0
20231210:0030,0.0,0.0,0.0,0.0,0.0,21.26,1.93,0.0
20231210:0130,11.73,12.85,21.16,0.0,4.97,21.35,2.0,0.0
20231210:0230,138.08,107.2,89.1,0.0,18.03,21.58,2.21,0.0
20231210:0330,314.78,242.55,161.9,0.0,30.39,22.64,2.41,0.0
20231210:0430,495.49,506.86,125.3,0.0,41.45,24.18,2.83,0.0
20231210:0530,564.28,560.61,167.95,0.0,50.11,26.07,3.1,0.0
20231210:0630,571.74,513.56,232.8,0.0,54.56,27.58,3.1,0.0
20231210:0730,499.11,444.96,203.8,0.0,53.22,28.79,3.24,0.0
20231210:0830,398.92,299.25,220.8,0.0,46.63,29.47,2.97,0.0
20231210:0930,254.27,202.5,133.05,0.0,36.71,29.69,2.69,0.0
20231210:1030,126.01,75.5,103.5,0.0,24.97,29.37,2.48,0.0
20231210:1130,66.75,59.85,55.4,0.0,12.25,28.77,2.69,0.0
20231210:1230,0.0,0.0,0.0,0.0,-1.03,27.75,2.69,0.0
20231210:1330,0.0,0.0,0.0,0.0,0.0,26.56,2.9,0.0
20231210:1430,0.0,0.0,0.0,0.0,0.0,25.67,3.17,0.0
20231210:1530,0.0,0.0,0.0,0.0,0.0,25.01,3.1,0.0
20231210:1630,0.0,0.0,0.0,0.0,0.0,24.16,2.69,0.0
20231210:1730,0.0,0.0,0.0,0.0,0.0,23.33,2.48,0.0
20231210:1830,0.0,0.0,0.0,0.0,0.0,22.83,2.48,0.0
20231210:1930,0.0,0.0,0.0,0.0,0.0,22.58,2.62,0.0
20231210:2030,0.0,0.0,0.0,0.0,0.0,22.08,2.69,0.0
20231210:2130,0.0,0.0,0.0,0.0,0.0,21.71,2.62,0.0
20231210:2230,0.0,0.0,0.0,0.0,0.0,21.53,2.62,0.0
20231210:2330,0.0,0.0,0.0,0.0,0.0,21.41,2.62,0.0
20231211:0030,0.0,0.0,0.0,0.0,0.0,21.17,2.48,0.0
20231211:0130,15.64,15.25,25.9,0.0,4.85,20.9,2.34,0.0
20231211:0230,138.62,94.75,100.8,0.0,17.91,21.23,2.41,0.0
20231211:0330,316.33,258.9,145.85,0.0,30.25,22.48,3.03,0.0
20231211:0430,479.57,442.21,169.9,0.0,41.31,24.23,2.9,0.0
20231211:0530,533.99,520.56,168.15,0.0,49.99,25.9,2.76,0.0
20231211:0630,534.86,391.2,308.45,0.0,54.46,27.34,2.76,0.0
20231211:0730,412.91,272.75,265.2,0.0,53.17,28.41,2.55,0.0
20231211:0830,371.69,234.05,252.25,0.0,46.63,28.79,2.28,0.0
20231211:0930,204.58,82.85,191.7,0.0,36.74,29.16,2.21,0.0
20231211:1030,139.73,70.2,125.2,0.0,25.02,28.6,2.55,0.0
20231211:1130,43.0,8.95,64.15,0.0,12.32,28.13,2.48,0.0
20231211:1230,0.0,0.0,0.0,0.0,-0.95,27.33,2.21,0.0
20231211:1330,0.0,0.0,0.0,0.0,0.0,26.64,2.34,0.0
20231211:1430,0.0,0.0,0.0,0.0,0.0,25.96,2.41,0.0
20231211:1530,0.0,0.0,0.0,0.0,0.0,25.11,2.28,0.0
20231211:1630,0.0,0.0,0.0,0.0,0.0,24.25,2.07,0.0
20231211:1730,0.0,0.0,0.0,0.0,0.0,23.96,1.86,0.0
20231211:1830,0.0,0.0,0.0,0.0,0.0,23.33,1.93,0.0
20231211:1930,0.0,0.0,0.0,0.0,0.0,23.19,2.28,0.0
20231211:2030,0.0,0.0,0.0,0.0,0.0,22.53,2.55,0.0
20231211:2130,0.0,0.0,0.0,0.0,0.0,22.1,2.83,0.0
20231211:2230,0.0,0.0,0.0,0.0,0.0,21.7,2.9,0.0
20231211:2330,0.0,0.0,0.0,0.0,0.0,21.29,2.69,0.0
20231212:0030,0.0,0.0,0.0,0.0,0.0,21.14,2.62,0.0
20231212:0130,10.95,11.75,20.63,0.0,4.73,20.87,2.34,0.0
20231212:0230,134.9,100.4,91.15,0.0,17.78,20.98,2.55,0.0
20231212:0330,267.89,179.55,164.1,0.0,30.13,22.32,3.45,0.0
20231212:0430,368.46,221.3,246.8,0.0,41.19,23.67,3.24,0.0
20231212:0530,467.41,360.85,235.9,0.0,49.87,24.99,3.1,0.0
20231212:0630,439.41,320.65,243.35,0.0,54.37,26.36,3.03,0.0
20231212:0730,328.88,163.0,263.35,0.0,53.12,27.16,2.62,0.0
20231212:0830,315.13,193.1,216.35,0.0,46.63,27.6,2.34,0.0
20231212:0930,292.02,196.4,186.1,0.0,36.77,28.01,2.28,0.0
20231212:1030,169.17,113.25,119.7,0.0,25.08,28.18,2.34,0.0
20231212:1130,70.52,59.35,60.0,0.0,12.39,27.82,2.21,0.0
20231212:1230,0.0,0.0,0.0,0.0,-0.87,27.12,2.07,0.0
20231212:1330,0.0,0.0,0.0,0.0,0.0,25.88,2.0,0.0
20231212:1430,0.0,0.0,0.0,0.0,0.0,24.85,2.14,0.0
20231212:1530,0.0,0.0,0.0,0.0,0.0,24.07,2.34,0.0
20231212:1630,0.0,0.0,0.0,0.0,0.0,23.39,2.34,0.0
20231212:1730,0.0,0.0,0.0,0.0,0.0,22.79,2.41,0.0
20231212:1830,0.0,0.0,0.0,0.0,0.0,22.05,2.55,0.0
20231212:1930,0.0,0.0,0.0,0.0,0.0,21.64,2.28,0.0
20231212:2030,0.0,0.0,0.0,0.0,0.0,21.09,2.41,0.0
20231212:2130,0.0,0.0,0.0,0.0,0.0,20.81,2.48,0.0
20231212:2230,0.0,0.0,0.0,0.0,0.0,20.14,2.55,0.0
20231212:2330,0.0,0.0,0.0,0.0,0.0,19.61,2.48,0.0
20231213:0030,0.0,0.0,0.0,0.0,0.0,19.12,2.28,0.0
20231213:0130,14.19,25.0,19.68,0.0,4.61,18.75,2.21,0.0
20231213:0230,167.34,152.85,81.65,0.0,17.66,19.11,2.41,0.0
20231213:0330,350.01,325.36,118.3,0.0,30.0,20.97,3.31,0.0
20231213:0430,491.96,469.41,153.35,0.0,41.06,22.86,3.1,0.0
20231213:0530,588.07,627.36,126.5,0.0,49.75,24.63,3.17,0.0
20231213:0630,464.77,346.65,248.45,0.0,54.28,26.28,3.52,0.0
20231213:0730,379.37,273.6,213.05,0.0,53.09,27.2,3.31,0.0
20231213:0830,331.99,190.85,238.9,0.0,46.63,27.62,3.1,0.0
20231213:0930,267.21,199.7,149.0,0.0,36.81,27.83,2.97,0.0
20231213:1030,202.85,154.1,121.1,0.0,25.14,27.85,2.97,0.0
20231213:1130,64.68,53.55,56.8,0.0,12.46,27.6,3.1,0.0
20231213:1230,0.0,0.0,0.0,0.0,-0.78,26.61,2.76,0.0
20231213:1330,0.0,0.0,0.0,0.0,0.0,25.3,2.76,0.0
20231213:1430,0.0,0.0,0.0,0.0,0.0,24.41,2.76,0.0
20231213:1530,0.0,0.0,0.0,0.0,0.0,23.72,2.83,0.0
20231213:1630,0.0,0.0,0.0,0.0,0.0,23.08,2.9,0.0
20231213:1730,0.0,0.0,0.0,0.0,0.0,22.55,3.17,0.0
20231213:1830,0.0,0.0,0.0,0.0,0.0,21.66,3.1,0.0
20231213:1930,0.0,0.0,0.0,0.0,0.0,20.8,2.34,0.0
20231213:2030,0.0,0.0,0.0,0.0,0.0,20.16,2.48,0.0
20231213:2130,0.0,0.0,0.0,0.0,0.0,19.62,2.76,0.0
20231213:2230,0.0,0.0,0.0,0.0,0.0,19.51,3.03,0.0
20231213:2330,0.0,0.0,0.0,0.0,0.0,19.4,3.17,0.0
20231214:0030,0.0,0.0,0.0,0.0,0.0,19.37,3.17,0.0
20231214:0130,10.84,16.4,18.56,0.0,4.49,19.22,2.9,0.0
20231214:0230,126.61,89.35,90.1,0.0,17.54,19.42,3.03,0.0
20231214:0330,300.52,233.3,147.1,0.0,29.88,20.61,3.93,0.0
20231214:0430,340.83,221.55,206.75,0.0,40.94,22.23,3.79,0.0
20231214:0530,399.56,194.55,312.55,0.0,49.64,23.55,3.45,0.0
20231214:0630,603.22,541.21,238.65,0.0,54.21,24.92,3.1,0.0
20231214:0730,634.63,701.21,128.0,0.0,53.05,26.45,2.9,0.0
20231214:0830,566.3,623.31,116.4,0.0,46.64,27.49,2.69,0.0
20231214:0930,447.47,477.26,106.55,0.0,36.85,28.1,2.62,0.0
20231214:1030,280.47,289.31,88.9,0.0,25.2,28.35,2.62,0.0
20231214:1130,93.28,101.4,55.35,0.0,12.54,28.07,2.62,0.0
20231214:1230,0.0,0.0,0.0,0.0,-0.7,27.04,2.34,0.0
20231214:1330,0.0,0.0,0.0,0.0,0.0,25.38,2.48,0.0
20231214:1430,0.0,0.0,0.0,0.0,0.0,24.26,2.76,0.0
20231214:1530,0.0,0.0,0.0,0.0,0.0,23.42,2.97,0.0
20231214:1630,0.0,0.0,0.0,0.0,0.0,22.64,2.9,0.0
20231214:1730,0.0,0.0,0.0,0.0,0.0,21.95,2.76,0.0
20231214:1830,0.0,0.0,0.0,0.0,0.0,21.26,2.62,0.0
20231214:1930,0.0,0.0,0.0,0.0,0.0,20.76,2.41,0.0
20231214:2030,0.0,0.0,0.0,0.0,0.0,20.18,2.41,0.0
20231214:2130,0.0,0.0,0.0,0.0,0.0,19.56,2.41,0.0
20231214:2230,0.0,0.0,0.0,0.0,0.0,19.02,2.41,0.0
20231214:2330,0.0,0.0,0.0,0.0,0.0,18.55,2.28,0.0
20231215:0030,0.0,0.0,0.0,0.0,0.0,18.11,2.07,0.0
20231215:0130,12.74,26.2,17.4,0.0,4.37,17.75,1.93,0.0
20231215:0230,170.76,165.1,75.05,0.0,17.42,18.27,1.72,0.0
20231215:0330,335.4,314.86,113.0,0.0,29.76,20.67,2.14,0.0
20231215:0430,489.95,496.86,127.6,0.0,40.83,22.92,2.28,0.0
20231215:0530,578.72,604.66,145.9,0.0,49.54,25.06,2.34,0.0
20231215:0630,606.52,629.01,163.3,0.0,54.13,26.99,2.9,0.0
20231215:0730,485.42,421.46,212.35,0.0,53.03,28.3,2.41,0.0
20231215:0830,493.83,479.91,166.0,0.0,46.66,29.04,2.69,0.0
20231215:0930,356.02,300.55,165.7,0.0,36.9,29.6,2.9,0.0
20231215:1030,174.93,125.95,115.15,0.0,25.27,29.37,3.03,0.0
20231215:1130,57.67,31.85,65.2,0.0,12.62,28.72,2.97,0.0
20231215:1230,0.0,0.0,0.0,0.0,-0.61,27.48,2.9,0.0
20231215:1330,0.0,0.0,0.0,0.0,0.0,26.15,3.17,0.0
20231215:1430,0.0,0.0,0.0,0.0,0.0,24.9,3.52,0.0
20231215:1530,0.0,0.0,0.0,0.0,0.0,23.94,3.59,0.0
20231215:1630,0.0,0.0,0.0,0.0,0.0,23.14,3.1,0.0
20231215:1730,0.0,0.0,0.0,0.0,0.0,22.63,2.69,0.0
20231215:1830,0.0,0.0,0.0,0.0,0.0,22.33,2.34,0.0
20231215:1930,0.0,0.0,0.0,0.0,0.0,22.18,2.07,0.0
20231215:2030,0.0,0.0,0.0,0.0,0.0,21.65,1.93,0.0
20231215:2130,0.0,0.0,0.0,0.0,0.0,21.2,1.59,0.0
20231215:2230,0.0,0.0,0.0,0.0,0.0,20.78,1.45,0.0
20231215:2330,0.0,0.0,0.0,0.0,0.0,20.29,1.38,0.0
20231216:0030,0.0,0.0,0.0,0.0,0.0,19.89,1.38,0.0
20231216:0130,11.03,11.75,21.04,0.0,4.26,19.85,1.38,0.0
20231216:0230,125.3,77.1,101.25,0.0,17.3,20.56,1.52,0.0
20231216:0330,270.81,208.05,140.5,0.0,29.64,22.38,2.83,0.0
20231216:0430,346.45,233.3,206.2,0.0,40.71,23.98,3.52,0.0
20231216:0530,436.45,281.3,276.4,0.0,49.45,25.4,3.45,0.0
20231216:0630,624.3,637.56,174.25,0.0,54.07,26.58,3.38,0.0
20231216:0730,556.18,528.51,196.85,0.0,53.01,28.05,3.1,0.0
20231216:0830,489.32,400.76,237.3,0.0,46.69,28.87,3.31,0.0
20231216:0930,346.32,237.55,215.2,0.0,36.95,29.35,3.45,0.0
20231216:1030,198.41,95.65,174.2,0.0,25.34,29.43,3.38,0.0
20231216:1130,65.96,14.65,89.5,0.0,12.7,29.0,3.17,0.0
20231216:1230,0.0,0.0,0.0,0.0,-0.52,27.99,2.62,0.0
20231216:1330,0.0,0.0,0.0,0.0,0.0,26.68,2.83,0.0
20231216:1430,0.0,0.0,0.0,0.0,0.0,25.7,3.45,0.0
20231216:1530,0.0,0.0,0.0,0.0,0.0,24.62,4.0,0.0
20231216:1630,0.0,0.0,0.0,0.0,0.0,23.8,3.72,0.0
20231216:1730,0.0,0.0,0.0,0.0,0.0,23.0,3.03,0.0
20231216:1830,0.0,0.0,0.0,0.0,0.0,22.62,2.76,0.0
20231216:1930,0.0,0.0,0.0,0.0,0.0,22.47,3.24,0.0
20231216:2030,0.0,0.0,0.0,0.0,0.0,22.15,3.03,0.0
20231216:2130,0.0,0.0,0.0,0.0,0.0,21.89,2.97,0.0
20231216:2230,0.0,0.0,0.0,0.0,0.0,21.72,2.97,0.0
20231216:2330,0.0,0.0,0.0,0.0,0.0,21.62,2.9,0.0
20231217:0030,0.0,0.0,0.0,0.0,0.0,21.36,2.83,0.0
20231217:0130,10.85,4.5,23.8,0.0,4.15,21.13,2.76,0.0
20231217:0230,101.73,32.55,112.55,0.0,17.19,21.23,2.83,0.0
20231217:0330,230.81,106.3,192.05,0.0,29.53,21.91,3.1,0.0
20231217:0430,321.35,148.7,258.7,0.0,40.61,23.04,3.93,0.0
20231217:0530,340.63,193.85,236.85,0.0,49.36,24.28,4.34,0.0
20231217:0630,358.89,146.65,310.2,0.0,54.02,25.07,4.55,0.0
20231217:0730,273.19,89.0,263.8,0.0,53.01,26.29,4.55,0.0
20231217:0830,271.97,93.75,258.1,0.0,46.72,26.41,4.34,0.0
20231217:0930,111.12,15.6,140.2,0.0,37.01,26.62,4.28,0.0
20231217:1030,62.22,2.85,92.3,0.0,25.41,26.12,3.93,0.0
20231217:1130,20.4,1.45,38.85,0.0,12.79,25.65,3.72,0.0
20231217:1230,0.0,0.0,0.0,0.0,-0.42,25.13,3.31,0.0
20231217:1330,0.0,0.0,0.0,0.0,0.0,24.62,3.03,0.0
20231217:1430,0.0,0.0,0.0,0.0,0.0,24.11,2.97,0.0
20231217:1530,0.0,0.0,0.0,0.0,0.0,23.82,3.17,0.0
20231217:1630,0.0,0.0,0.0,0.0,0.0,23.34,3.17,0.0
20231217:1730,0.0,0.0,0.0,0.0,0.0,22.95,3.24,0.0
20231217:1830,0.0,0.0,0.0,0.0,0.0,22.42,3.38,0.0
20231217:1930,0.0,0.0,0.0,0.0,0.0,22.42,3.52,0.0
20231217:2030,0.0,0.0,0.0,0.0,0.0,22.0,3.45,0.0
20231217:2130,0.0,0.0,0.0,0.0,0.0,21.67,3.1,0.0
20231217:2230,0.0,0.0,0.0,0.0,0.0,21.33,3.03,0.0
20231217:2330,0.0,0.0,0.0,0.0,0.0,21.15,3.17,0.0
20231218:0030,0.0,0.0,0.0,0.0,0.0,20.99,3.1,0.0
20231218:0130,2.33,0.0,11.2,0.0,4.04,20.84,2.97,0.0
20231218:0230,39.22,0.0,64.2,0.0,17.08,20.85,2.9,0.0
20231218:0330,84.25,2.0,118.15,0.0,29.42,21.12,3.52,0.0
20231218:0430,150.89,7.05,193.45,0.0,40.51,21.58,4.0,0.0
20231218:0530,185.5,11.3,231.35,0.0,49.27,22.34,4.28,0.0
20231218:0630,134.78,13.25,168.7,0.0,53.97,23.11,4.28,0.0
20231218:0730,117.88,0.0,161.95,0.0,53.0,22.62,3.17,0.0
20231218:0830,97.64,0.0,137.4,0.0,46.76,22.61,2.83,0.0
20231218:0930,132.87,10.9,169.15,0.0,37.07,22.58,2.62,0.0
20231218:1030,91.91,0.25,130.45,0.0,25.49,23.03,2.55,0.0
20231218:1130,29.36,0.1,51.8,0.0,12.87,23.26,2.34,0.0
20231218:1230,0.0,0.0,0.0,0.0,-0.33,23.14,2.34,0.0
20231218:1330,0.0,0.0,0.0,0.0,0.0,22.77,2.55,0.0
20231218:1430,0.0,0.0,0.0,0.0,0.0,22.44,2.76,0.0
20231218:1530,0.0,0.0,0.0,0.0,0.0,21.76,2.9,0.0
20231218:1630,0.0,0.0,0.0,0.0,0.0,21.13,2.9,0.0
20231218:1730,0.0,0.0,0.0,0.0,0.0,20.83,3.1,0.0
20231218:1830,0.0,0.0,0.0,0.0,0.0,20.6,3.24,0.0
20231218:1930,0.0,0.0,0.0,0.0,0.0,21.35,3.31,0.0
20231218:2030,0.0,0.0,0.0,0.0,0.0,21.08,3.31,0.0
20231218:2130,0.0,0.0,0.0,0.0,0.0,20.75,3.31,0.0
20231218:2230,0.0,0.0,0.0,0.0,0.0,20.54,3.03,0.0
20231218:2330,0.0,0.0,0.0,0.0,0.0,20.37,3.1,0.0
20231219:0030,0.0,0.0,0.0,0.0,0.0,20.21,2.83,0.0
20231219:0130,5.49,6.3,14.58,0.0,3.93,20.13,2.69,0.0
20231219:0230,92.24,43.5,90.8,0.0,16.97,20.06,2.83,0.0
20231219:0330,301.43,273.66,110.1,0.0,29.32,20.68,2.97,0.0
20231219:0430,473.72,432.71,164.05,0.0,40.41,22.19,3.24,0.0
20231219:0530,593.45,629.51,127.95,0.0,49.2,24.15,3.45,0.0
20231219:0630,627.78,676.21,134.25,0.0,53.93,25.91,3.59,0.0
20231219:0730,592.28,617.81,149.7,0.0,53.01,27.21,3.52,0.0
20231219:0830,505.56,479.71,173.0,0.0,46.8,28.52,4.07,0.0
20231219:0930,403.13,401.66,120.15,0.0,37.14,28.96,4.0,0.0
20231219:1030,258.37,251.91,95.45,0.0,25.57,28.92,3.93,0.0
20231219:1130,96.03,99.5,59.1,0.0,12.97,28.46,3.79,0.0
20231219:1230,0.0,0.0,0.0,0.0,-0.23,27.39,3.17,0.0
20231219:1330,0.0,0.0,0.0,0.0,0.0,25.76,2.97,0.0
20231219:1430,0.0,0.0,0.0,0.0,0.0,24.73,3.1,0.0
20231219:1530,0.0,0.0,0.0,0.0,0.0,23.73,3.17,0.0
20231219:1630,0.0,0.0,0.0,0.0,0.0,23.03,3.1,0.0
20231219:1730,0.0,0.0,0.0,0.0,0.0,22.38,3.03,0.0
20231219:1830,0.0,0.0,0.0,0.0,0.0,21.76,2.97,0.0
20231219:1930,0.0,0.0,0.0,0.0,0.0,21.78,2.83,0.0
20231219:2030,0.0,0.0,0.0,0.0,0.0,21.34,2.97,0.0
20231219:2130,0.0,0.0,0.0,0.0,0.0,20.81,3.03,0.0
20231219:2230,0.0,0.0,0.0,0.0,0.0,20.36,3.03,0.0
20231219:2330,0.0,0.0,0.0,0.0,0.0,19.92,2.97,0.0
20231220:0030,0.0,0.0,0.0,0.0,0.0,19.64,2.83,0.0
20231220:0130,9.54,14.6,18.07,0.0,3.82,19.46,2.69,0.0
20231220:0230,135.3,107.05,86.0,0.0,16.86,19.54,2.83,0.0
20231220:0330,323.29,296.11,114.45,0.0,29.22,20.7,3.31,0.0
20231220:0430,469.43,457.66,133.7,0.0,40.32,22.53,3.24,0.0
20231220:0530,553.0,530.06,175.5,0.0,49.12,24.44,3.38,0.0
20231220:0630,485.04,407.11,211.85,0.0,53.89,26.31,3.86,0.0
20231220:0730,314.17,94.25,313.55,0.0,53.02,27.6,4.07,0.0
20231220:0830,283.42,107.05,261.85,0.0,46.85,27.9,4.0,0.0
20231220:0930,188.16,33.4,218.8,0.0,37.22,28.15,4.07,0.0
20231220:1030,155.31,60.45,152.55,0.0,25.66,27.9,4.07,0.0
20231220:1130,50.55,28.15,58.1,0.0,13.06,27.48,3.86,0.0
20231220:1230,0.0,0.0,0.0,0.0,-0.13,26.74,3.38,0.0
20231220:1330,0.0,0.0,0.0,0.0,0.0,25.61,2.97,0.0
20231220:1430,0.0,0.0,0.0,0.0,0.0,24.58,2.76,0.0
20231220:1530,0.0,0.0,0.0,0.0,0.0,23.69,2.55,0.0
20231220:1630,0.0,0.0,0.0,0.0,0.0,23.17,2.48,0.0
20231220:1730,0.0,0.0,0.0,0.0,0.0,22.63,2.55,0.0
20231220:1830,0.0,0.0,0.0,0.0,0.0,22.14,2.48,0.0
20231220:1930,0.0,0.0,0.0,0.0,0.0,21.38,2.07,0.0
20231220:2030,0.0,0.0,0.0,0.0,0.0,20.81,2.0,0.0
20231220:2130,0.0,0.0,0.0,0.0,0.0,20.33,2.07,0.0
20231220:2230,0.0,0.0,0.0,0.0,0.0,19.96,2.21,0.0
20231220:2330,0.0,0.0,0.0,0.0,0.0,19.62,2.28,0.0
20231221:0030,0.0,0.0,0.0,0.0,0.0,19.25,2.21,0.0
20231221:0130,9.59,19.2,16.59,0.0,3.71,18.96,2.07,0.0
20231221:0230,143.98,123.8,82.1,0.0,16.76,19.43,2.0,0.0
20231221:0330,304.78,272.76,117.65,0.0,29.12,21.19,2.34,0.0
20231221:0430,459.02,448.11,136.35,0.0,40.23,23.26,2.34,0.0
20231221:0530,529.07,496.46,187.55,0.0,49.06,25.35,2.34,0.0
20231221:0630,457.85,363.0,228.65,0.0,53.87,27.34,2.83,0.0
20231221:0730,448.64,385.75,190.55,0.0,53.04,28.06,3.72,0.0
20231221:0830,452.5,396.06,188.5,0.0,46.91,28.54,3.59,0.0
20231221:0930,330.74,310.0,119.6,0.0,37.29,28.99,3.38,0.0
20231221:1030,205.78,185.55,94.35,0.0,25.75,28.95,3.31,0.0
20231221:1130,85.57,85.45,56.95,0.0,13.16,28.6,3.24,0.0
20231221:1230,0.0,0.0,0.0,0.0,-0.02,27.73,2.83,0.0
20231221:1330,0.0,0.0,0.0,0.0,0.0,26.36,2.62,0.0
20231221:1430,0.0,0.0,0.0,0.0,0.0,25.34,2.83,0.0
20231221:1530,0.0,0.0,0.0,0.0,0.0,24.22,2.69,0.0
20231221:1630,0.0,0.0,0.0,0.0,0.0,23.43,2.41,0.0
20231221:1730,0.0,0.0,0.0,0.0,0.0,22.51,2.28,0.0
20231221:1830,0.0,0.0,0.0,0.0,0.0,21.88,2.14,0.0
20231221:1930,0.0,0.0,0.0,0.0,0.0,21.33,2.0,0.0
20231221:2030,0.0,0.0,0.0,0.0,0.0,20.66,1.59,0.0
20231221:2130,0.0,0.0,0.0,0.0,0.0,19.8,1.24,0.0
20231221:2230,0.0,0.0,0.0,0.0,0.0,19.01,1.38,0.0
20231221:2330,0.0,0.0,0.0,0.0,0.0,18.66,1.59,0.0
20231222:0030,0.0,0.0,0.0,0.0,0.0,18.48,1.66,0.0
20231222:0130,11.67,8.25,23.68,0.0,3.61,18.49,1.66,0.0
20231222:0230,120.54,66.1,105.2,0.0,16.66,19.35,1.45,0.0
20231222:0330,252.91,148.45,178.15,0.0,29.02,21.68,2.28,0.0
20231222:0430,430.27,316.35,234.15,0.0,40.15,23.01,2.0,0.0
20231222:0530,498.24,368.15,281.7,0.0,49.0,25.18,1.66,0.0
20231222:0630,520.36,438.91,243.6,0.0,53.85,26.7,1.79,0.0
20231222:0730,586.84,588.61,184.75,0.0,53.07,27.63,2.34,0.0
20231222:0830,562.62,619.56,124.4,0.0,46.97,28.7,2.21,0.0
20231222:0930,441.77,457.91,124.85,0.0,37.38,29.32,2.07,0.0
20231222:1030,283.58,283.46,100.85,0.0,25.85,29.56,2.07,0.0
20231222:1130,102.82,103.0,64.95,0.0,13.26,29.29,2.14,0.0
20231222:1230,2.1,0.0,11.0,0.0,0.08,28.34,1.79,0.0
20231222:1330,0.0,0.0,0.0,0.0,0.0,26.62,1.93,0.0
20231222:1430,0.0,0.0,0.0,0.0,0.0,25.21,1.93,0.0
20231222:1530,0.0,0.0,0.0,0.0,0.0,23.84,1.86,0.0
20231222:1630,0.0,0.0,0.0,0.0,0.0,22.73,1.79,0.0
20231222:1730,0.0,0.0,0.0,0.0,0.0,22.18,2.0,0.0
20231222:1830,0.0,0.0,0.0,0.0,0.0,22.05,2.28,0.0
20231222:1930,0.0,0.0,0.0,0.0,0.0,22.08,2.83,0.0
20231222:2030,0.0,0.0,0.0,0.0,0.0,21.74,2.69,0.0
20231222:2130,0.0,0.0,0.0,0.0,0.0,21.17,2.41,0.0
20231222:2230,0.0,0.0,0.0,0.0,0.0,20.52,2.28,0.0
20231222:2330,0.0,0.0,0.0,0.0,0.0,19.85,2.28,0.0
20231223:0030,0.0,0.0,0.0,0.0,0.0,19.32,2.28,0.0
20231223:0130,11.37,12.95,21.72,0.0,3.5,18.8,2.14,0.0
20231223:0230,151.07,112.25,101.0,0.0,16.56,19.04,1.79,0.0
20231223:0330,339.87,303.76,131.7,0.0,28.93,21.03,2.14,0.0
20231223:0430,486.21,448.91,174.35,0.0,40.08,23.26,2.14,0.0
20231223:0530,571.38,542.86,204.5,0.0,48.95,25.23,1.93,0.0
20231223:0630,588.62,529.16,251.5,0.0,53.84,26.91,1.86,0.0
20231223:0730,594.4,588.41,197.65,0.0,53.1,28.26,2.48,0.0
20231223:0830,578.43,641.16,124.25,0.0,47.04,29.34,2.62,0.0
20231223:0930,457.65,468.86,134.8,0.0,37.46,30.09,2.69,0.0
20231223:1030,296.2,292.16,108.5,0.0,25.94,30.26,2.76,0.0
20231223:1130,108.96,111.25,65.85,0.0,13.36,29.78,2.83,0.0
20231223:1230,2.01,0.0,10.8,0.0,0.19,28.34,2.48,0.0
20231223:1330,0.0,0.0,0.0,0.0,0.0,26.14,2.62,0.0
20231223:1430,0.0,0.0,0.0,0.0,0.0,24.45,2.97,0.0
20231223:1530,0.0,0.0,0.0,0.0,0.0,23.26,3.03,0.0
20231223:1630,0.0,0.0,0.0,0.0,0.0,22.3,2.83,0.0
20231223:1730,0.0,0.0,0.0,0.0,0.0,21.3,2.55,0.0
20231223:1830,0.0,0.0,0.0,0.0,0.0,20.25,2.34,0.0
20231223:1930,0.0,0.0,0.0,0.0,0.0,19.37,2.14,0.0
20231223:2030,0.0,0.0,0.0,0.0,0.0,18.57,2.34,0.0
20231223:2130,0.0,0.0,0.0,0.0,0.0,17.94,2.34,0.0
20231223:2230,0.0,0.0,0.0,0.0,0.0,17.37,2.34,0.0
20231223:2330,0.0,0.0,0.0,0.0,0.0,16.8,2.21,0.0
20231224:0030,0.0,0.0,0.0,0.0,0.0,16.19,2.0,0.0
20231224:0130,8.97,23.8,14.29,0.0,3.4,15.5,1.93,0.0
20231224:0230,172.39,171.4,71.7,0.0,16.47,15.61,1.52,0.0
20231224:0330,368.62,369.86,99.85,0.0,28.85,19.32,1.86,0.0
20231224:0430,518.14,543.81,117.25,0.0,40.01,22.1,2.14,0.0
20231224:0530,609.54,659.76,131.5,0.0,48.91,24.72,2.48,0.0
20231224:0630,653.17,735.71,121.25,0.0,53.83,26.88,2.97,0.0
20231224:0730,630.63,703.36,127.3,0.0,53.14,28.35,3.03,0.0
20231224:0830,569.36,627.06,120.0,0.0,47.11,29.38,3.24,0.0
20231224:0930,441.62,453.86,123.6,0.0,37.56,29.97,3.45,0.0
20231224:1030,285.43,281.66,102.65,0.0,26.05,30.05,3.59,0.0
20231224:1130,95.83,94.4,62.5,0.0,13.47,29.81,3.86,0.0
20231224:1230,1.32,0.0,9.3,0.0,0.29,28.91,3.45,0.0
20231224:1330,0.0,0.0,0.0,0.0,0.0,27.7,3.03,0.0
20231224:1430,0.0,0.0,0.0,0.0,0.0,26.81,3.1,0.0
20231224:1530,0.0,0.0,0.0,0.0,0.0,25.84,3.31,0.0
20231224:1630,0.0,0.0,0.0,0.0,0.0,24.72,3.45,0.0
20231224:1730,0.0,0.0,0.0,0.0,0.0,23.71,3.24,0.0
20231224:1830,0.0,0.0,0.0,0.0,0.0,22.84,2.83,0.0
20231224:1930,0.0,0.0,0.0,0.0,0.0,22.32,2.48,0.0
20231224:2030,0.0,0.0,0.0,0.0,0.0,21.9,2.21,0.0
20231224:2130,0.0,0.0,0.0,0.0,0.0,21.43,2.07,0.0
20231224:2230,0.0,0.0,0.0,0.0,0.0,21.07,2.21,0.0
20231224:2330,0.0,0.0,0.0,0.0,0.0,20.59,2.34,0.0
20231225:0030,0.0,0.0,0.0,0.0,0.0,20.48,2.41,0.0
20231225:0130,7.84,14.35,16.15,0.0,3.3,20.26,2.28,0.0
20231225:0230,134.31,113.3,81.35,0.0,16.38,20.57,2.21,0.0
20231225:0330,289.87,234.25,138.45,0.0,28.77,22.28,3.03,0.0
20231225:0430,368.98,261.3,204.55,0.0,39.94,24.42,4.9,0.0
20231225:0530,330.07,110.7,311.3,0.0,48.87,25.95,5.59,0.0
20231225:0630,537.89,432.51,251.3,0.0,53.83,26.66,5.66,0.0
20231225:0730,538.45,488.81,203.25,0.0,53.19,28.47,4.97,0.0
20231225:0830,522.8,487.46,188.35,0.0,47.19,29.29,4.76,0.0
20231225:0930,397.74,369.71,145.6,0.0,37.65,29.79,4.69,0.0
20231225:1030,260.95,223.0,126.8,0.0,26.15,29.71,4.62,0.0
20231225:1130,106.66,107.55,64.55,0.0,13.58,29.13,4.41,0.0
20231225:1230,1.31,0.0,9.25,0.0,0.4,28.13,3.79,0.0
20231225:1330,0.0,0.0,0.0,0.0,0.0,26.54,3.1,0.0
20231225:1430,0.0,0.0,0.0,0.0,0.0,25.4,2.83,0.0
20231225:1530,0.0,0.0,0.0,0.0,0.0,24.56,2.62,0.0
20231225:1630,0.0,0.0,0.0,0.0,0.0,23.72,2.62,0.0
20231225:1730,0.0,0.0,0.0,0.0,0.0,22.92,2.69,0.0
20231225:1830,0.0,0.0,0.0,0.0,0.0,22.14,2.62,0.0
20231225:1930,0.0,0.0,0.0,0.0,0.0,21.35,2.48,0.0
20231225:2030,0.0,0.0,0.0,0.0,0.0,20.75,2.41,0.0
20231225:2130,0.0,0.0,0.0,0.0,0.0,20.17,2.21,0.0
20231225:2230,0.0,0.0,0.0,0.0,0.0,19.71,2.14,0.0
20231225:2330,0.0,0.0,0.0,0.0,0.0,19.48,2.14,0.0
20231226:0030,0.0,0.0,0.0,0.0,0.0,19.5,2.41,0.0
20231226:0130,5.11,2.95,15.31,0.0,3.21,19.37,2.14,0.0
20231226:0230,92.09,27.5,105.0,0.0,16.29,19.49,2.07,0.0
20231226:0330,229.87,106.2,189.85,0.0,28.69,20.08,2.28,0.0
20231226:0430,497.18,491.81,136.05,0.0,39.88,21.38,2.62,0.0
20231226:0530,624.13,684.96,119.25,0.0,48.84,24.14,2.97,0.0
20231226:0630,668.72,750.86,122.2,0.0,53.85,26.75,3.52,0.0
20231226:0730,663.16,745.56,120.1,0.0,53.25,28.35,4.28,0.0
20231226:0830,601.04,668.41,113.85,0.0,47.28,29.53,4.62,0.0
20231226:0930,484.65,526.41,103.75,0.0,37.76,30.09,4.69,0.0
20231226:1030,317.33,337.16,87.25,0.0,26.26,30.13,4.76,0.0
20231226:1130,118.95,133.3,58.8,0.0,13.69,29.59,4.62,0.0
20231226:1230,1.69,0.0,10.1,0.0,0.51,28.28,3.86,0.0
20231226:1330,0.0,0.0,0.0,0.0,0.0,26.19,3.31,0.0
20231226:1430,0.0,0.0,0.0,0.0,0.0,24.59,3.17,0.0
20231226:1530,0.0,0.0,0.0,0.0,0.0,23.34,3.03,0.0
20231226:1630,0.0,0.0,0.0,0.0,0.0,22.27,2.97,0.0
20231226:1730,0.0,0.0,0.0,0.0,0.0,21.33,2.97,0.0
20231226:1830,0.0,0.0,0.0,0.0,0.0,20.42,2.9,0.0
20231226:1930,0.0,0.0,0.0,0.0,0.0,19.79,2.55,0.0
20231226:2030,0.0,0.0,0.0,0.0,0.0,19.01,2.55,0.0
20231226:2130,0.0,0.0,0.0,0.0,0.0,18.29,2.55,0.0
20231226:2230,0.0,0.0,0.0,0.0,0.0,17.63,2.55,0.0
20231226:2330,0.0,0.0,0.0,0.0,0.0,17.06,2.55,0.0
20231227:0030,0.0,0.0,0.0,0.0,0.0,16.53,2.48,0.0
20231227:0130,7.87,21.05,14.04,0.0,3.11,16.04,2.48,0.0
20231227:0230,168.32,169.15,70.05,0.0,16.2,16.52,2.21,0.0
20231227:0330,373.6,377.21,94.55,0.0,28.61,18.83,2.97,0.0
20231227:0430,530.92,559.56,109.15,0.0,39.82,21.5,3.24,0.0
20231227:0530,630.45,690.81,118.0,0.0,48.81,24.18,3.45,0.0
20231227:0630,673.51,754.96,121.7,0.0,53.86,26.64,3.79,0.0
20231227:0730,664.95,749.96,119.55,0.0,53.31,28.37,4.14,0.0
20231227:0830,601.64,671.86,113.8,0.0,47.37,29.6,4.28,0.0
20231227:0930,484.77,528.66,103.55,0.0,37.86,30.27,4.34,0.0
20231227:1030,317.14,337.61,87.25,0.0,26.37,30.36,4.48,0.0
20231227:1130,119.19,133.35,59.0,0.0,13.8,29.94,4.41,0.0
20231227:1230,1.8,0.0,10.35,0.0,0.63,28.67,3.79,0.0
20231227:1330,0.0,0.0,0.0,0.0,0.0,26.61,3.38,0.0
20231227:1430,0.0,0.0,0.0,0.0,0.0,25.11,3.24,0.0
20231227:1530,0.0,0.0,0.0,0.0,0.0,23.95,3.17,0.0
20231227:1630,0.0,0.0,0.0,0.0,0.0,23.05,3.24,0.0
20231227:1730,0.0,0.0,0.0,0.0,0.0,22.24,3.24,0.0
20231227:1830,0.0,0.0,0.0,0.0,0.0,21.41,3.17,0.0
20231227:1930,0.0,0.0,0.0,0.0,0.0,20.66,2.83,0.0
20231227:2030,0.0,0.0,0.0,0.0,0.0,19.93,2.83,0.0
20231227:2130,0.0,0.0,0.0,0.0,0.0,19.39,2.83,0.0
20231227:2230,0.0,0.0,0.0,0.0,0.0,18.73,2.76,0.0
20231227:2330,0.0,0.0,0.0,0.0,0.0,18.16,2.55,0.0
20231228:0030,0.0,0.0,0.0,0.0,0.0,17.92,2.28,0.0
20231228:0130,6.87,13.65,14.95,0.0,3.02,17.61,2.14,0.0
20231228:0230,116.7,86.4,82.5,0.0,16.12,18.19,2.07,0.0
20231228:0330,301.12,261.4,122.8,0.0,28.54,20.18,2.55,0.0
20231228:0430,420.98,334.2,197.95,0.0,39.77,22.79,3.1,0.0
20231228:0530,475.35,323.5,277.45,0.0,48.79,24.89,5.03,0.0
20231228:0630,489.82,317.95,307.3,0.0,53.89,26.61,5.03,0.0
20231228:0730,578.74,553.91,189.3,0.0,53.38,27.66,4.9,0.0
20231228:0830,584.62,624.41,131.55,0.0,47.47,28.75,4.76,0.0
20231228:0930,448.44,446.86,133.8,0.0,37.97,29.47,4.62,0.0
20231228:1030,285.83,245.75,135.65,0.0,26.49,29.52,4.41,0.0
20231228:1130,110.74,98.65,76.05,0.0,13.92,29.04,4.28,0.0
20231228:1230,3.18,0.0,13.15,0.0,0.74,28.04,3.72,0.0
20231228:1330,0.0,0.0,0.0,0.0,0.0,26.41,3.17,0.0
20231228:1430,0.0,0.0,0.0,0.0,0.0,25.3,2.9,0.0
20231228:1530,0.0,0.0,0.0,0.0,0.0,24.13,2.83,0.0
20231228:1630,0.0,0.0,0.0,0.0,0.0,23.17,2.76,0.0
20231228:1730,0.0,0.0,0.0,0.0,0.0,22.6,2.69,0.0
20231228:1830,0.0,0.0,0.0,0.0,0.0,21.76,2.62,0.0
20231228:1930,0.0,0.0,0.0,0.0,0.0,21.04,2.28,0.0
20231228:2030,0.0,0.0,0.0,0.0,0.0,20.43,2.34,0.0
20231228:2130,0.0,0.0,0.0,0.0,0.0,20.01,2.28,0.0
20231228:2230,0.0,0.0,0.0,0.0,0.0,19.51,2.28,0.0
20231228:2330,0.0,0.0,0.0,0.0,0.0,19.1,2.34,0.0
20231229:0030,0.0,0.0,0.0,0.0,0.0,18.78,2.28,0.0
20231229:0130,8.17,8.5,18.71,0.0,2.93,18.59,2.21,0.0
20231229:0230,126.48,105.35,78.45,0.0,16.04,19.0,2.0,0.0
20231229:0330,311.76,280.61,118.35,0.0,28.48,21.1,2.76,0.0
20231229:0430,433.23,367.91,177.0,0.0,39.73,23.61,4.48,0.0
20231229:0530,523.05,458.76,204.95,0.0,48.78,25.64,4.76,0.0
20231229:0630,381.79,123.5,369.1,0.0,53.92,27.37,4.69,0.0
20231229:0730,413.41,217.3,314.0,0.0,53.46,28.08,5.1,0.0
20231229:0830,419.33,310.15,227.95,0.0,47.58,28.51,4.9,0.0
20231229:0930,352.54,301.2,153.65,0.0,38.09,28.79,4.62,0.0
20231229:1030,235.19,213.1,101.9,0.0,26.6,28.71,4.48,0.0
20231229:1130,103.7,100.05,65.35,0.0,14.04,28.33,4.28,0.0
20231229:1230,1.61,0.0,9.9,0.0,0.86,27.53,3.86,0.0
20231229:1330,0.0,0.0,0.0,0.0,0.0,26.31,3.45,0.0
20231229:1430,0.0,0.0,0.0,0.0,0.0,25.19,3.38,0.0
20231229:1530,0.0,0.0,0.0,0.0,0.0,24.14,3.17,0.0
20231229:1630,0.0,0.0,0.0,0.0,0.0,23.31,3.1,0.0
20231229:1730,0.0,0.0,0.0,0.0,0.0,22.69,3.03,0.0
20231229:1830,0.0,0.0,0.0,0.0,0.0,21.96,2.83,0.0
20231229:1930,0.0,0.0,0.0,0.0,0.0,21.0,2.62,0.0
20231229:2030,0.0,0.0,0.0,0.0,0.0,20.51,2.62,0.0
20231229:2130,0.0,0.0,0.0,0.0,0.0,19.96,2.55,0.0
20231229:2230,0.0,0.0,0.0,0.0,0.0,19.66,2.62,0.0
20231229:2330,0.0,0.0,0.0,0.0,0.0,19.21,2.55,0.0
20231230:0030,0.0,0.0,0.0,0.0,0.0,19.04,2.48,0.0
20231230:0130,4.56,4.25,14.04,0.0,2.85,18.98,2.41,0.0
20231230:0230,113.74,93.85,73.4,0.0,15.96,19.47,2.69,0.0
20231230:0330,245.85,156.35,159.4,0.0,28.42,20.77,3.17,0.0
20231230:0430,473.94,416.61,182.55,0.0,39.69,22.36,3.1,0.0
20231230:0530,596.06,636.51,132.8,0.0,48.77,24.67,2.76,0.0
20231230:0630,649.99,727.06,126.35,0.0,53.96,26.58,2.76,0.0
20231230:0730,643.22,726.71,123.05,0.0,53.55,28.07,2.83,0.0
20231230:0830,579.49,644.06,120.2,0.0,47.69,29.26,2.83,0.0
20231230:0930,465.2,503.36,107.8,0.0,38.21,29.95,2.9,0.0
20231230:1030,301.03,298.06,106.8,0.0,26.73,30.13,3.03,0.0
20231230:1130,118.34,128.2,61.35,0.0,14.16,29.81,3.1,0.0
20231230:1230,2.21,0.0,11.25,0.0,0.97,28.88,2.9,0.0
20231230:1330,0.0,0.0,0.0,0.0,0.0,27.21,2.69,0.0
20231230:1430,0.0,0.0,0.0,0.0,0.0,25.78,2.9,0.0
20231230:1530,0.0,0.0,0.0,0.0,0.0,24.72,3.03,0.0
20231230:1630,0.0,0.0,0.0,0.0,0.0,23.86,3.1,0.0
20231230:1730,0.0,0.0,0.0,0.0,0.0,23.05,3.1,0.0
20231230:1830,0.0,0.0,0.0,0.0,0.0,22.27,3.1,0.0
20231230:1930,0.0,0.0,0.0,0.0,0.0,21.36,2.41,0.0
20231230:2030,0.0,0.0,0.0,0.0,0.0,20.64,2.41,0.0
20231230:2130,0.0,0.0,0.0,0.0,0.0,20.01,2.48,0.0
20231230:2230,0.0,0.0,0.0,0.0,0.0,19.44,2.48,0.0
20231230:2330,0.0,0.0,0.0,0.0,0.0,19.3,2.34,0.0
20231231:0030,0.0,0.0,0.0,0.0,0.0,18.72,2.41,0.0
20231231:0130,7.09,12.4,15.99,0.0,2.76,18.23,2.41,0.0
20231231:0230,145.03,128.25,80.55,0.0,15.89,18.5,2.28,0.0
20231231:0330,342.31,313.01,121.7,0.0,28.36,20.16,3.24,0.0
20231231:0430,500.97,518.56,117.05,0.0,39.65,22.58,2.76,0.0
20231231:0530,614.67,674.66,121.0,0.0,48.77,24.93,2.83,0.0
20231231:0630,653.75,734.01,124.9,0.0,54.01,27.09,2.97,0.0
20231231:0730,647.14,727.61,123.7,0.0,53.64,28.14,3.24,0.0
20231231:0830,586.39,651.46,117.55,0.0,47.8,29.33,3.45,0.0
20231231:0930,473.27,511.06,107.25,0.0,38.33,30.06,3.72,0.0
20231231:1030,311.03,327.56,89.1,0.0,26.85,30.23,3.86,0.0
20231231:1130,121.42,132.65,60.85,0.0,14.28,29.74,3.86,0.0
20231231:1230,2.29,0.0,11.4,0.0,1.09,28.56,3.38,0.0
20231231:1330,0.0,0.0,0.0,0.0,0.0,26.69,3.1,0.0
20231231:1430,0.0,0.0,0.0,0.0,0.0,25.34,3.03,0.0
20231231:1530,0.0,0.0,0.0,0.0,0.0,24.22,2.83,0.0
20231231:1630,0.0,0.0,0.0,0.0,0.0,23.32,2.69,0.0
20231231:1730,0.0,0.0,0.0,0.0,0.0,22.6,2.69,0.0
20231231:1830,0.0,0.0,0.0,0.0,0.0,21.89,2.69,0.0
20231231:1930,0.0,0.0,0.0,0.0,0.0,21.13,1.93,0.0
20231231:2030,0.0,0.0,0.0,0.0,0.0,20.41,1.79,0.0
20231231:2130,0.0,0.0,0.0,0.0,0.0,19.77,1.93,0.0
20231231:2230,0.0,0.0,0.0,0.0,0.0,19.6,2.07,0.0
20231231:2330,0.0,0.0,0.0,0.0,0.0,19.11,2.14,0.0

P: PV system power (W)
Gb(i): Beam (direct) irradiance on the inclined plane (plane of the array) (W/m2)
Gd(i): Diffuse irradiance on the inclined plane (plane of the array) (W/m2)
Gr(i): Reflected irradiance on the inclined plane (plane of the array) (W/m2)
H_sun: Sun height (degree)
T2m: 2-m air temperature (degree Celsius)
WS10m: 10-m total wind speed (m/s)
Int: 1 means solar radiation values are reconstructed



PVGIS (c) European Union, 2001-2026